#pragma once
#include <stdint.h>
// Njörðr logo 176x176 RGB565 (PROGMEM)
static constexpr int LOGO_W = 176;
static constexpr int LOGO_H = 176;
static const uint16_t LOGO_RGB565[30976] PROGMEM = {
  0x0043, 0x0043, 0x0063, 0x0063, 0x0063, 0x0063, 0x0063, 0x0063, 0x0063, 0x0063, 0x0063, 0x0063,
  0x0063, 0x0063, 0x0063, 0x0063, 0x0063, 0x0063, 0x0063, 0x0063, 0x0063, 0x0063, 0x0063, 0x0063,
  0x0063, 0x0063, 0x0063, 0x0063, 0x0063, 0x0063, 0x0063, 0x0063, 0x0063, 0x0063, 0x0063, 0x0063,
  0x0063, 0x0063, 0x0063, 0x0063, 0x0063, 0x0063, 0x0063, 0x0063, 0x0063, 0x0063, 0x0063, 0x0063,
  0x0063, 0x0063, 0x0063, 0x0063, 0x0063, 0x0063, 0x0063, 0x0063, 0x0063, 0x0063, 0x0063, 0x0063,
  0x0063, 0x0063, 0x0063, 0x0063, 0x0063, 0x0063, 0x0063, 0x0063, 0x0063, 0x0063, 0x0063, 0x0063,
  0x0063, 0x0063, 0x0063, 0x0063, 0x0063, 0x0063, 0x0063, 0x0063, 0x0063, 0x0063, 0x0063, 0x0063,
  0x0063, 0x0063, 0x0063, 0x0063, 0x0063, 0x0063, 0x0063, 0x0063, 0x0063, 0x0063, 0x0063, 0x0063,
  0x0063, 0x0063, 0x0063, 0x0063, 0x0063, 0x0063, 0x0063, 0x0063, 0x0063, 0x0063, 0x0063, 0x0063,
  0x0063, 0x0063, 0x0063, 0x0063, 0x0063, 0x0063, 0x0063, 0x0063, 0x0063, 0x0063, 0x0063, 0x0063,
  0x0063, 0x0063, 0x0063, 0x0063, 0x0063, 0x0063, 0x0063, 0x0063, 0x0063, 0x0063, 0x0063, 0x0063,
  0x0063, 0x0063, 0x0063, 0x0063, 0x0063, 0x0063, 0x0063, 0x0063, 0x0063, 0x0063, 0x0063, 0x0063,
  0x0063, 0x0063, 0x0063, 0x0063, 0x0063, 0x0063, 0x0063, 0x0063, 0x0063, 0x0063, 0x0063, 0x0063,
  0x0063, 0x0063, 0x0063, 0x0063, 0x0063, 0x0063, 0x0063, 0x0063, 0x0063, 0x0063, 0x0063, 0x0063,
  0x0063, 0x0063, 0x0063, 0x0063, 0x0063, 0x0063, 0x0043, 0x0043, 0x0043, 0x0043, 0x0043, 0x0063,
  0x0063, 0x0063, 0x0063, 0x0063, 0x0063, 0x0063, 0x0063, 0x0063, 0x0063, 0x0063, 0x0063, 0x0063,
  0x0063, 0x0063, 0x0063, 0x0063, 0x0063, 0x0063, 0x0063, 0x0063, 0x0063, 0x0063, 0x0063, 0x0063,
  0x0063, 0x0063, 0x0063, 0x0063, 0x0063, 0x0063, 0x0063, 0x0063, 0x0063, 0x0063, 0x0063, 0x0063,
  0x0063, 0x0063, 0x0063, 0x0063, 0x0063, 0x0063, 0x0063, 0x0063, 0x0063, 0x0063, 0x0063, 0x0063,
  0x0063, 0x0063, 0x0063, 0x0063, 0x0063, 0x0063, 0x0063, 0x0063, 0x0063, 0x0063, 0x0063, 0x0063,
  0x0063, 0x0063, 0x0063, 0x0063, 0x0063, 0x0063, 0x0063, 0x0063, 0x0063, 0x0063, 0x0063, 0x0063,
  0x0063, 0x0063, 0x0063, 0x0063, 0x0063, 0x0063, 0x0063, 0x0063, 0x0063, 0x0063, 0x0063, 0x0063,
  0x0063, 0x0063, 0x0063, 0x0063, 0x0063, 0x0063, 0x0063, 0x0063, 0x0063, 0x0063, 0x0063, 0x0063,
  0x0063, 0x0063, 0x0063, 0x0063, 0x0063, 0x0063, 0x0063, 0x0063, 0x0063, 0x0063, 0x0063, 0x0063,
  0x0063, 0x0063, 0x0063, 0x0063, 0x0063, 0x0063, 0x0063, 0x0063, 0x0063, 0x0063, 0x0063, 0x0063,
  0x0063, 0x0063, 0x0063, 0x0063, 0x0063, 0x0063, 0x0063, 0x0063, 0x0063, 0x0063, 0x0063, 0x0063,
  0x0063, 0x0063, 0x0063, 0x0063, 0x0063, 0x0063, 0x0063, 0x0063, 0x0063, 0x0063, 0x0063, 0x0063,
  0x0063, 0x0063, 0x0063, 0x0063, 0x0063, 0x0063, 0x0063, 0x0063, 0x0063, 0x0063, 0x0063, 0x0063,
  0x0063, 0x0063, 0x0063, 0x0063, 0x0063, 0x0063, 0x0063, 0x0063, 0x0063, 0x0063, 0x0063, 0x0063,
  0x0063, 0x0063, 0x0063, 0x0043, 0x0043, 0x0043, 0x0043, 0x0063, 0x0063, 0x0063, 0x0063, 0x0063,
  0x0063, 0x0063, 0x0063, 0x0063, 0x0063, 0x0063, 0x0063, 0x0063, 0x0063, 0x0063, 0x0063, 0x0063,
  0x0063, 0x0063, 0x0063, 0x0063, 0x0063, 0x0063, 0x0063, 0x0063, 0x0063, 0x0063, 0x0063, 0x0063,
  0x0063, 0x0063, 0x0063, 0x0063, 0x0063, 0x0063, 0x0063, 0x0063, 0x0063, 0x0063, 0x0063, 0x0063,
  0x0063, 0x0063, 0x0063, 0x0063, 0x0063, 0x0063, 0x0063, 0x0063, 0x0063, 0x0063, 0x0063, 0x0063,
  0x0063, 0x0063, 0x0063, 0x0063, 0x0063, 0x0063, 0x0063, 0x0063, 0x0063, 0x0063, 0x0063, 0x0063,
  0x0063, 0x0063, 0x0063, 0x0063, 0x0063, 0x0063, 0x0063, 0x0063, 0x0063, 0x0063, 0x0063, 0x0063,
  0x0063, 0x0063, 0x0063, 0x0063, 0x0043, 0x0063, 0x0063, 0x0063, 0x0063, 0x0063, 0x0063, 0x0063,
  0x0063, 0x0063, 0x0063, 0x0063, 0x0063, 0x0063, 0x0063, 0x0063, 0x0063, 0x0063, 0x0063, 0x0063,
  0x0063, 0x0063, 0x0063, 0x0063, 0x0063, 0x0063, 0x0063, 0x0063, 0x0063, 0x0063, 0x0063, 0x0063,
  0x0063, 0x0063, 0x0063, 0x0063, 0x0063, 0x0063, 0x0063, 0x0063, 0x0063, 0x0063, 0x0063, 0x0063,
  0x0063, 0x0063, 0x0063, 0x0063, 0x0063, 0x0063, 0x0063, 0x0063, 0x0063, 0x0063, 0x0063, 0x0063,
  0x0063, 0x0063, 0x0063, 0x0063, 0x0063, 0x0063, 0x0063, 0x0063, 0x0063, 0x0063, 0x0063, 0x0063,
  0x0063, 0x0063, 0x0063, 0x0063, 0x0063, 0x0063, 0x0063, 0x0063, 0x0063, 0x0063, 0x0063, 0x0063,
  0x0063, 0x0063, 0x0063, 0x0063, 0x0063, 0x0063, 0x0063, 0x0063, 0x0063, 0x0063, 0x0043, 0x0063,
  0x0043, 0x0063, 0x0063, 0x0063, 0x0063, 0x0063, 0x0063, 0x0063, 0x0063, 0x0063, 0x0063, 0x0063,
  0x0063, 0x0063, 0x0063, 0x0063, 0x0063, 0x0063, 0x0063, 0x0063, 0x0063, 0x0063, 0x0063, 0x0063,
  0x0063, 0x0063, 0x0063, 0x0063, 0x0063, 0x0063, 0x0063, 0x0063, 0x0063, 0x0063, 0x0063, 0x0063,
  0x0043, 0x0063, 0x0043, 0x0063, 0x0063, 0x0063, 0x0063, 0x0063, 0x0063, 0x0063, 0x0063, 0x0063,
  0x0063, 0x0063, 0x0063, 0x0063, 0x0063, 0x0063, 0x0063, 0x0063, 0x0063, 0x0063, 0x0063, 0x0063,
  0x0063, 0x0063, 0x0063, 0x0063, 0x0063, 0x0063, 0x0063, 0x0063, 0x0063, 0x0063, 0x0063, 0x0063,
  0x0063, 0x0063, 0x0063, 0x0063, 0x0063, 0x0063, 0x0063, 0x0063, 0x0063, 0x0063, 0x0063, 0x0063,
  0x0063, 0x0063, 0x0063, 0x0063, 0x0043, 0x0063, 0x0063, 0x0063, 0x0063, 0x0063, 0x0063, 0x0063,
  0x0063, 0x0063, 0x0063, 0x0063, 0x0063, 0x0063, 0x0063, 0x0063, 0x0063, 0x0063, 0x0063, 0x0063,
  0x0063, 0x0063, 0x0063, 0x0063, 0x0063, 0x0043, 0x0063, 0x0063, 0x0063, 0x0063, 0x0063, 0x0063,
  0x0063, 0x0063, 0x0063, 0x0063, 0x0063, 0x0063, 0x0063, 0x0063, 0x0063, 0x0063, 0x0063, 0x0063,
  0x0063, 0x0063, 0x0063, 0x0063, 0x0063, 0x0063, 0x0063, 0x0063, 0x0063, 0x0063, 0x0063, 0x0063,
  0x0063, 0x0063, 0x0063, 0x0063, 0x0063, 0x0063, 0x0063, 0x0063, 0x0063, 0x0063, 0x0063, 0x0063,
  0x0063, 0x0063, 0x0063, 0x0063, 0x0063, 0x0063, 0x0063, 0x0063, 0x0063, 0x0063, 0x0063, 0x0063,
  0x0063, 0x0063, 0x0063, 0x0063, 0x0063, 0x0063, 0x0063, 0x0063, 0x0043, 0x0063, 0x0063, 0x0063,
  0x0063, 0x0063, 0x0063, 0x0063, 0x0063, 0x0063, 0x0063, 0x0063, 0x0063, 0x0063, 0x0063, 0x0063,
  0x0063, 0x0063, 0x0063, 0x0063, 0x0063, 0x0063, 0x0063, 0x0063, 0x0063, 0x0063, 0x0063, 0x0063,
  0x0063, 0x0063, 0x0063, 0x0063, 0x0063, 0x0063, 0x0063, 0x0063, 0x0063, 0x0063, 0x0043, 0x0063,
  0x0063, 0x0063, 0x0063, 0x0063, 0x0063, 0x0063, 0x0063, 0x0063, 0x0063, 0x0063, 0x0063, 0x0063,
  0x0063, 0x0063, 0x0063, 0x0063, 0x0063, 0x0063, 0x0063, 0x0063, 0x0063, 0x0063, 0x0063, 0x0063,
  0x0063, 0x0063, 0x0063, 0x0063, 0x0063, 0x0063, 0x0063, 0x0063, 0x0063, 0x0063, 0x0063, 0x0063,
  0x0063, 0x0063, 0x0063, 0x0063, 0x0063, 0x0063, 0x0063, 0x0063, 0x0063, 0x0063, 0x0063, 0x0063,
  0x0063, 0x0063, 0x0063, 0x0063, 0x0063, 0x0063, 0x0063, 0x0063, 0x0063, 0x0063, 0x0063, 0x0063,
  0x0063, 0x0063, 0x0063, 0x0063, 0x0063, 0x0063, 0x0063, 0x0063, 0x0063, 0x0063, 0x0063, 0x0063,
  0x0063, 0x0063, 0x0063, 0x0063, 0x0063, 0x0063, 0x0063, 0x0063, 0x0063, 0x0063, 0x0063, 0x0063,
  0x0063, 0x0063, 0x0063, 0x0063, 0x0063, 0x0063, 0x0063, 0x0063, 0x0063, 0x0063, 0x0063, 0x0063,
  0x0063, 0x0063, 0x0063, 0x0063, 0x0063, 0x0063, 0x0063, 0x0063, 0x0063, 0x0063, 0x0063, 0x0063,
  0x0043, 0x0063, 0x0063, 0x0063, 0x0063, 0x0063, 0x0063, 0x0063, 0x0063, 0x0063, 0x0063, 0x0063,
  0x0063, 0x0063, 0x0063, 0x0063, 0x0063, 0x0063, 0x0063, 0x0063, 0x0063, 0x0063, 0x0063, 0x0063,
  0x0063, 0x0063, 0x0063, 0x0063, 0x0043, 0x0063, 0x0063, 0x0063, 0x0063, 0x0063, 0x0063, 0x0063,
  0x0063, 0x0063, 0x0063, 0x0063, 0x0043, 0x0063, 0x0063, 0x0063, 0x0063, 0x0063, 0x0063, 0x0063,
  0x0063, 0x0063, 0x0063, 0x0063, 0x0063, 0x0063, 0x0063, 0x0063, 0x0063, 0x0063, 0x0063, 0x0063,
  0x0063, 0x0063, 0x0063, 0x0063, 0x0063, 0x0043, 0x0043, 0x0043, 0x0063, 0x0043, 0x0063, 0x0063,
  0x0063, 0x0063, 0x0063, 0x0063, 0x0063, 0x0063, 0x0063, 0x0063, 0x0043, 0x0063, 0x0063, 0x0063,
  0x0063, 0x0063, 0x0063, 0x0063, 0x0063, 0x0063, 0x0063, 0x0063, 0x0063, 0x0063, 0x0063, 0x0063,
  0x0063, 0x0043, 0x0063, 0x0063, 0x0063, 0x0063, 0x0063, 0x0063, 0x0063, 0x0063, 0x0063, 0x0063,
  0x0063, 0x0063, 0x0063, 0x0043, 0x0043, 0x0063, 0x0063, 0x0063, 0x0063, 0x0063, 0x0043, 0x0063,
  0x0063, 0x0063, 0x0063, 0x0063, 0x0063, 0x0063, 0x0063, 0x0063, 0x0063, 0x0063, 0x0063, 0x0063,
  0x0063, 0x0063, 0x0063, 0x0063, 0x0063, 0x0063, 0x0063, 0x0063, 0x0043, 0x0063, 0x0063, 0x0063,
  0x0063, 0x0063, 0x0063, 0x0063, 0x0063, 0x0063, 0x0063, 0x0063, 0x0063, 0x0063, 0x0063, 0x0063,
  0x0063, 0x0063, 0x0063, 0x0063, 0x0063, 0x0063, 0x0063, 0x0063, 0x0063, 0x0063, 0x0063, 0x0063,
  0x0063, 0x0063, 0x0063, 0x0063, 0x0063, 0x0063, 0x0063, 0x0043, 0x0043, 0x0063, 0x0063, 0x0063,
  0x0063, 0x0063, 0x0063, 0x0063, 0x0063, 0x0063, 0x0063, 0x0063, 0x0063, 0x0063, 0x0063, 0x0063,
  0x0063, 0x0063, 0x0063, 0x0063, 0x0063, 0x0063, 0x0063, 0x0063, 0x0063, 0x0063, 0x0063, 0x0063,
  0x0043, 0x0063, 0x0063, 0x0063, 0x0063, 0x0063, 0x0063, 0x0063, 0x0063, 0x0063, 0x0063, 0x0063,
  0x0063, 0x0063, 0x0063, 0x0063, 0x0063, 0x0063, 0x0063, 0x0063, 0x0063, 0x0063, 0x0063, 0x0063,
  0x0063, 0x0063, 0x0063, 0x0063, 0x0063, 0x0063, 0x0063, 0x0063, 0x0063, 0x0063, 0x0063, 0x0063,
  0x0043, 0x0063, 0x0063, 0x0063, 0x0063, 0x0043, 0x0063, 0x0063, 0x0063, 0x0063, 0x0063, 0x0063,
  0x0063, 0x0063, 0x0063, 0x0043, 0x0063, 0x0063, 0x0063, 0x0063, 0x0063, 0x0063, 0x0063, 0x0063,
  0x0063, 0x0063, 0x0063, 0x0063, 0x0063, 0x0063, 0x0063, 0x0063, 0x0063, 0x0063, 0x0063, 0x0063,
  0x0063, 0x0063, 0x0063, 0x0063, 0x0043, 0x0063, 0x0063, 0x0063, 0x0063, 0x0063, 0x0063, 0x0063,
  0x0063, 0x0043, 0x0063, 0x0063, 0x0063, 0x0063, 0x0063, 0x0063, 0x0063, 0x0063, 0x0063, 0x0063,
  0x0063, 0x0063, 0x0043, 0x0063, 0x0063, 0x0063, 0x0063, 0x0063, 0x0063, 0x0063, 0x0063, 0x0063,
  0x0063, 0x0063, 0x0063, 0x0063, 0x0063, 0x0063, 0x0063, 0x0063, 0x0063, 0x0063, 0x0063, 0x0063,
  0x0063, 0x0063, 0x0063, 0x0063, 0x0063, 0x0063, 0x0063, 0x0063, 0x0063, 0x0063, 0x0063, 0x0063,
  0x0063, 0x0063, 0x0063, 0x0063, 0x0063, 0x0063, 0x0063, 0x0063, 0x0063, 0x0063, 0x0063, 0x0063,
  0x0063, 0x0063, 0x0063, 0x0063, 0x0063, 0x0063, 0x0063, 0x0063, 0x0063, 0x0063, 0x0063, 0x0063,
  0x0063, 0x0063, 0x0063, 0x0063, 0x0063, 0x0063, 0x0063, 0x0063, 0x0063, 0x0063, 0x0063, 0x0063,
  0x0063, 0x0063, 0x0063, 0x0063, 0x0063, 0x0063, 0x0063, 0x0063, 0x0043, 0x0063, 0x0063, 0x0063,
  0x0063, 0x0063, 0x0063, 0x0063, 0x0063, 0x0063, 0x0063, 0x0063, 0x0063, 0x0063, 0x0063, 0x0063,
  0x0063, 0x0063, 0x0063, 0x0063, 0x0063, 0x0063, 0x0063, 0x0063, 0x0063, 0x0063, 0x0043, 0x0063,
  0x0043, 0x0043, 0x0043, 0x0063, 0x0043, 0x0063, 0x0063, 0x0063, 0x0063, 0x0043, 0x0063, 0x0063,
  0x0043, 0x0063, 0x0063, 0x0063, 0x0063, 0x0063, 0x0063, 0x0063, 0x0063, 0x0063, 0x0063, 0x0063,
  0x0063, 0x0063, 0x0063, 0x0063, 0x0063, 0x0063, 0x0063, 0x0063, 0x0063, 0x0063, 0x0063, 0x0063,
  0x0063, 0x0063, 0x0063, 0x0063, 0x0063, 0x0063, 0x0063, 0x0063, 0x0063, 0x0063, 0x0063, 0x0063,
  0x0063, 0x0063, 0x0063, 0x0043, 0x0063, 0x0063, 0x0063, 0x0063, 0x0063, 0x0043, 0x0063, 0x0063,
  0x0063, 0x0063, 0x0063, 0x0063, 0x0063, 0x0063, 0x0063, 0x0063, 0x0063, 0x0063, 0x0063, 0x0063,
  0x0063, 0x0063, 0x0063, 0x0063, 0x0063, 0x0063, 0x0063, 0x0063, 0x0063, 0x0063, 0x0063, 0x0063,
  0x0063, 0x0063, 0x0063, 0x0063, 0x0063, 0x0063, 0x0063, 0x0063, 0x0063, 0x0063, 0x0063, 0x0063,
  0x0063, 0x0063, 0x0063, 0x0063, 0x0043, 0x0063, 0x0063, 0x0063, 0x0063, 0x0063, 0x0063, 0x0063,
  0x0063, 0x0063, 0x0063, 0x0063, 0x0063, 0x0063, 0x0063, 0x0063, 0x0063, 0x0063, 0x0063, 0x0063,
  0x0063, 0x0063, 0x0063, 0x0063, 0x0063, 0x0063, 0x0063, 0x0063, 0x0063, 0x0063, 0x0063, 0x0063,
  0x0063, 0x0063, 0x0063, 0x0063, 0x0063, 0x0063, 0x0063, 0x0063, 0x0063, 0x0063, 0x0063, 0x0063,
  0x0063, 0x0063, 0x0063, 0x0063, 0x0043, 0x0063, 0x0063, 0x0043, 0x0063, 0x0063, 0x0063, 0x0043,
  0x0063, 0x0063, 0x0063, 0x0063, 0x0063, 0x0063, 0x0063, 0x0063, 0x0063, 0x0063, 0x0063, 0x0063,
  0x0063, 0x0063, 0x0063, 0x0063, 0x0063, 0x0063, 0x0063, 0x0063, 0x0063, 0x0063, 0x0063, 0x0063,
  0x0063, 0x0063, 0x0063, 0x0063, 0x0063, 0x0063, 0x0063, 0x0063, 0x0063, 0x0063, 0x0063, 0x0063,
  0x0063, 0x0063, 0x0063, 0x0063, 0x0063, 0x0063, 0x0063, 0x0063, 0x0063, 0x0063, 0x0063, 0x0063,
  0x0063, 0x0063, 0x0063, 0x0063, 0x0063, 0x0043, 0x0063, 0x0063, 0x0063, 0x0063, 0x0063, 0x0063,
  0x0063, 0x0063, 0x0063, 0x0063, 0x0063, 0x0063, 0x0063, 0x0063, 0x0063, 0x0063, 0x0063, 0x0063,
  0x0063, 0x0063, 0x0063, 0x0063, 0x0043, 0x0043, 0x0063, 0x0002, 0x0002, 0x0063, 0x0063, 0x0063,
  0x0063, 0x0063, 0x0063, 0x0063, 0x0063, 0x0063, 0x0063, 0x0063, 0x0063, 0x0063, 0x0063, 0x0063,
  0x0063, 0x0063, 0x0063, 0x0063, 0x0063, 0x0063, 0x0063, 0x0063, 0x0063, 0x0063, 0x0063, 0x0063,
  0x0063, 0x0063, 0x0063, 0x0063, 0x0063, 0x0063, 0x0063, 0x0063, 0x0063, 0x0063, 0x0063, 0x0063,
  0x0063, 0x0063, 0x0063, 0x0063, 0x0063, 0x0063, 0x0063, 0x0063, 0x0063, 0x0063, 0x0063, 0x0063,
  0x0063, 0x0063, 0x0063, 0x0063, 0x0063, 0x0063, 0x0063, 0x0063, 0x0063, 0x0063, 0x0063, 0x0063,
  0x0063, 0x0063, 0x0063, 0x0063, 0x0063, 0x0063, 0x0063, 0x0063, 0x0063, 0x0063, 0x0063, 0x0063,
  0x0063, 0x0063, 0x0063, 0x0063, 0x0063, 0x0063, 0x0063, 0x0063, 0x0063, 0x0063, 0x0063, 0x0063,
  0x0063, 0x0063, 0x0063, 0x0063, 0x0063, 0x0063, 0x0063, 0x0063, 0x0063, 0x0063, 0x0063, 0x0063,
  0x0063, 0x0063, 0x0063, 0x0063, 0x0063, 0x0063, 0x0063, 0x0063, 0x0063, 0x0063, 0x0063, 0x0063,
  0x0063, 0x0063, 0x0063, 0x0063, 0x0063, 0x0063, 0x0063, 0x0063, 0x0063, 0x0063, 0x0063, 0x0063,
  0x0063, 0x0063, 0x0063, 0x0043, 0x0063, 0x0063, 0x0063, 0x0063, 0x0063, 0x0063, 0x0063, 0x0063,
  0x0063, 0x0063, 0x0063, 0x0063, 0x0063, 0x0063, 0x0063, 0x0063, 0x0063, 0x0063, 0x0063, 0x0063,
  0x0063, 0x0063, 0x0063, 0x0063, 0x0063, 0x0063, 0x0063, 0x0063, 0x0063, 0x0063, 0x0063, 0x0043,
  0x0063, 0x0063, 0x0063, 0x0063, 0x0063, 0x0063, 0x0063, 0x0063, 0x0063, 0x0063, 0x0063, 0x0063,
  0x0043, 0x0083, 0x0001, 0x4229, 0x424A, 0x0001, 0x0084, 0x0063, 0x0063, 0x0063, 0x0063, 0x0063,
  0x0063, 0x0063, 0x0063, 0x0063, 0x0063, 0x0063, 0x0063, 0x0063, 0x0063, 0x0063, 0x0063, 0x0063,
  0x0063, 0x0063, 0x0063, 0x0063, 0x0063, 0x0063, 0x0063, 0x0063, 0x0063, 0x0063, 0x0063, 0x0063,
  0x0063, 0x0063, 0x0063, 0x0043, 0x0063, 0x0063, 0x0063, 0x0063, 0x0063, 0x0063, 0x0063, 0x0063,
  0x0063, 0x0043, 0x0063, 0x0063, 0x0063, 0x0063, 0x0063, 0x0063, 0x0063, 0x0063, 0x0063, 0x0063,
  0x0063, 0x0063, 0x0063, 0x0063, 0x0063, 0x0063, 0x0063, 0x0063, 0x0063, 0x0063, 0x0063, 0x0063,
  0x0063, 0x0063, 0x0063, 0x0063, 0x0063, 0x0063, 0x0063, 0x0063, 0x0063, 0x0063, 0x0063, 0x0063,
  0x0063, 0x0063, 0x0063, 0x0063, 0x0063, 0x0063, 0x0063, 0x0063, 0x0043, 0x0063, 0x0063, 0x0043,
  0x0063, 0x0063, 0x0063, 0x0063, 0x0063, 0x0063, 0x0063, 0x0063, 0x0063, 0x0063, 0x0063, 0x0063,
  0x0063, 0x0063, 0x0063, 0x0063, 0x0063, 0x0063, 0x0063, 0x0063, 0x0063, 0x0043, 0x0063, 0x0063,
  0x0063, 0x0063, 0x0063, 0x0063, 0x0063, 0x0063, 0x0063, 0x0063, 0x0063, 0x0063, 0x0063, 0x0063,
  0x0063, 0x0063, 0x0063, 0x0063, 0x0063, 0x0063, 0x0063, 0x0063, 0x0063, 0x0063, 0x0063, 0x0063,
  0x0063, 0x0063, 0x0063, 0x0063, 0x0063, 0x0063, 0x0063, 0x0063, 0x0063, 0x0063, 0x0063, 0x0063,
  0x0063, 0x0063, 0x0063, 0x0063, 0x0063, 0x0063, 0x0063, 0x0063, 0x0063, 0x0063, 0x0063, 0x0063,
  0x0063, 0x0063, 0x0043, 0x0063, 0x0063, 0x0063, 0x0063, 0x0063, 0x0083, 0x0001, 0x2966, 0xE73D,
  0xEF5D, 0x2967, 0x0001, 0x0083, 0x0063, 0x0043, 0x0063, 0x0063, 0x0063, 0x0063, 0x0063, 0x0063,
  0x0063, 0x0063, 0x0063, 0x0063, 0x0063, 0x0063, 0x0063, 0x0063, 0x0063, 0x0063, 0x0063, 0x0063,
  0x0063, 0x0063, 0x0063, 0x0063, 0x0063, 0x0063, 0x0063, 0x0063, 0x0063, 0x0063, 0x0063, 0x0063,
  0x0063, 0x0063, 0x0063, 0x0063, 0x0063, 0x0063, 0x0063, 0x0063, 0x0063, 0x0063, 0x0063, 0x0063,
  0x0063, 0x0063, 0x0063, 0x0063, 0x0063, 0x0063, 0x0063, 0x0063, 0x0063, 0x0063, 0x0063, 0x0063,
  0x0063, 0x0063, 0x0063, 0x0063, 0x0063, 0x0063, 0x0063, 0x0063, 0x0063, 0x0063, 0x0063, 0x0063,
  0x0063, 0x0063, 0x0063, 0x0063, 0x0063, 0x0063, 0x0063, 0x0063, 0x0063, 0x0063, 0x0063, 0x0063,
  0x0063, 0x0063, 0x0063, 0x0063, 0x0063, 0x0063, 0x0063, 0x0063, 0x0063, 0x0063, 0x0063, 0x0063,
  0x0063, 0x0063, 0x0063, 0x0063, 0x0063, 0x0063, 0x0063, 0x0063, 0x0063, 0x0063, 0x0063, 0x0063,
  0x0063, 0x0063, 0x0063, 0x0063, 0x0063, 0x0063, 0x0063, 0x0063, 0x0063, 0x0063, 0x0063, 0x0063,
  0x0063, 0x0063, 0x0063, 0x0063, 0x0063, 0x0063, 0x0063, 0x0063, 0x0063, 0x0063, 0x0063, 0x0063,
  0x0063, 0x0063, 0x0063, 0x0063, 0x0063, 0x0063, 0x0063, 0x0063, 0x0063, 0x0063, 0x0063, 0x0063,
  0x0063, 0x0063, 0x0063, 0x0063, 0x0063, 0x0063, 0x0063, 0x0063, 0x0063, 0x0063, 0x0063, 0x0063,
  0x0063, 0x0063, 0x0063, 0x0063, 0x0063, 0x0043, 0x0063, 0x0063, 0x0063, 0x0063, 0x0063, 0x0063,
  0x0063, 0x0063, 0x0063, 0x0083, 0x0001, 0x2966, 0xD6BB, 0xFFFF, 0xFFFF, 0xD6BB, 0x2146, 0x0001,
  0x0063, 0x0063, 0x0043, 0x0063, 0x0063, 0x0063, 0x0063, 0x0063, 0x0063, 0x0063, 0x0063, 0x0063,
  0x0063, 0x0063, 0x0063, 0x0063, 0x0063, 0x0063, 0x0063, 0x0063, 0x0063, 0x0063, 0x0063, 0x0063,
  0x0063, 0x0063, 0x0063, 0x0063, 0x0063, 0x0063, 0x0063, 0x0063, 0x0063, 0x0063, 0x0063, 0x0063,
  0x0063, 0x0063, 0x0063, 0x0063, 0x0063, 0x0063, 0x0063, 0x0063, 0x0063, 0x0063, 0x0063, 0x0063,
  0x0063, 0x0063, 0x0063, 0x0063, 0x0063, 0x0063, 0x0063, 0x0063, 0x0063, 0x0063, 0x0063, 0x0063,
  0x0063, 0x0063, 0x0063, 0x0063, 0x0063, 0x0063, 0x0063, 0x0063, 0x0063, 0x0063, 0x0063, 0x0063,
  0x0063, 0x0063, 0x0063, 0x0063, 0x0063, 0x0063, 0x0063, 0x0063, 0x0063, 0x0063, 0x0063, 0x0063,
  0x0063, 0x0063, 0x0063, 0x0063, 0x0063, 0x0063, 0x0063, 0x0063, 0x0063, 0x0063, 0x0063, 0x0043,
  0x0063, 0x0063, 0x0063, 0x0063, 0x0063, 0x0063, 0x0063, 0x0063, 0x0063, 0x0063, 0x0063, 0x0063,
  0x0063, 0x0043, 0x0063, 0x0063, 0x0063, 0x0063, 0x0063, 0x0063, 0x0063, 0x0063, 0x0063, 0x0063,
  0x0043, 0x0063, 0x0063, 0x0063, 0x0063, 0x0063, 0x0063, 0x0063, 0x0063, 0x0063, 0x0063, 0x0063,
  0x0063, 0x0063, 0x0063, 0x0063, 0x0063, 0x0063, 0x0063, 0x0063, 0x0063, 0x0063, 0x0063, 0x0063,
  0x0063, 0x0063, 0x0063, 0x0063, 0x0063, 0x0063, 0x0063, 0x0063, 0x0063, 0x0063, 0x0063, 0x0063,
  0x0063, 0x0063, 0x0063, 0x0063, 0x0043, 0x0063, 0x0063, 0x0063, 0x0043, 0x0063, 0x0063, 0x0000,
  0x4209, 0xE73C, 0xFFFF, 0xEF9E, 0xEF9E, 0xFFFF, 0xE71C, 0x4229, 0x0000, 0x0063, 0x0063, 0x0043,
  0x0063, 0x0063, 0x0063, 0x0063, 0x0063, 0x0063, 0x0063, 0x0063, 0x0063, 0x0063, 0x0063, 0x0063,
  0x0063, 0x0063, 0x0063, 0x0063, 0x0063, 0x0063, 0x0063, 0x0063, 0x0063, 0x0063, 0x0063, 0x0063,
  0x0063, 0x0063, 0x0063, 0x0063, 0x0043, 0x0043, 0x0063, 0x0063, 0x0063, 0x0063, 0x0063, 0x0063,
  0x0063, 0x0063, 0x0063, 0x0063, 0x0063, 0x0063, 0x0063, 0x0063, 0x0063, 0x0063, 0x0063, 0x0063,
  0x0063, 0x0063, 0x0063, 0x0063, 0x0063, 0x0063, 0x0063, 0x0063, 0x0063, 0x0063, 0x0063, 0x0063,
  0x0063, 0x0063, 0x0063, 0x0063, 0x0063, 0x0063, 0x0063, 0x0063, 0x0063, 0x0063, 0x0063, 0x0063,
  0x0063, 0x0063, 0x0063, 0x0063, 0x0063, 0x0063, 0x0063, 0x0063, 0x0043, 0x0063, 0x0063, 0x0063,
  0x0063, 0x0063, 0x0063, 0x0063, 0x0063, 0x0063, 0x0063, 0x0063, 0x0063, 0x0063, 0x0063, 0x0063,
  0x0063, 0x0063, 0x0063, 0x0063, 0x0063, 0x0063, 0x0063, 0x0063, 0x0063, 0x0063, 0x0063, 0x0063,
  0x0063, 0x0063, 0x0063, 0x0063, 0x0063, 0x0063, 0x0063, 0x0043, 0x0063, 0x0043, 0x0063, 0x0063,
  0x0063, 0x0063, 0x0063, 0x0063, 0x0063, 0x0063, 0x0063, 0x0063, 0x0063, 0x0063, 0x0063, 0x0063,
  0x0063, 0x0063, 0x0063, 0x0063, 0x0063, 0x0063, 0x0063, 0x0063, 0x0063, 0x0063, 0x0063, 0x0063,
  0x0063, 0x0063, 0x0063, 0x0063, 0x0063, 0x0063, 0x0063, 0x0063, 0x0063, 0x0063, 0x0063, 0x0063,
  0x0063, 0x0063, 0x0063, 0x0063, 0x0063, 0x0001, 0x0022, 0x6B8E, 0xF7BE, 0xFFFF, 0xFFFF, 0x6C33,
  0x5BF3, 0xFFFF, 0xFFFF, 0xF7BF, 0x738F, 0x0022, 0x0001, 0x0063, 0x0063, 0x0063, 0x0063, 0x0063,
  0x0043, 0x0063, 0x0063, 0x0063, 0x0063, 0x0063, 0x0063, 0x0063, 0x0063, 0x0063, 0x0063, 0x0063,
  0x0063, 0x0063, 0x0063, 0x0063, 0x0063, 0x0063, 0x0063, 0x0063, 0x0063, 0x0063, 0x0063, 0x0063,
  0x0043, 0x0063, 0x0063, 0x0063, 0x0063, 0x0063, 0x0063, 0x0063, 0x0063, 0x0063, 0x0063, 0x0063,
  0x0063, 0x0063, 0x0063, 0x0063, 0x0063, 0x0063, 0x0063, 0x0063, 0x0063, 0x0063, 0x0063, 0x0063,
  0x0063, 0x0063, 0x0063, 0x0063, 0x0063, 0x0063, 0x0063, 0x0063, 0x0063, 0x0063, 0x0063, 0x0063,
  0x0063, 0x0063, 0x0063, 0x0043, 0x0063, 0x0063, 0x0063, 0x0063, 0x0063, 0x0063, 0x0063, 0x0063,
  0x0063, 0x0063, 0x0063, 0x0063, 0x0063, 0x0063, 0x0063, 0x0063, 0x0063, 0x0063, 0x0043, 0x0063,
  0x0063, 0x0043, 0x0063, 0x0063, 0x0063, 0x0063, 0x0063, 0x0063, 0x0063, 0x0063, 0x0063, 0x0063,
  0x0063, 0x0063, 0x0063, 0x0063, 0x0063, 0x0063, 0x0063, 0x0063, 0x0063, 0x0063, 0x0063, 0x0063,
  0x0063, 0x0063, 0x0063, 0x0063, 0x0063, 0x0063, 0x0063, 0x0063, 0x0063, 0x0063, 0x0063, 0x0063,
  0x0063, 0x0063, 0x0063, 0x0063, 0x0063, 0x0063, 0x0063, 0x0063, 0x0043, 0x0063, 0x0063, 0x0063,
  0x0063, 0x0063, 0x0063, 0x0063, 0x0063, 0x0063, 0x0063, 0x0063, 0x0063, 0x0063, 0x0063, 0x0043,
  0x0063, 0x0063, 0x0063, 0x0063, 0x0043, 0x0063, 0x0043, 0x0063, 0x0063, 0x0083, 0x0063, 0x0002,
  0x0001, 0x3187, 0xB596, 0xFFFF, 0xFFFF, 0xFFFF, 0x9557, 0x014A, 0x016B, 0x8D37, 0xFFFF, 0xFFFF,
  0xFFFF, 0xB5B6, 0x31A7, 0x0001, 0x0002, 0x0063, 0x0083, 0x0063, 0x0063, 0x0063, 0x0043, 0x0063,
  0x0063, 0x0063, 0x0063, 0x0063, 0x0063, 0x0063, 0x0063, 0x0063, 0x0063, 0x0063, 0x0063, 0x0063,
  0x0063, 0x0063, 0x0063, 0x0063, 0x0063, 0x0063, 0x0043, 0x0043, 0x0063, 0x0063, 0x0063, 0x0063,
  0x0063, 0x0063, 0x0063, 0x0063, 0x0063, 0x0063, 0x0063, 0x0063, 0x0063, 0x0063, 0x0063, 0x0063,
  0x0063, 0x0063, 0x0063, 0x0063, 0x0063, 0x0063, 0x0063, 0x0063, 0x0063, 0x0063, 0x0063, 0x0063,
  0x0063, 0x0063, 0x0063, 0x0063, 0x0063, 0x0063, 0x0063, 0x0063, 0x0063, 0x0063, 0x0063, 0x0063,
  0x0063, 0x0063, 0x0063, 0x0063, 0x0063, 0x0063, 0x0063, 0x0063, 0x0043, 0x0063, 0x0063, 0x0063,
  0x0043, 0x0063, 0x0063, 0x0063, 0x0063, 0x0063, 0x0063, 0x0063, 0x0063, 0x0043, 0x0063, 0x0063,
  0x0063, 0x0063, 0x0063, 0x0063, 0x0043, 0x0063, 0x0063, 0x0063, 0x0063, 0x0063, 0x0063, 0x0063,
  0x0063, 0x0063, 0x0063, 0x0063, 0x0063, 0x0063, 0x0063, 0x0063, 0x0063, 0x0063, 0x0063, 0x0063,
  0x0043, 0x0063, 0x0063, 0x0063, 0x0063, 0x0063, 0x0063, 0x0063, 0x0063, 0x0063, 0x0063, 0x0063,
  0x0063, 0x0063, 0x0063, 0x0063, 0x0063, 0x0063, 0x0063, 0x0063, 0x0063, 0x0063, 0x0063, 0x0063,
  0x0063, 0x0063, 0x0063, 0x0063, 0x0063, 0x0063, 0x0063, 0x0063, 0x0063, 0x0063, 0x0063, 0x0063,
  0x0063, 0x0063, 0x0063, 0x0063, 0x0043, 0x0001, 0x0001, 0x2146, 0x9492, 0xF79E, 0xFFFF, 0xFFFF,
  0xFFFF, 0x8CD5, 0x014A, 0x018B, 0x01AC, 0x016B, 0x84D5, 0xFFFF, 0xFFFF, 0xFFFF, 0xF7BE, 0x94B3,
  0x2967, 0x0001, 0x0001, 0x0042, 0x0063, 0x0063, 0x0063, 0x0063, 0x0063, 0x0043, 0x0063, 0x0063,
  0x0063, 0x0063, 0x0063, 0x0063, 0x0063, 0x0063, 0x0063, 0x0063, 0x0063, 0x0063, 0x0063, 0x0063,
  0x0063, 0x0063, 0x0043, 0x0043, 0x0063, 0x0063, 0x0043, 0x0063, 0x0063, 0x0063, 0x0063, 0x0063,
  0x0063, 0x0063, 0x0063, 0x0063, 0x0063, 0x0063, 0x0063, 0x0063, 0x0063, 0x0063, 0x0063, 0x0063,
  0x0063, 0x0063, 0x0063, 0x0063, 0x0063, 0x0063, 0x0063, 0x0063, 0x0063, 0x0063, 0x0063, 0x0063,
  0x0043, 0x0063, 0x0063, 0x0063, 0x0063, 0x0063, 0x0063, 0x0063, 0x0063, 0x0063, 0x0063, 0x0063,
  0x0063, 0x0063, 0x0063, 0x0063, 0x0063, 0x0063, 0x0043, 0x0063, 0x0063, 0x0063, 0x0063, 0x0043,
  0x0063, 0x0063, 0x0063, 0x0063, 0x0063, 0x0063, 0x0063, 0x0063, 0x0063, 0x0063, 0x0063, 0x0063,
  0x0063, 0x0063, 0x0063, 0x0063, 0x0063, 0x0063, 0x0063, 0x0063, 0x0063, 0x0063, 0x0063, 0x0063,
  0x0063, 0x0063, 0x0063, 0x0063, 0x0043, 0x0063, 0x0063, 0x0063, 0x0063, 0x0043, 0x0063, 0x0063,
  0x0063, 0x0063, 0x0063, 0x0063, 0x0063, 0x0063, 0x0063, 0x0063, 0x0063, 0x0063, 0x0063, 0x0043,
  0x0063, 0x0063, 0x0063, 0x0063, 0x0063, 0x0063, 0x0063, 0x0063, 0x0063, 0x0063, 0x0063, 0x0063,
  0x0063, 0x0063, 0x0063, 0x0063, 0x0063, 0x0063, 0x0083, 0x0063, 0x0043, 0x0022, 0x0001, 0x0001,
  0x0883, 0x4A8B, 0x9D14, 0xEF7D, 0xFFFF, 0xFFFF, 0xFFFF, 0xE73D, 0x5BD2, 0x0129, 0x016A, 0x018A,
  0x01AC, 0x018B, 0x0129, 0x5BD2, 0xDF3D, 0xFFFF, 0xFFFF, 0xFFFF, 0xEF9E, 0xA535, 0x52AB, 0x08A4,
  0x0001, 0x0001, 0x0022, 0x0043, 0x0063, 0x0063, 0x0063, 0x0063, 0x0063, 0x0063, 0x0063, 0x0063,
  0x0063, 0x0063, 0x0063, 0x0063, 0x0043, 0x0063, 0x0063, 0x0063, 0x0063, 0x0063, 0x0063, 0x0063,
  0x0043, 0x0063, 0x0063, 0x0063, 0x0063, 0x0063, 0x0063, 0x0063, 0x0063, 0x0063, 0x0063, 0x0063,
  0x0063, 0x0063, 0x0063, 0x0063, 0x0063, 0x0063, 0x0063, 0x0063, 0x0063, 0x0063, 0x0063, 0x0063,
  0x0063, 0x0063, 0x0063, 0x0063, 0x0063, 0x0063, 0x0063, 0x0063, 0x0063, 0x0063, 0x0063, 0x0063,
  0x0063, 0x0063, 0x0063, 0x0063, 0x0063, 0x0063, 0x0063, 0x0063, 0x0063, 0x0063, 0x0063, 0x0063,
  0x0063, 0x0063, 0x0043, 0x0043, 0x0063, 0x0063, 0x0063, 0x0063, 0x0063, 0x0063, 0x0043, 0x0063,
  0x0063, 0x0063, 0x0063, 0x0063, 0x0063, 0x0063, 0x0063, 0x0063, 0x0063, 0x0063, 0x0063, 0x0063,
  0x0063, 0x0063, 0x0063, 0x0063, 0x0063, 0x0063, 0x0063, 0x0063, 0x0063, 0x0063, 0x0063, 0x0063,
  0x0063, 0x0063, 0x0063, 0x0063, 0x0063, 0x0063, 0x0063, 0x0043, 0x0063, 0x0063, 0x0063, 0x0063,
  0x0063, 0x0063, 0x0063, 0x0063, 0x0063, 0x0063, 0x0063, 0x0063, 0x0063, 0x0043, 0x0063, 0x0063,
  0x0063, 0x0063, 0x0063, 0x0063, 0x0063, 0x0063, 0x0063, 0x0063, 0x0063, 0x0063, 0x0063, 0x0063,
  0x0063, 0x0022, 0x0001, 0x0001, 0x0042, 0x1926, 0x528B, 0x9492, 0xD6BA, 0xFFFF, 0xFFFF, 0xFFFF,
  0xFFFF, 0xF7BE, 0x9D57, 0x1A2D, 0x0109, 0x018A, 0x016A, 0x018B, 0x01ED, 0x01AC, 0x01AB, 0x014A,
  0x1A2D, 0x9537, 0xEF9E, 0xFFFF, 0xFFFF, 0xFFFF, 0xFFFF, 0xD6DB, 0x9CD4, 0x52CC, 0x2146, 0x0863,
  0x0001, 0x0001, 0x0002, 0x0043, 0x0063, 0x0063, 0x0063, 0x0063, 0x0063, 0x0063, 0x0063, 0x0063,
  0x0063, 0x0063, 0x0043, 0x0063, 0x0063, 0x0043, 0x0063, 0x0043, 0x0043, 0x0063, 0x0063, 0x0063,
  0x0063, 0x0063, 0x0063, 0x0063, 0x0063, 0x0063, 0x0063, 0x0063, 0x0063, 0x0063, 0x0063, 0x0063,
  0x0063, 0x0063, 0x0063, 0x0063, 0x0063, 0x0063, 0x0063, 0x0063, 0x0063, 0x0063, 0x0063, 0x0063,
  0x0063, 0x0063, 0x0063, 0x0063, 0x0063, 0x0063, 0x0063, 0x0063, 0x0063, 0x0063, 0x0063, 0x0063,
  0x0063, 0x0063, 0x0063, 0x0063, 0x0063, 0x0063, 0x0063, 0x0063, 0x0043, 0x0063, 0x0043, 0x0063,
  0x0043, 0x0063, 0x0063, 0x0063, 0x0063, 0x0063, 0x0063, 0x0043, 0x0063, 0x0063, 0x0063, 0x0063,
  0x0063, 0x0063, 0x0063, 0x0063, 0x0063, 0x0063, 0x0063, 0x0063, 0x0063, 0x0063, 0x0063, 0x0063,
  0x0063, 0x0063, 0x0063, 0x0063, 0x0063, 0x0063, 0x0063, 0x0063, 0x0063, 0x0063, 0x0063, 0x0063,
  0x0063, 0x0063, 0x0063, 0x0063, 0x0063, 0x0063, 0x0063, 0x0063, 0x0063, 0x0063, 0x0063, 0x0063,
  0x0043, 0x0063, 0x0063, 0x0063, 0x0063, 0x0043, 0x0063, 0x0063, 0x0063, 0x0063, 0x0043, 0x0063,
  0x0063, 0x0063, 0x0063, 0x0063, 0x0063, 0x0043, 0x0002, 0x0001, 0x0002, 0x1905, 0x4A8B, 0x8451,
  0xBDD7, 0xEF5D, 0xFFFF, 0xFFFF, 0xFFFF, 0xFFFF, 0xFFFF, 0xDF1D, 0x9537, 0x32AE, 0x012A, 0x014A,
  0x018B, 0x016A, 0x016A, 0x018B, 0x01EE, 0x01ED, 0x01AC, 0x01AC, 0x016B, 0x014A, 0x2A8F, 0x8D16,
  0xDEFC, 0xFFFF, 0xFFFF, 0xFFFF, 0xFFFF, 0xFFFF, 0xEF7D, 0xC618, 0x8C92, 0x5AEC, 0x2987, 0x0063,
  0x0001, 0x0001, 0x0022, 0x0043, 0x0063, 0x0063, 0x0063, 0x0063, 0x0063, 0x0063, 0x0043, 0x0063,
  0x0063, 0x0063, 0x0063, 0x0063, 0x0043, 0x0063, 0x0043, 0x0063, 0x0063, 0x0063, 0x0063, 0x0063,
  0x0063, 0x0063, 0x0063, 0x0063, 0x0063, 0x0063, 0x0063, 0x0063, 0x0063, 0x0063, 0x0063, 0x0063,
  0x0063, 0x0063, 0x0043, 0x0063, 0x0063, 0x0063, 0x0063, 0x0063, 0x0063, 0x0063, 0x0063, 0x0063,
  0x0063, 0x0063, 0x0063, 0x0063, 0x0063, 0x0063, 0x0063, 0x0063, 0x0063, 0x0063, 0x0063, 0x0063,
  0x0043, 0x0043, 0x0063, 0x0063, 0x0043, 0x0043, 0x0063, 0x0063, 0x0063, 0x0063, 0x0063, 0x0063,
  0x0063, 0x0063, 0x0063, 0x0063, 0x0063, 0x0043, 0x0063, 0x0063, 0x0063, 0x0063, 0x0063, 0x0063,
  0x0063, 0x0063, 0x0063, 0x0043, 0x0063, 0x0063, 0x0063, 0x0063, 0x0063, 0x0063, 0x0063, 0x0063,
  0x0063, 0x0063, 0x0043, 0x0063, 0x0063, 0x0063, 0x0063, 0x0063, 0x0063, 0x0063, 0x0063, 0x0063,
  0x0063, 0x0063, 0x0063, 0x0063, 0x0063, 0x0063, 0x0063, 0x0063, 0x0063, 0x0043, 0x0063, 0x0063,
  0x0063, 0x0063, 0x0043, 0x0063, 0x0063, 0x0063, 0x0063, 0x0063, 0x0083, 0x0063, 0x0002, 0x0001,
  0x0001, 0x0883, 0x31C8, 0x73CF, 0xB5D7, 0xDF1C, 0xFFFF, 0xFFFF, 0xFFFF, 0xFFFF, 0xFFFF, 0xFFDF,
  0xDF1C, 0x9D77, 0x5BB2, 0x1A0C, 0x012A, 0x012A, 0x018B, 0x018A, 0x016A, 0x018A, 0x016A, 0x018B,
  0x01CD, 0x01AC, 0x01AB, 0x01AB, 0x01AB, 0x01AB, 0x014A, 0x012A, 0x19EC, 0x5371, 0x9537, 0xD6DC,
  0xF7BF, 0xFFFF, 0xFFFF, 0xFFFF, 0xFFFF, 0xFFFF, 0xEF5D, 0xCE79, 0x9CD4, 0x5B0D, 0x2167, 0x0063,
  0x0001, 0x0001, 0x0002, 0x0063, 0x0083, 0x0063, 0x0063, 0x0043, 0x0063, 0x0063, 0x0063, 0x0063,
  0x0063, 0x0043, 0x0063, 0x0063, 0x0063, 0x0063, 0x0063, 0x0063, 0x0063, 0x0063, 0x0063, 0x0063,
  0x0063, 0x0063, 0x0063, 0x0063, 0x0063, 0x0063, 0x0063, 0x0063, 0x0063, 0x0063, 0x0063, 0x0063,
  0x0063, 0x0063, 0x0063, 0x0063, 0x0063, 0x0063, 0x0063, 0x0063, 0x0063, 0x0063, 0x0063, 0x0063,
  0x0063, 0x0063, 0x0063, 0x0063, 0x0063, 0x0043, 0x0063, 0x0063, 0x0063, 0x0063, 0x0063, 0x0063,
  0x0063, 0x0063, 0x0043, 0x0043, 0x0063, 0x0043, 0x0043, 0x0063, 0x0063, 0x0063, 0x0063, 0x0063,
  0x0063, 0x0063, 0x0063, 0x0063, 0x0063, 0x0063, 0x0063, 0x0063, 0x0063, 0x0063, 0x0063, 0x0063,
  0x0063, 0x0063, 0x0063, 0x0063, 0x0063, 0x0043, 0x0043, 0x0063, 0x0063, 0x0063, 0x0063, 0x0063,
  0x0063, 0x0063, 0x0063, 0x0063, 0x0063, 0x0063, 0x0063, 0x0063, 0x0063, 0x0063, 0x0063, 0x0063,
  0x0063, 0x0063, 0x0063, 0x0063, 0x0063, 0x0063, 0x0063, 0x0043, 0x0043, 0x0043, 0x0063, 0x0063,
  0x0063, 0x0063, 0x0043, 0x0002, 0x0001, 0x0001, 0x2105, 0x52CB, 0x94B3, 0xCE7A, 0xFFDF, 0xFFFF,
  0xFFFF, 0xFFFF, 0xFFFF, 0xF7BF, 0xD6DC, 0xADD8, 0x7C74, 0x42EF, 0x09AB, 0x0129, 0x0109, 0x014A,
  0x018B, 0x018B, 0x016A, 0x016A, 0x016A, 0x016A, 0x016A, 0x016A, 0x01AC, 0x01AB, 0x01AB, 0x01AB,
  0x01AB, 0x01AB, 0x01AB, 0x01AB, 0x016B, 0x014A, 0x014A, 0x09CC, 0x32AE, 0x63F2, 0x9D57, 0xC67B,
  0xE75D, 0xFFFF, 0xFFFF, 0xFFFF, 0xFFFF, 0xFFFF, 0xF79E, 0xC639, 0x8C72, 0x52AB, 0x2126, 0x0022,
  0x0001, 0x0002, 0x0043, 0x0063, 0x0063, 0x0063, 0x0063, 0x0063, 0x0063, 0x0063, 0x0063, 0x0063,
  0x0063, 0x0063, 0x0063, 0x0063, 0x0063, 0x0063, 0x0063, 0x0063, 0x0063, 0x0063, 0x0063, 0x0063,
  0x0063, 0x0063, 0x0063, 0x0063, 0x0063, 0x0063, 0x0063, 0x0063, 0x0063, 0x0063, 0x0063, 0x0063,
  0x0063, 0x0063, 0x0063, 0x0063, 0x0063, 0x0063, 0x0063, 0x0063, 0x0063, 0x0063, 0x0063, 0x0063,
  0x0063, 0x0063, 0x0063, 0x0063, 0x0063, 0x0063, 0x0063, 0x0063, 0x0063, 0x0063, 0x0063, 0x0063,
  0x0043, 0x0063, 0x0063, 0x0043, 0x0063, 0x0063, 0x0063, 0x0063, 0x0063, 0x0063, 0x0063, 0x0063,
  0x0063, 0x0063, 0x0043, 0x0043, 0x0063, 0x0063, 0x0063, 0x0063, 0x0063, 0x0063, 0x0063, 0x0063,
  0x0043, 0x0063, 0x0063, 0x0063, 0x0063, 0x0063, 0x0063, 0x0063, 0x0043, 0x0063, 0x0063, 0x0063,
  0x0063, 0x0063, 0x0063, 0x0063, 0x0063, 0x0063, 0x0063, 0x0063, 0x0063, 0x0063, 0x0063, 0x0043,
  0x0063, 0x0043, 0x0063, 0x0063, 0x0043, 0x0063, 0x0083, 0x0043, 0x0002, 0x0001, 0x0042, 0x2166,
  0x6B4E, 0xAD96, 0xDEFC, 0xFFFF, 0xFFFF, 0xFFFF, 0xFFFF, 0xFFFF, 0xE73D, 0xADD8, 0x7454, 0x3AEF,
  0x11CC, 0x012A, 0x0109, 0x012A, 0x016A, 0x018B, 0x018B, 0x018A, 0x016A, 0x016A, 0x016A, 0x018A,
  0x018B, 0x018B, 0x018B, 0x018B, 0x01AC, 0x01AB, 0x018B, 0x018B, 0x018B, 0x018B, 0x018B, 0x018B,
  0x018B, 0x01AB, 0x01AB, 0x018B, 0x014A, 0x012A, 0x014A, 0x09AC, 0x2A6E, 0x5371, 0x8CD5, 0xBE3A,
  0xEF7E, 0xFFFF, 0xFFFF, 0xFFFF, 0xFFFF, 0xFFFF, 0xDF1C, 0xB5B7, 0x73AF, 0x31A8, 0x0063, 0x0001,
  0x0001, 0x0022, 0x0063, 0x0063, 0x0063, 0x0063, 0x0063, 0x0063, 0x0063, 0x0063, 0x0043, 0x0063,
  0x0063, 0x0043, 0x0063, 0x0063, 0x0063, 0x0063, 0x0063, 0x0063, 0x0063, 0x0063, 0x0063, 0x0063,
  0x0063, 0x0063, 0x0063, 0x0043, 0x0063, 0x0063, 0x0063, 0x0063, 0x0063, 0x0063, 0x0063, 0x0063,
  0x0063, 0x0063, 0x0063, 0x0063, 0x0063, 0x0063, 0x0063, 0x0063, 0x0063, 0x0063, 0x0063, 0x0063,
  0x0063, 0x0063, 0x0063, 0x0063, 0x0063, 0x0063, 0x0043, 0x0063, 0x0043, 0x0043, 0x0063, 0x0063,
  0x0063, 0x0063, 0x0063, 0x0063, 0x0063, 0x0063, 0x0063, 0x0063, 0x0063, 0x0063, 0x0063, 0x0063,
  0x0063, 0x0043, 0x0043, 0x0043, 0x0043, 0x0063, 0x0063, 0x0063, 0x0063, 0x0063, 0x0043, 0x0063,
  0x0063, 0x0063, 0x0063, 0x0063, 0x0043, 0x0063, 0x0063, 0x0063, 0x0063, 0x0063, 0x0063, 0x0063,
  0x0063, 0x0043, 0x0063, 0x0063, 0x0063, 0x0063, 0x0063, 0x0043, 0x0063, 0x0063, 0x0063, 0x0063,
  0x0043, 0x0001, 0x0001, 0x0042, 0x31A7, 0x73CF, 0xBDF8, 0xF79E, 0xFFFF, 0xFFFF, 0xFFFF, 0xFFFF,
  0xE75D, 0xBE5A, 0x84D5, 0x4330, 0x11EC, 0x014A, 0x0129, 0x012A, 0x014A, 0x018B, 0x018B, 0x018B,
  0x018B, 0x016A, 0x018A, 0x016A, 0x018A, 0x016A, 0x014A, 0x014A, 0x0129, 0x00E9, 0x00E8, 0x0129,
  0x016B, 0x018B, 0x018B, 0x09CC, 0x11EC, 0x11EC, 0x11EC, 0x09CC, 0x09AC, 0x018B, 0x014A, 0x012A,
  0x012A, 0x012A, 0x012A, 0x012A, 0x0109, 0x0109, 0x014A, 0x016A, 0x222D, 0x5371, 0x8CF5, 0xC65A,
  0xE75D, 0xFFFF, 0xFFFF, 0xFFFF, 0xFFFF, 0xF7BF, 0xCE59, 0x8431, 0x422A, 0x10A4, 0x0001, 0x0001,
  0x0042, 0x0063, 0x0063, 0x0063, 0x0063, 0x0063, 0x0063, 0x0063, 0x0063, 0x0043, 0x0063, 0x0043,
  0x0063, 0x0063, 0x0043, 0x0063, 0x0063, 0x0063, 0x0063, 0x0063, 0x0063, 0x0063, 0x0063, 0x0063,
  0x0063, 0x0063, 0x0063, 0x0063, 0x0063, 0x0063, 0x0063, 0x0063, 0x0063, 0x0063, 0x0063, 0x0063,
  0x0063, 0x0063, 0x0063, 0x0063, 0x0063, 0x0063, 0x0043, 0x0063, 0x0063, 0x0063, 0x0063, 0x0063,
  0x0063, 0x0063, 0x0063, 0x0063, 0x0043, 0x0063, 0x0063, 0x0043, 0x0063, 0x0063, 0x0063, 0x0063,
  0x0063, 0x0043, 0x0063, 0x0063, 0x0063, 0x0063, 0x0063, 0x0043, 0x0063, 0x0063, 0x0063, 0x0063,
  0x0063, 0x0063, 0x0063, 0x0043, 0x0063, 0x0063, 0x0063, 0x0063, 0x0063, 0x0063, 0x0063, 0x0063,
  0x0063, 0x0063, 0x0063, 0x0063, 0x0063, 0x0063, 0x0043, 0x0043, 0x0043, 0x0043, 0x0063, 0x0043,
  0x0063, 0x0063, 0x0063, 0x0063, 0x0083, 0x0043, 0x0002, 0x0001, 0x0022, 0x31A7, 0x7C10, 0xBE18,
  0xEF9E, 0xFFFF, 0xFFFF, 0xFFFF, 0xFFFF, 0xDF3D, 0xA597, 0x63F2, 0x2A6E, 0x016A, 0x0109, 0x012A,
  0x016A, 0x018B, 0x018B, 0x018B, 0x018B, 0x018B, 0x018B, 0x018B, 0x018B, 0x016A, 0x0129, 0x0109,
  0x0109, 0x0129, 0x098B, 0x222C, 0x42EF, 0x63D2, 0x7C94, 0x9537, 0xADD9, 0xB63A, 0xC67B, 0xCE9B,
  0xCEBC, 0xCEDC, 0xCEDC, 0xCEBB, 0xC69B, 0xBE5A, 0xB5F9, 0xA598, 0x8D16, 0x7474, 0x5BB2, 0x3AEF,
  0x222D, 0x09AB, 0x014A, 0x0109, 0x0109, 0x00E8, 0x00E8, 0x016A, 0x326E, 0x5BD2, 0x9D36, 0xD6DC,
  0xFFFF, 0xFFFF, 0xFFFF, 0xFFFF, 0xFFDF, 0xCE7A, 0x94B3, 0x4A6A, 0x08A4, 0x0001, 0x0001, 0x0042,
  0x0063, 0x0063, 0x0063, 0x0043, 0x0043, 0x0063, 0x0063, 0x0063, 0x0063, 0x0063, 0x0063, 0x0063,
  0x0063, 0x0063, 0x0063, 0x0063, 0x0063, 0x0063, 0x0063, 0x0063, 0x0063, 0x0063, 0x0063, 0x0063,
  0x0063, 0x0063, 0x0063, 0x0063, 0x0063, 0x0063, 0x0063, 0x0063, 0x0063, 0x0063, 0x0063, 0x0063,
  0x0063, 0x0063, 0x0063, 0x0063, 0x0063, 0x0063, 0x0063, 0x0063, 0x0043, 0x0063, 0x0063, 0x0063,
  0x0043, 0x0043, 0x0043, 0x0063, 0x0063, 0x0063, 0x0063, 0x0063, 0x0063, 0x0063, 0x0063, 0x0063,
  0x0063, 0x0063, 0x0063, 0x0063, 0x0063, 0x0063, 0x0043, 0x0063, 0x0063, 0x0063, 0x0043, 0x0043,
  0x0063, 0x0063, 0x0043, 0x0063, 0x0043, 0x0063, 0x0063, 0x0063, 0x0063, 0x0063, 0x0063, 0x0063,
  0x0063, 0x0063, 0x0043, 0x0063, 0x0063, 0x0043, 0x0063, 0x0043, 0x0063, 0x0063, 0x0063, 0x0022,
  0x0001, 0x0022, 0x2987, 0x73AF, 0xC618, 0xF7BE, 0xFFFF, 0xFFFF, 0xFFFF, 0xFFDF, 0xD6FC, 0x9D57,
  0x5371, 0x11EC, 0x014A, 0x0129, 0x014A, 0x018B, 0x018B, 0x018B, 0x018B, 0x018B, 0x018B, 0x018B,
  0x018B, 0x018B, 0x014A, 0x0109, 0x0109, 0x098B, 0x224D, 0x5371, 0x84B5, 0xB5F9, 0xD6FC, 0xEF9E,
  0xFFDF, 0xFFFF, 0xFFFF, 0xFFFF, 0xFFFF, 0xFFFF, 0xFFFF, 0xFFFF, 0xFFFF, 0xFFFF, 0xFFFF, 0xFFFF,
  0xFFFF, 0xFFFF, 0xFFFF, 0xFFFF, 0xFFFF, 0xFFFF, 0xFFFF, 0xF7DF, 0xEF9E, 0xD6DC, 0xADD9, 0x84B5,
  0x5391, 0x2A8E, 0x11AB, 0x0129, 0x00A8, 0x00C8, 0x0129, 0x09CB, 0x3ACE, 0x8494, 0xC65A, 0xEF7E,
  0xFFFF, 0xFFFF, 0xFFFF, 0xFFDF, 0xD6BB, 0x8C92, 0x422A, 0x0883, 0x0001, 0x0001, 0x0043, 0x0063,
  0x0063, 0x0063, 0x0063, 0x0063, 0x0063, 0x0063, 0x0063, 0x0063, 0x0063, 0x0063, 0x0063, 0x0063,
  0x0063, 0x0063, 0x0063, 0x0063, 0x0063, 0x0063, 0x0063, 0x0063, 0x0063, 0x0063, 0x0063, 0x0063,
  0x0063, 0x0063, 0x0063, 0x0063, 0x0063, 0x0063, 0x0063, 0x0063, 0x0063, 0x0063, 0x0063, 0x0063,
  0x0063, 0x0063, 0x0063, 0x0063, 0x0063, 0x0063, 0x0063, 0x0043, 0x0043, 0x0063, 0x0063, 0x0063,
  0x0043, 0x0063, 0x0063, 0x0063, 0x0063, 0x0063, 0x0063, 0x0063, 0x0063, 0x0063, 0x0043, 0x0043,
  0x0043, 0x0043, 0x0063, 0x0063, 0x0063, 0x0063, 0x0063, 0x0063, 0x0063, 0x0063, 0x0063, 0x0063,
  0x0063, 0x0063, 0x0063, 0x0063, 0x0063, 0x0063, 0x0063, 0x0063, 0x0063, 0x0043, 0x0063, 0x0043,
  0x0043, 0x0063, 0x0063, 0x0083, 0x0043, 0x0001, 0x0001, 0x10E4, 0x632D, 0xAD96, 0xEF7E, 0xFFFF,
  0xFFFF, 0xFFFF, 0xFFFF, 0xD6DC, 0x8D16, 0x4B50, 0x11CB, 0x0109, 0x0129, 0x016A, 0x018B, 0x018B,
  0x018B, 0x018A, 0x016A, 0x016A, 0x018B, 0x018B, 0x018B, 0x014A, 0x0109, 0x012A, 0x1A0C, 0x5371,
  0x8D16, 0xC67B, 0xEF9E, 0xFFFF, 0xFFFF, 0xFFFF, 0xFFFF, 0xFFFF, 0xFFFF, 0xFFFF, 0xFFFF, 0xFFFF,
  0xFFFF, 0xEFBF, 0xDF9E, 0xD77E, 0xD75E, 0xCF3E, 0xCF3E, 0xCF3E, 0xCF3E, 0xCF3E, 0xD77E, 0xE79E,
  0xEFBF, 0xFFDF, 0xFFFF, 0xFFFF, 0xFFFF, 0xFFFF, 0xFFFF, 0xFFFF, 0xFFFF, 0xEF9E, 0xCE9B, 0x9D77,
  0x63F2, 0x328E, 0x016A, 0x00E8, 0x00C8, 0x00C8, 0x016A, 0x328E, 0x6C33, 0xB619, 0xEF9E, 0xFFFF,
  0xFFFF, 0xFFFF, 0xF7DF, 0xCE59, 0x8431, 0x39C8, 0x0022, 0x0001, 0x0022, 0x0063, 0x0083, 0x0063,
  0x0063, 0x0063, 0x0063, 0x0063, 0x0063, 0x0063, 0x0043, 0x0063, 0x0063, 0x0063, 0x0043, 0x0063,
  0x0063, 0x0063, 0x0063, 0x0063, 0x0063, 0x0063, 0x0063, 0x0063, 0x0063, 0x0063, 0x0063, 0x0063,
  0x0063, 0x0063, 0x0063, 0x0063, 0x0063, 0x0063, 0x0063, 0x0063, 0x0063, 0x0063, 0x0063, 0x0063,
  0x0063, 0x0063, 0x0063, 0x0043, 0x0043, 0x0043, 0x0063, 0x0043, 0x0043, 0x0063, 0x0063, 0x0063,
  0x0063, 0x0063, 0x0063, 0x0063, 0x0063, 0x0063, 0x0063, 0x0063, 0x0063, 0x0063, 0x0063, 0x0063,
  0x0043, 0x0063, 0x0063, 0x0063, 0x0063, 0x0063, 0x0063, 0x0063, 0x0063, 0x0043, 0x0063, 0x0063,
  0x0063, 0x0063, 0x0063, 0x0063, 0x0063, 0x0043, 0x0063, 0x0063, 0x0063, 0x0063, 0x0002, 0x0001,
  0x0863, 0x4229, 0x9CF3, 0xE71C, 0xFFFF, 0xFFFF, 0xFFFF, 0xFFFF, 0xDF1D, 0x9557, 0x4350, 0x09CC,
  0x012A, 0x0129, 0x016A, 0x018B, 0x018B, 0x018A, 0x016A, 0x016A, 0x016A, 0x016A, 0x018B, 0x018B,
  0x016A, 0x0109, 0x0129, 0x19EC, 0x5BB1, 0xADD8, 0xE77E, 0xFFFF, 0xFFFF, 0xFFFF, 0xFFFF, 0xFFFF,
  0xFFFF, 0xFFFF, 0xEFBF, 0xD75E, 0xB6FD, 0x967C, 0x6DDB, 0x4D7B, 0x3D5A, 0x2D1A, 0x1CF9, 0x1CD9,
  0x14B9, 0x14B9, 0x14B9, 0x14B9, 0x14B9, 0x14B9, 0x14B9, 0x1CD9, 0x24F9, 0x353A, 0x4D7A, 0x65BB,
  0x863C, 0xA6BD, 0xCF3E, 0xE79E, 0xF7DF, 0xFFFF, 0xFFFF, 0xFFFF, 0xFFFF, 0xEF9E, 0xCE9B, 0x84B5,
  0x430F, 0x11AB, 0x00E8, 0x00C8, 0x00E8, 0x016A, 0x2A4D, 0x6C12, 0xBE3A, 0xEF7E, 0xFFFF, 0xFFFF,
  0xFFFF, 0xEF9E, 0xBE18, 0x6B8E, 0x2146, 0x0002, 0x0001, 0x0042, 0x0063, 0x0063, 0x0063, 0x0063,
  0x0063, 0x0063, 0x0043, 0x0043, 0x0063, 0x0063, 0x0063, 0x0063, 0x0063, 0x0063, 0x0063, 0x0063,
  0x0063, 0x0063, 0x0063, 0x0063, 0x0063, 0x0063, 0x0063, 0x0063, 0x0063, 0x0063, 0x0063, 0x0063,
  0x0063, 0x0063, 0x0063, 0x0063, 0x0063, 0x0063, 0x0063, 0x0063, 0x0063, 0x0063, 0x0043, 0x0043,
  0x0043, 0x0063, 0x0043, 0x0043, 0x0063, 0x0063, 0x0043, 0x0063, 0x0063, 0x0063, 0x0063, 0x0063,
  0x0063, 0x0063, 0x0063, 0x0063, 0x0043, 0x0063, 0x0043, 0x0043, 0x0063, 0x0063, 0x0063, 0x0063,
  0x0063, 0x0063, 0x0063, 0x0063, 0x0063, 0x0043, 0x0043, 0x0063, 0x0063, 0x0063, 0x0043, 0x0063,
  0x0063, 0x0063, 0x0063, 0x0042, 0x0001, 0x0001, 0x2967, 0x7BD0, 0xC639, 0xFFFF, 0xFFFF, 0xFFFF,
  0xFFFF, 0xE75D, 0xA598, 0x5BB1, 0x11EC, 0x0109, 0x012A, 0x016A, 0x018B, 0x018B, 0x018B, 0x018A,
  0x016A, 0x016A, 0x016A, 0x016A, 0x018B, 0x018B, 0x014A, 0x0109, 0x098B, 0x4B50, 0x9D77, 0xE73D,
  0xFFFF, 0xFFFF, 0xFFFF, 0xFFFF, 0xFFFF, 0xFFFF, 0xEFBF, 0xBF1D, 0x8E5C, 0x5D9B, 0x2D1A, 0x0C99,
  0x0458, 0x0458, 0x0458, 0x0458, 0x0478, 0x0478, 0x0478, 0x0C78, 0x0C78, 0x0C79, 0x0478, 0x0C78,
  0x0C79, 0x0478, 0x0478, 0x0478, 0x0478, 0x0478, 0x0458, 0x0458, 0x0458, 0x0479, 0x0499, 0x1CD9,
  0x455A, 0x6DFB, 0x9E9D, 0xCF3E, 0xF7DF, 0xFFFF, 0xFFFF, 0xFFFF, 0xFFFF, 0xCEBB, 0x8CF6, 0x4B0F,
  0x016A, 0x00E8, 0x00E8, 0x00E8, 0x014A, 0x326D, 0x7454, 0xBE3A, 0xEF9E, 0xFFFF, 0xFFFF, 0xFFFF,
  0xE75D, 0xA535, 0x52CC, 0x10A4, 0x0001, 0x0002, 0x0043, 0x0063, 0x0063, 0x0063, 0x0063, 0x0063,
  0x0063, 0x0063, 0x0063, 0x0063, 0x0063, 0x0063, 0x0063, 0x0063, 0x0063, 0x0063, 0x0063, 0x0063,
  0x0063, 0x0063, 0x0063, 0x0063, 0x0063, 0x0063, 0x0063, 0x0063, 0x0063, 0x0063, 0x0063, 0x0063,
  0x0063, 0x0063, 0x0063, 0x0063, 0x0063, 0x0043, 0x0063, 0x0043, 0x0043, 0x0043, 0x0043, 0x0043,
  0x0043, 0x0063, 0x0043, 0x0063, 0x0043, 0x0043, 0x0043, 0x0063, 0x0043, 0x0063, 0x0063, 0x0063,
  0x0063, 0x0063, 0x0063, 0x0063, 0x0063, 0x0063, 0x0063, 0x0063, 0x0063, 0x0063, 0x0063, 0x0063,
  0x0063, 0x0063, 0x0063, 0x0043, 0x0063, 0x0063, 0x0063, 0x0063, 0x0063, 0x0002, 0x0001, 0x0883,
  0x4A8B, 0xAD76, 0xEF5D, 0xFFFF, 0xFFFF, 0xFFFF, 0xF7BE, 0xBE5A, 0x63F2, 0x222D, 0x012A, 0x0109,
  0x016A, 0x018B, 0x018B, 0x016A, 0x016A, 0x016A, 0x016A, 0x016A, 0x016A, 0x016A, 0x018A, 0x018B,
  0x0129, 0x0109, 0x1A0C, 0x7454, 0xCEBC, 0xFFFF, 0xFFFF, 0xFFFF, 0xFFFF, 0xFFFF, 0xFFFF, 0xE79E,
  0xA6BD, 0x5D9B, 0x24D9, 0x0C78, 0x0438, 0x0438, 0x0458, 0x0C78, 0x0C78, 0x0C78, 0x0C78, 0x0C99,
  0x0C98, 0x0C98, 0x0C98, 0x0C98, 0x0C78, 0x0C78, 0x0C78, 0x0C78, 0x0C78, 0x0C78, 0x0C78, 0x0C78,
  0x0C78, 0x0C78, 0x0C98, 0x0C99, 0x0C99, 0x0C99, 0x0C99, 0x0478, 0x0458, 0x0438, 0x0458, 0x1499,
  0x2D1A, 0x65DB, 0xA6BD, 0xDF7E, 0xFFFF, 0xFFFF, 0xFFFF, 0xF7DF, 0xC69B, 0x7453, 0x222C, 0x0108,
  0x00E8, 0x0109, 0x0108, 0x0949, 0x328D, 0x84B4, 0xCEBB, 0xEFBF, 0xFFFF, 0xFFFF, 0xF7BF, 0xCE9A,
  0x8451, 0x31A8, 0x0042, 0x0001, 0x0022, 0x0063, 0x0063, 0x0063, 0x0063, 0x0063, 0x0063, 0x0063,
  0x0063, 0x0063, 0x0063, 0x0063, 0x0063, 0x0063, 0x0063, 0x0063, 0x0063, 0x0063, 0x0063, 0x0063,
  0x0063, 0x0063, 0x0063, 0x0063, 0x0063, 0x0063, 0x0063, 0x0063, 0x0063, 0x0063, 0x0063, 0x0063,
  0x0063, 0x0063, 0x0043, 0x0043, 0x0043, 0x0043, 0x0043, 0x0063, 0x0043, 0x0063, 0x0063, 0x0043,
  0x0043, 0x0063, 0x0063, 0x0063, 0x0063, 0x0063, 0x0063, 0x0063, 0x0063, 0x0063, 0x0063, 0x0063,
  0x0063, 0x0063, 0x0063, 0x0063, 0x0063, 0x0063, 0x0063, 0x0063, 0x0043, 0x0063, 0x0043, 0x0063,
  0x0063, 0x0063, 0x0043, 0x0001, 0x0001, 0x2967, 0x7BF0, 0xCE7A, 0xFFFF, 0xFFFF, 0xFFFF, 0xFFFF,
  0xD6DC, 0x8CF6, 0x3AAE, 0x014A, 0x0109, 0x014A, 0x018A, 0x018B, 0x018A, 0x016A, 0x016A, 0x016A,
  0x016A, 0x016A, 0x016A, 0x016A, 0x018B, 0x018B, 0x0129, 0x0109, 0x2A6D, 0x8D16, 0xEF7E, 0xFFFF,
  0xFFFF, 0xFFFF, 0xFFFF, 0xFFFF, 0xEFBF, 0xA6BD, 0x559B, 0x1CB9, 0x0458, 0x0458, 0x0458, 0x0C78,
  0x0C78, 0x0C98, 0x0C78, 0x0C78, 0x0C78, 0x0C78, 0x0C78, 0x0C78, 0x0C78, 0x0C78, 0x0C78, 0x0C78,
  0x0C78, 0x0C78, 0x0C78, 0x0C78, 0x0C78, 0x0C78, 0x0C79, 0x0C79, 0x0C79, 0x0C78, 0x0C78, 0x0C79,
  0x0C99, 0x0C78, 0x0C99, 0x0C99, 0x0C99, 0x0C99, 0x0C99, 0x0479, 0x0478, 0x0458, 0x0458, 0x1CD9,
  0x559B, 0x969D, 0xD75E, 0xFFFF, 0xFFFF, 0xFFFF, 0xEF7E, 0x9D57, 0x42CF, 0x0149, 0x0109, 0x0149,
  0x0129, 0x00E8, 0x096A, 0x4B0F, 0x8CF5, 0xC67A, 0xDF5D, 0xE77E, 0xE77E, 0xD6FC, 0xA556, 0x5B2D,
  0x2126, 0x0002, 0x0001, 0x0042, 0x0063, 0x0063, 0x0063, 0x0063, 0x0063, 0x0063, 0x0063, 0x0063,
  0x0063, 0x0063, 0x0063, 0x0063, 0x0063, 0x0063, 0x0063, 0x0063, 0x0063, 0x0063, 0x0063, 0x0063,
  0x0063, 0x0063, 0x0063, 0x0063, 0x0063, 0x0063, 0x0063, 0x0043, 0x0063, 0x0043, 0x0063, 0x0063,
  0x0043, 0x0063, 0x0063, 0x0063, 0x0063, 0x0043, 0x0043, 0x0063, 0x0063, 0x0043, 0x0063, 0x0063,
  0x0063, 0x0063, 0x0043, 0x0063, 0x0063, 0x0063, 0x0063, 0x0043, 0x0043, 0x0063, 0x0063, 0x0063,
  0x0063, 0x0063, 0x0063, 0x0043, 0x0063, 0x0063, 0x0063, 0x0063, 0x0001, 0x0001, 0x0883, 0x4A8B,
  0xAD76, 0xEF5D, 0xFFFF, 0xFFFF, 0xFFFF, 0xF79E, 0xADD8, 0x5391, 0x11CB, 0x0109, 0x0129, 0x016A,
  0x018A, 0x018A, 0x016A, 0x016A, 0x016A, 0x016A, 0x016A, 0x016A, 0x016A, 0x016A, 0x016A, 0x018B,
  0x014A, 0x0109, 0x224D, 0x9537, 0xEF9E, 0xFFFF, 0xFFFF, 0xF7DF, 0xFFFF, 0xFFFF, 0xE79F, 0x863C,
  0x2CF9, 0x0458, 0x0438, 0x0458, 0x0478, 0x0C98, 0x1499, 0x0C98, 0x0C78, 0x0C78, 0x0C78, 0x0C78,
  0x0C78, 0x0C78, 0x0C78, 0x0C78, 0x0C78, 0x0C79, 0x0C99, 0x0CB9, 0x0CBA, 0x04B9, 0x0499, 0x0478,
  0x0478, 0x0478, 0x0458, 0x0478, 0x0C78, 0x0C79, 0x0CB9, 0x0CB9, 0x0CDA, 0x0CDA, 0x0CBA, 0x0C99,
  0x0C99, 0x0C99, 0x0C78, 0x0C99, 0x0C99, 0x0C99, 0x0C99, 0x0479, 0x0458, 0x0458, 0x1CB9, 0x559B,
  0xA6BD, 0xEFBF, 0xFFFF, 0xFFFF, 0xF7DF, 0xB619, 0x4B30, 0x0129, 0x0108, 0x016A, 0x0129, 0x00C8,
  0x00E8, 0x19CB, 0x5B70, 0x9D57, 0xC69B, 0xCEDC, 0xD71D, 0xD6FC, 0xBE39, 0x8472, 0x422A, 0x08A4,
  0x0022, 0x0002, 0x0043, 0x0063, 0x0063, 0x0063, 0x0063, 0x0063, 0x0063, 0x0063, 0x0063, 0x0063,
  0x0063, 0x0063, 0x0063, 0x0063, 0x0063, 0x0063, 0x0063, 0x0063, 0x0063, 0x0063, 0x0063, 0x0063,
  0x0063, 0x0063, 0x0063, 0x0063, 0x0063, 0x0063, 0x0043, 0x0043, 0x0043, 0x0063, 0x0043, 0x0063,
  0x0063, 0x0063, 0x0063, 0x0063, 0x0043, 0x0043, 0x0063, 0x0063, 0x0063, 0x0043, 0x0043, 0x0063,
  0x0063, 0x0063, 0x0063, 0x0063, 0x0043, 0x0063, 0x0063, 0x0063, 0x0063, 0x0063, 0x0063, 0x0063,
  0x0063, 0x0042, 0x0001, 0x0001, 0x2966, 0x7BF0, 0xCE7A, 0xFFFF, 0xFFFF, 0xFFFF, 0xFFFF, 0xCEDB,
  0x84D5, 0x2A6D, 0x0129, 0x0109, 0x014A, 0x018A, 0x018A, 0x016A, 0x016A, 0x016A, 0x016A, 0x016A,
  0x016A, 0x016A, 0x016A, 0x016A, 0x016A, 0x018A, 0x016A, 0x00E9, 0x220C, 0x8CF6, 0xEF9E, 0xFFFF,
  0xFFFF, 0xF7DF, 0xFFFF, 0xFFFF, 0xDF9E, 0x7E1C, 0x1CB9, 0x0438, 0x0438, 0x0458, 0x0C98, 0x24F9,
  0x351A, 0x2D1A, 0x1CB9, 0x0C78, 0x0478, 0x0458, 0x0C58, 0x0C78, 0x0C78, 0x0C78, 0x0C99, 0x0C99,
  0x0499, 0x0478, 0x0437, 0x0394, 0x0312, 0x02D1, 0x0290, 0x0290, 0x0290, 0x0290, 0x0290, 0x0270,
  0x0270, 0x0291, 0x02B1, 0x02F2, 0x0333, 0x0B94, 0x0BF6, 0x0C37, 0x0C78, 0x0C99, 0x0C99, 0x0C99,
  0x0C99, 0x0C99, 0x0C99, 0x0C99, 0x0C99, 0x0C99, 0x0479, 0x0479, 0x0479, 0x24FA, 0x761C, 0xCF3E,
  0xFFFF, 0xFFFF, 0xFFFF, 0xB619, 0x4B0F, 0x0108, 0x00E8, 0x016A, 0x0149, 0x0108, 0x00C7, 0x0108,
  0x2A2C, 0x63F2, 0x9D57, 0xADF9, 0xB63A, 0xBE7B, 0xBE7B, 0xADB7, 0x6BB0, 0x31E9, 0x08A4, 0x0043,
  0x0063, 0x0063, 0x0063, 0x0063, 0x0063, 0x0063, 0x0063, 0x0063, 0x0063, 0x0063, 0x0063, 0x0063,
  0x0063, 0x0063, 0x0063, 0x0063, 0x0063, 0x0063, 0x0063, 0x0063, 0x0063, 0x0063, 0x0063, 0x0063,
  0x0063, 0x0063, 0x0043, 0x0043, 0x0063, 0x0063, 0x0063, 0x0043, 0x0043, 0x0043, 0x0043, 0x0043,
  0x0063, 0x0063, 0x0043, 0x0063, 0x0063, 0x0043, 0x0063, 0x0043, 0x0043, 0x0063, 0x0043, 0x0063,
  0x0063, 0x0063, 0x0063, 0x0063, 0x0083, 0x0063, 0x0022, 0x0001, 0x0001, 0x08A4, 0x52AB, 0xAD76,
  0xEF5D, 0xFFFF, 0xFFFF, 0xFFFF, 0xF7BE, 0xADF9, 0x5391, 0x11AB, 0x0109, 0x012A, 0x016A, 0x016A,
  0x016A, 0x016A, 0x016A, 0x016A, 0x016A, 0x016A, 0x016A, 0x016A, 0x016A, 0x016A, 0x016A, 0x018A,
  0x018A, 0x0109, 0x016A, 0x6C33, 0xDF3D, 0xFFFF, 0xFFFF, 0xF7DF, 0xFFFF, 0xFFFF, 0xEFBF, 0x865C,
  0x1CD9, 0x0438, 0x0418, 0x0C78, 0x351A, 0x559B, 0x65DB, 0x4D5A, 0x24D9, 0x0C78, 0x0458, 0x0458,
  0x0458, 0x0458, 0x0C78, 0x0C99, 0x0CB9, 0x0478, 0x0416, 0x0353, 0x0290, 0x01ED, 0x018B, 0x018B,
  0x01CD, 0x022F, 0x0270, 0x0271, 0x0291, 0x0270, 0x0270, 0x0270, 0x0270, 0x0271, 0x0271, 0x0291,
  0x0291, 0x02B2, 0x02B2, 0x02F3, 0x0334, 0x0375, 0x03D6, 0x0C17, 0x0C78, 0x0C99, 0x0C99, 0x0C99,
  0x0C99, 0x0C99, 0x0C99, 0x0CB9, 0x0CB9, 0x0479, 0x0459, 0x14B9, 0x5DBB, 0xBF1E, 0xFFFF, 0xFFFF,
  0xFFFF, 0xADB8, 0x326D, 0x00C7, 0x0129, 0x0169, 0x0149, 0x0128, 0x00E8, 0x00E8, 0x118A, 0x3AAE,
  0x7453, 0x6C12, 0x5350, 0x3AAD, 0x322A, 0x29A8, 0x08C4, 0x0043, 0x0063, 0x0063, 0x0063, 0x0063,
  0x0063, 0x0063, 0x0063, 0x0063, 0x0063, 0x0064, 0x0043, 0x00A5, 0x0064, 0x0063, 0x0063, 0x0063,
  0x0063, 0x0063, 0x0063, 0x0063, 0x0063, 0x0063, 0x0063, 0x0043, 0x0063, 0x0043, 0x0043, 0x0063,
  0x0043, 0x0063, 0x0043, 0x0063, 0x0043, 0x0043, 0x0063, 0x0063, 0x0063, 0x0063, 0x0043, 0x0063,
  0x0063, 0x0063, 0x0063, 0x0043, 0x0043, 0x0043, 0x0063, 0x0042, 0x0022, 0x0022, 0x0002, 0x0001,
  0x0001, 0x0001, 0x10A4, 0x4229, 0x8C72, 0xDEDB, 0xFFFF, 0xFFFF, 0xFFFF, 0xFFFF, 0xD6FC, 0x8CF5,
  0x2A6D, 0x0129, 0x0109, 0x0149, 0x016A, 0x018A, 0x016A, 0x014A, 0x016A, 0x016A, 0x016A, 0x016A,
  0x016A, 0x016A, 0x016A, 0x016A, 0x016A, 0x016A, 0x018B, 0x014A, 0x0109, 0x3AEF, 0xC67B, 0xFFFF,
  0xFFFF, 0xF7DF, 0xEFBF, 0xFFFF, 0xFFFF, 0x967C, 0x24D9, 0x0438, 0x0C79, 0x455A, 0x865C, 0xB6FD,
  0x969D, 0x4D7A, 0x1478, 0x0438, 0x0437, 0x0C58, 0x0C58, 0x0C58, 0x0458, 0x0499, 0x0479, 0x03F6,
  0x0312, 0x022E, 0x018B, 0x0149, 0x0129, 0x016B, 0x022F, 0x02D2, 0x02F3, 0x0313, 0x0313, 0x02F3,
  0x02B2, 0x02B2, 0x0292, 0x02D2, 0x0313, 0x0334, 0x0334, 0x0334, 0x0334, 0x0334, 0x0314, 0x0314,
  0x0313, 0x02F3, 0x02F3, 0x02F3, 0x0314, 0x0374, 0x03D6, 0x0C78, 0x0CB9, 0x0CB9, 0x0C99, 0x0C99,
  0x0C99, 0x0C99, 0x0CB9, 0x0499, 0x0458, 0x0479, 0x559B, 0xBF1E, 0xFFFF, 0xFFFF, 0xF7BF, 0x8CD5,
  0x116A, 0x00C7, 0x0129, 0x0129, 0x0129, 0x0149, 0x0108, 0x00C7, 0x0108, 0x00C6, 0x0064, 0x0002,
  0x0002, 0x0022, 0x0043, 0x0063, 0x0063, 0x0063, 0x0063, 0x0063, 0x0063, 0x0063, 0x0063, 0x0064,
  0x0064, 0x0022, 0x0188, 0x0107, 0x0043, 0x0063, 0x0063, 0x0063, 0x0063, 0x0063, 0x0063, 0x0063,
  0x0063, 0x0063, 0x0063, 0x0063, 0x0043, 0x0043, 0x0043, 0x0063, 0x0063, 0x0063, 0x0063, 0x0043,
  0x0063, 0x0063, 0x0063, 0x0043, 0x0043, 0x0043, 0x0063, 0x0063, 0x0063, 0x0063, 0x0043, 0x0063,
  0x0043, 0x0063, 0x0043, 0x10E5, 0x2125, 0x1905, 0x2966, 0x424A, 0x6B6E, 0xA514, 0xD69A, 0xFFDF,
  0xFFFF, 0xFFFF, 0xFFFF, 0xF7DF, 0xB619, 0x5BD2, 0x11CC, 0x0109, 0x0129, 0x016A, 0x018A, 0x016A,
  0x018A, 0x014A, 0x016A, 0x098A, 0x0149, 0x016A, 0x016A, 0x016A, 0x016A, 0x016A, 0x016A, 0x016A,
  0x016A, 0x018A, 0x0109, 0x11AB, 0x8D16, 0xF7BF, 0xFFFF, 0xFFFF, 0xCF5E, 0xC75E, 0xF7DF, 0xCF5E,
  0x455A, 0x0417, 0x14B9, 0x7E1C, 0xCF5E, 0xEFDF, 0xB6FD, 0x4D5A, 0x0458, 0x0417, 0x0458, 0x0C58,
  0x0C58, 0x0C58, 0x0C58, 0x0C99, 0x0437, 0x0333, 0x022E, 0x018B, 0x014A, 0x014A, 0x016A, 0x018B,
  0x022E, 0x02D2, 0x0313, 0x02F3, 0x02F2, 0x0291, 0x01EF, 0x01CE, 0x020F, 0x1AD1, 0x33B4, 0x33F5,
  0x1B74, 0x0313, 0x02F3, 0x02F3, 0x02F3, 0x02F3, 0x02D2, 0x02B2, 0x02B2, 0x02B1, 0x02B1, 0x0291,
  0x0291, 0x0291, 0x02B1, 0x0334, 0x0BF6, 0x0C58, 0x0CB9, 0x0CB9, 0x0CB9, 0x0C99, 0x0C79, 0x0C99,
  0x0C99, 0x0C99, 0x0459, 0x0479, 0x55BB, 0xC73E, 0xFFFF, 0xFFFF, 0xD6DC, 0x532F, 0x00C7, 0x0108,
  0x0149, 0x0128, 0x0128, 0x0128, 0x00E7, 0x0064, 0x0063, 0x0063, 0x0063, 0x0063, 0x0063, 0x0063,
  0x0063, 0x0063, 0x0063, 0x0063, 0x0063, 0x0063, 0x0084, 0x0063, 0x0022, 0x026D, 0x020B, 0x0043,
  0x0063, 0x0063, 0x0063, 0x0063, 0x0063, 0x0063, 0x0043, 0x0063, 0x0063, 0x0063, 0x0063, 0x0063,
  0x0063, 0x0063, 0x0063, 0x0043, 0x0043, 0x0063, 0x0063, 0x0063, 0x0043, 0x0063, 0x0043, 0x0063,
  0x0063, 0x0063, 0x0043, 0x0063, 0x0063, 0x0063, 0x0043, 0x0063, 0x0043, 0x0063, 0x0002, 0x31C8,
  0xE73C, 0xEF7D, 0xF7BE, 0xFFDF, 0xFFFF, 0xFFFF, 0xFFFF, 0xFFFF, 0xFFFF, 0xDEFC, 0x9516, 0x32AE,
  0x014A, 0x0109, 0x014A, 0x018A, 0x016A, 0x016A, 0x016A, 0x018A, 0x0108, 0x1A0C, 0x5350, 0x0949,
  0x0149, 0x016A, 0x016A, 0x016A, 0x016A, 0x016A, 0x016A, 0x018A, 0x016A, 0x0109, 0x430F, 0xCEDC,
  0xFFFF, 0xFFFF, 0xD75E, 0x8E7D, 0x9EDD, 0xAEDD, 0x65DB, 0x14D9, 0x251A, 0x8E7D, 0xEFFF, 0xEFDF,
  0xAEDD, 0x3D19, 0x0438, 0x0438, 0x0C58, 0x0C78, 0x0C38, 0x0C38, 0x0C58, 0x0C78, 0x0C17, 0x0312,
  0x01CC, 0x014A, 0x014A, 0x016A, 0x018B, 0x018B, 0x01ED, 0x0291, 0x0313, 0x0313, 0x02D2, 0x0270,
  0x01AD, 0x01AD, 0x3B31, 0x8D17, 0xD6DC, 0xF7BF, 0xCEBC, 0x8D58, 0x5C55, 0x2B53, 0x0291, 0x0250,
  0x0250, 0x022F, 0x022F, 0x022F, 0x01EE, 0x01CE, 0x01CE, 0x01CE, 0x01EE, 0x01EF, 0x020F, 0x020F,
  0x022F, 0x0290, 0x0333, 0x0BD6, 0x0C58, 0x0CB9, 0x0CB9, 0x0C99, 0x0C99, 0x0C99, 0x0C99, 0x0C99,
  0x0479, 0x0C99, 0x761C, 0xE79E, 0xFFFF, 0xFFFF, 0x9536, 0x116A, 0x00C7, 0x0149, 0x0128, 0x00C6,
  0x0063, 0x0063, 0x0063, 0x0063, 0x0063, 0x0063, 0x0063, 0x0063, 0x0063, 0x0063, 0x0063, 0x0063,
  0x0063, 0x0084, 0x0063, 0x0022, 0x0331, 0x02F0, 0x0022, 0x0063, 0x0063, 0x0063, 0x0063, 0x0063,
  0x0063, 0x0063, 0x0043, 0x0043, 0x0063, 0x0063, 0x0063, 0x0063, 0x0063, 0x0043, 0x0063, 0x0043,
  0x0043, 0x0043, 0x0043, 0x0063, 0x0063, 0x0043, 0x0063, 0x0043, 0x0043, 0x0043, 0x0043, 0x0043,
  0x0063, 0x0043, 0x0043, 0x0043, 0x0043, 0x0063, 0x0063, 0x0001, 0x9D35, 0xF7FF, 0xF7BF, 0xFFFF,
  0xFFFF, 0xFFFF, 0xE73D, 0xA597, 0x5391, 0x11CB, 0x0109, 0x0129, 0x016A, 0x018A, 0x016A, 0x016A,
  0x016A, 0x014A, 0x018A, 0x00E8, 0x328D, 0x9D56, 0x21C9, 0x0108, 0x016A, 0x016A, 0x016A, 0x014A,
  0x016A, 0x016A, 0x018A, 0x0129, 0x014A, 0x7C94, 0xFFDF, 0xFFFF, 0xEFBF, 0x7E3C, 0x457A, 0x9EBD,
  0x7E3C, 0x1CD9, 0x1CFA, 0x763C, 0xD73D, 0xC6BC, 0x7517, 0x2457, 0x0458, 0x0437, 0x0C78, 0x0C99,
  0x0C37, 0x03B6, 0x03F7, 0x0C58, 0x0C58, 0x0333, 0x01ED, 0x012A, 0x012A, 0x09AB, 0x01AB, 0x016A,
  0x01AB, 0x020E, 0x02B2, 0x0314, 0x02B2, 0x024F, 0x01ED, 0x018C, 0x4331, 0xB63A, 0xFFFF, 0xFFFF,
  0xE75D, 0x6455, 0x124F, 0x01CE, 0x0270, 0x02B1, 0x0270, 0x020E, 0x01EE, 0x01AD, 0x01CE, 0x022F,
  0x22F1, 0x4BD4, 0x6476, 0x74D6, 0x74D7, 0x74D7, 0x6476, 0x43B3, 0x1AD0, 0x022F, 0x01EF, 0x020F,
  0x0291, 0x0354, 0x0417, 0x0C99, 0x0CB9, 0x0C99, 0x0C79, 0x0C99, 0x0C99, 0x0499, 0x0458, 0x24FA,
  0x9E9D, 0xFFFF, 0xFFFF, 0xD6BB, 0x3A8D, 0x00A6, 0x00C6, 0x0063, 0x0063, 0x0063, 0x0063, 0x0063,
  0x0043, 0x0063, 0x0063, 0x0063, 0x0063, 0x0063, 0x0063, 0x0064, 0x0084, 0x0043, 0x0063, 0x0BF5,
  0x0394, 0x0022, 0x0063, 0x0064, 0x0063, 0x0063, 0x0063, 0x0063, 0x0063, 0x0063, 0x0063, 0x0063,
  0x0043, 0x0063, 0x0043, 0x0063, 0x0043, 0x0063, 0x0043, 0x0063, 0x0043, 0x0043, 0x0063, 0x0063,
  0x0063, 0x0063, 0x0043, 0x0063, 0x0063, 0x0043, 0x0063, 0x0063, 0x0043, 0x0043, 0x0063, 0x0063,
  0x0043, 0x0063, 0x0063, 0x0001, 0x4A6B, 0xDF5E, 0xE77E, 0xCEBB, 0x7454, 0x4330, 0x1A0C, 0x0129,
  0x00E9, 0x014A, 0x018A, 0x018A, 0x016A, 0x016A, 0x016A, 0x016A, 0x016A, 0x016A, 0x00E8, 0x3ACE,
  0xE75D, 0x42AD, 0x0086, 0x016A, 0x014A, 0x016A, 0x016A, 0x016A, 0x016A, 0x018A, 0x00E9, 0x19EC,
  0xB5F9, 0xFFFF, 0xFFFF, 0xA69C, 0x34F9, 0x3519, 0x969D, 0x55DC, 0x14FA, 0x1C97, 0x33B3, 0x4B0F,
  0x220C, 0x0108, 0x01AC, 0x03F6, 0x0C78, 0x0C58, 0x0C78, 0x03B5, 0x02D2, 0x03D6, 0x0479, 0x03D6,
  0x026F, 0x016B, 0x012A, 0x224D, 0x6C33, 0x4310, 0x016A, 0x01CC, 0x0250, 0x02B2, 0x02F3, 0x0270,
  0x01ED, 0x01AC, 0x09ED, 0x8D17, 0xF7DF, 0xFFFF, 0xFFFF, 0xB61A, 0x124F, 0x014B, 0x020F, 0x0333,
  0x02B1, 0x022F, 0x01EE, 0x018C, 0x0A2E, 0x4393, 0x9578, 0xCEDC, 0xEF9E, 0xFFFF, 0xFFFF, 0xFFFF,
  0xFFFF, 0xFFFF, 0xFFFF, 0xFFFF, 0xFFFF, 0xD71D, 0x8D79, 0x3BB4, 0x020F, 0x01CE, 0x0250, 0x0313,
  0x0417, 0x0C99, 0x0C99, 0x0C78, 0x0C99, 0x0C99, 0x0C99, 0x0479, 0x0479, 0x559B, 0xD75E, 0xFFFF,
  0xF7BF, 0x6BD1, 0x0023, 0x0043, 0x0084, 0x0063, 0x0063, 0x0063, 0x0063, 0x0063, 0x0063, 0x0063,
  0x0063, 0x0063, 0x0064, 0x0084, 0x0022, 0x10E5, 0x1CB9, 0x0418, 0x0023, 0x0063, 0x0064, 0x0063,
  0x0063, 0x0063, 0x0063, 0x0063, 0x0063, 0x0063, 0x0063, 0x0063, 0x0043, 0x0063, 0x0063, 0x0063,
  0x0063, 0x0063, 0x0063, 0x0043, 0x0043, 0x0043, 0x0043, 0x0063, 0x0063, 0x0043, 0x0063, 0x0043,
  0x0063, 0x0043, 0x0063, 0x0043, 0x0043, 0x0043, 0x0063, 0x0043, 0x0063, 0x0043, 0x0063, 0x0022,
  0x18E5, 0xC69A, 0xF7DF, 0xADB9, 0x0109, 0x0129, 0x014A, 0x016A, 0x018A, 0x016A, 0x016A, 0x016A,
  0x016A, 0x016A, 0x016A, 0x016A, 0x016A, 0x00E8, 0x32AE, 0xF7BF, 0x7C53, 0x0065, 0x016A, 0x016A,
  0x016A, 0x016A, 0x014A, 0x016A, 0x016A, 0x00E8, 0x3ACF, 0xDF1C, 0xFFFF, 0xCF3E, 0x557A, 0x0417,
  0x4539, 0x761C, 0x2CD8, 0x0332, 0x020D, 0x016A, 0x118A, 0x00E8, 0x00A7, 0x022E, 0x0C58, 0x0C58,
  0x0C78, 0x0C37, 0x02D1, 0x0290, 0x03D6, 0x0479, 0x0353, 0x01ED, 0x014A, 0x09CC, 0x8D16, 0xCEDC,
  0x4B30, 0x014A, 0x01AC, 0x0270, 0x02B2, 0x0291, 0x020E, 0x01CD, 0x018C, 0x226F, 0xC69B, 0xFFFF,
  0xFFDF, 0xFFFF, 0xC69B, 0x11CC, 0x01AD, 0x0AF2, 0x0333, 0x0270, 0x020E, 0x01AD, 0x0A2F, 0x6C55,
  0xC6BC, 0xFFFF, 0xFFFF, 0xFFFF, 0xFFFF, 0xFFFF, 0xFFFF, 0xFFFF, 0xE73D, 0xBE7B, 0xADD9, 0xA5D9,
  0xAE1A, 0xBE7B, 0xD71C, 0xEF9E, 0xBE9C, 0x5C76, 0x0250, 0x020F, 0x0270, 0x0333, 0x0C38, 0x0CB9,
  0x0C99, 0x0C79, 0x0C99, 0x0C99, 0x0C99, 0x0458, 0x1CB9, 0xA6BD, 0xFFFF, 0xFFFF, 0x94D4, 0x0863,
  0x0043, 0x0084, 0x0063, 0x0063, 0x0063, 0x0063, 0x0063, 0x0063, 0x0063, 0x0084, 0x00A4, 0x0002,
  0x29A8, 0x3D5B, 0x0C7B, 0x0084, 0x0043, 0x0064, 0x0063, 0x0063, 0x0063, 0x0063, 0x0063, 0x0063,
  0x0063, 0x0063, 0x0063, 0x0063, 0x0063, 0x0043, 0x0063, 0x0063, 0x0063, 0x0043, 0x0063, 0x0063,
  0x0043, 0x0063, 0x0063, 0x0043, 0x0043, 0x0063, 0x0043, 0x0063, 0x0063, 0x0063, 0x0043, 0x0063,
  0x0063, 0x0043, 0x0043, 0x0043, 0x0063, 0x0043, 0x0063, 0x0063, 0x0022, 0xA576, 0xEFBF, 0xCE9B,
  0x11EC, 0x016A, 0x016A, 0x016A, 0x016A, 0x016A, 0x016A, 0x016A, 0x016A, 0x016A, 0x016A, 0x016A,
  0x0109, 0x2A2C, 0xEF9E, 0xC639, 0x00C6, 0x0107, 0x016A, 0x016A, 0x016A, 0x014A, 0x016A, 0x016A,
  0x00E8, 0x5BB1, 0xFFFF, 0xFFFF, 0x7DFB, 0x0C57, 0x0437, 0x3D5A, 0x4D7A, 0x1352, 0x014A, 0x00A7,
  0x322B, 0x7412, 0x42CE, 0x0129, 0x026F, 0x0C37, 0x0C37, 0x0C78, 0x0BB5, 0x020E, 0x022F, 0x03B6,
  0x0438, 0x02D1, 0x01AC, 0x012A, 0x3B0F, 0xCEDC, 0xF7BE, 0x32AE, 0x00E9, 0x016A, 0x0250, 0x0291,
  0x020E, 0x01CD, 0x01ED, 0x018C, 0x228F, 0xD6FC, 0xFFFF, 0xF7DF, 0xFFFF, 0xF7DF, 0x32D0, 0x016B,
  0x022E, 0x0333, 0x0290, 0x018C, 0x01CD, 0x5BF3, 0xD6FD, 0xFFFF, 0xFFFF, 0xF7DF, 0xF7BF, 0xF7DF,
  0xFFFF, 0xE75D, 0x9557, 0x4392, 0x1A6F, 0x09ED, 0x01AD, 0x018D, 0x01AD, 0x01EE, 0x0A0E, 0x228F,
  0x5BF3, 0xA5D9, 0x9599, 0x2B32, 0x0230, 0x0250, 0x0291, 0x03B5, 0x0C99, 0x0C99, 0x0C79, 0x0C99,
  0x0C99, 0x0C99, 0x0478, 0x0479, 0x6DFB, 0xF7DF, 0xFFFF, 0xADB7, 0x10C4, 0x0022, 0x0084, 0x0063,
  0x0063, 0x0063, 0x0063, 0x0063, 0x0084, 0x0084, 0x0002, 0x426B, 0x5E1E, 0x0CDD, 0x00E7, 0x0022,
  0x0064, 0x0063, 0x0063, 0x0063, 0x0063, 0x0063, 0x0063, 0x0063, 0x0063, 0x0063, 0x0043, 0x0043,
  0x0063, 0x0043, 0x0043, 0x0063, 0x0063, 0x0063, 0x0043, 0x0063, 0x0043, 0x0043, 0x0063, 0x0063,
  0x0043, 0x0043, 0x0063, 0x0063, 0x0043, 0x0063, 0x0063, 0x0063, 0x0063, 0x0063, 0x0043, 0x0063,
  0x0043, 0x0063, 0x0043, 0x0063, 0x0001, 0x8432, 0xF7DF, 0xDF1D, 0x222D, 0x0149, 0x016A, 0x016A,
  0x016A, 0x016A, 0x016A, 0x016A, 0x016A, 0x016A, 0x016A, 0x0129, 0x11AA, 0xD6DC, 0xF7BE, 0x3A8D,
  0x00A6, 0x0149, 0x014A, 0x014A, 0x014A, 0x016A, 0x014A, 0x0108, 0x7474, 0xFFFF, 0xCF3E, 0x3CB8,
  0x03D6, 0x1457, 0x34D9, 0x2C35, 0x01ED, 0x00A7, 0x2A2C, 0xA598, 0xC67A, 0x3A6C, 0x00A6, 0x0290,
  0x0C38, 0x0C17, 0x0C37, 0x0354, 0x01AC, 0x020F, 0x0395, 0x0417, 0x02B1, 0x018B, 0x014A, 0x5BF3,
  0xF7BE, 0xFFFF, 0x42EF, 0x00C8, 0x01AB, 0x020E, 0x020F, 0x01CD, 0x01AC, 0x01CC, 0x018C, 0x1A6F,
  0xD71D, 0xFFFF, 0xF7DF, 0xF7DF, 0xFFFF, 0xAE19, 0x09AC, 0x01CC, 0x018C, 0x014B, 0x01CD, 0x4372,
  0xB61A, 0xFFFF, 0xFFFF, 0xF7BF, 0xF7BF, 0xF7DF, 0xFFFF, 0xEFBF, 0x84F7, 0x1A4E, 0x016C, 0x018D,
  0x01CD, 0x018C, 0x01CD, 0x020E, 0x01EE, 0x01CD, 0x01CD, 0x01AD, 0x018C, 0x01AD, 0x22B0, 0x5BF3,
  0x3352, 0x0270, 0x0270, 0x024F, 0x0313, 0x0C38, 0x0CB9, 0x0C79, 0x0C78, 0x0C78, 0x0C99, 0x0C99,
  0x0458, 0x457A, 0xDF7E, 0xFFFF, 0xC659, 0x1906, 0x0002, 0x0084, 0x0063, 0x0063, 0x0064, 0x0084,
  0x0064, 0x0002, 0x5B8F, 0x663F, 0x04DE, 0x016A, 0x0022, 0x0084, 0x0063, 0x0063, 0x0063, 0x0063,
  0x0063, 0x0063, 0x0063, 0x0063, 0x0063, 0x0063, 0x0063, 0x0043, 0x0063, 0x0063, 0x0043, 0x0063,
  0x0063, 0x0063, 0x0063, 0x0063, 0x0063, 0x0063, 0x0063, 0x0043, 0x0063, 0x0063, 0x0063, 0x0063,
  0x0043, 0x0043, 0x0043, 0x0063, 0x0063, 0x0043, 0x0063, 0x0043, 0x0063, 0x0063, 0x0043, 0x0063,
  0x0001, 0x6B6E, 0xF7DF, 0xE75D, 0x326E, 0x0129, 0x016A, 0x016A, 0x016A, 0x016A, 0x016A, 0x016A,
  0x014A, 0x016A, 0x014A, 0x0108, 0xADB8, 0xFFFF, 0x9D36, 0x00C6, 0x00E7, 0x016A, 0x014A, 0x014A,
  0x016A, 0x0149, 0x0108, 0x9516, 0xFFFF, 0x8DFB, 0x0BD6, 0x03B6, 0x1498, 0x2498, 0x12D0, 0x00E9,
  0x016A, 0x84B5, 0xEF9E, 0xB5F8, 0x1148, 0x0086, 0x020D, 0x03B6, 0x0417, 0x0437, 0x02F2, 0x018B,
  0x01ED, 0x0354, 0x0417, 0x02B1, 0x018B, 0x012A, 0x6C54, 0xFFFF, 0xFFFF, 0x8D16, 0x0109, 0x018B,
  0x01AC, 0x01CD, 0x018B, 0x01AC, 0x01ED, 0x01AC, 0x09AC, 0xC67B, 0xFFFF, 0xF7DF, 0xF7DF, 0xF7DF,
  0xFFFF, 0xD71C, 0xCEBB, 0xC69B, 0x8CF6, 0x84F6, 0xBE5B, 0xF7DF, 0xFFFF, 0xF7BF, 0xF7BF, 0xF7DF,
  0xF7BF, 0xEFBF, 0xC69B, 0x3B10, 0x014C, 0x01CD, 0x020E, 0x01ED, 0x022E, 0x2352, 0x1312, 0x020F,
  0x020E, 0x022F, 0x0250, 0x0270, 0x0270, 0x0270, 0x020F, 0x01EE, 0x2B11, 0x12D1, 0x0270, 0x0270,
  0x0250, 0x0291, 0x03B6, 0x0C99, 0x0C79, 0x0C78, 0x0C78, 0x0C79, 0x0C99, 0x0458, 0x24F9, 0xC73E,
  0xFFFF, 0xCE9A, 0x1926, 0x0002, 0x0084, 0x0063, 0x0084, 0x0043, 0x0043, 0x74B3, 0x663F, 0x04FF,
  0x020D, 0x0002, 0x0084, 0x0063, 0x0063, 0x0063, 0x0063, 0x0063, 0x0063, 0x0063, 0x0043, 0x0043,
  0x0043, 0x0063, 0x0043, 0x0063, 0x0063, 0x0063, 0x0063, 0x0063, 0x0063, 0x0063, 0x0063, 0x0043,
  0x0063, 0x0043, 0x0063, 0x0063, 0x0043, 0x0043, 0x0063, 0x0063, 0x0043, 0x0063, 0x0043, 0x0063,
  0x0043, 0x0063, 0x0043, 0x0043, 0x0063, 0x0063, 0x0043, 0x0063, 0x0001, 0x5AEC, 0xEFBF, 0xE77E,
  0x32AE, 0x0129, 0x016A, 0x016A, 0x016A, 0x016A, 0x016A, 0x016A, 0x0149, 0x016A, 0x00E8, 0x5BD1,
  0xFFFF, 0xDF3D, 0x532E, 0x0044, 0x0128, 0x016A, 0x0149, 0x016A, 0x0149, 0x00E8, 0x9D56, 0xEFBF,
  0x4CF9, 0x0375, 0x03B6, 0x0C37, 0x1416, 0x0A2E, 0x00C8, 0x2A6D, 0xC67B, 0xFFFF, 0x9D36, 0x00E7,
  0x0085, 0x01AC, 0x0355, 0x0417, 0x0417, 0x02B1, 0x018C, 0x01ED, 0x02D2, 0x03F7, 0x02F2, 0x018B,
  0x012A, 0x63F3, 0xFFFF, 0xFFFF, 0xEF7E, 0x224D, 0x014A, 0x0109, 0x0109, 0x014A, 0x016B, 0x012A,
  0x014A, 0x016B, 0x9D98, 0xFFFF, 0xF7BF, 0xF7DF, 0xF7DF, 0xF7DF, 0xF7DF, 0xFFFF, 0xFFFF, 0xFFFF,
  0xFFFF, 0xFFFF, 0xFFFF, 0xF7DF, 0xF7BF, 0xF7BF, 0xF7DF, 0xF7DF, 0xEF9E, 0xDF5D, 0x7474, 0x328F,
  0x228F, 0x016C, 0x018C, 0x01EE, 0x0A70, 0x7DFA, 0x3C97, 0x022F, 0x0291, 0x02B2, 0x02B2, 0x02B2,
  0x0291, 0x0291, 0x0291, 0x0291, 0x0250, 0x0290, 0x0270, 0x0270, 0x0291, 0x0270, 0x0250, 0x0334,
  0x0479, 0x0C99, 0x0C78, 0x0C79, 0x0C78, 0x0C99, 0x0458, 0x14B9, 0xBEFD, 0xFFFF, 0xD6DB, 0x2146,
  0x0043, 0x00A4, 0x0022, 0x10A5, 0x95B7, 0x65FF, 0x04FE, 0x0B10, 0x0002, 0x0064, 0x0063, 0x0063,
  0x0063, 0x0063, 0x0063, 0x0063, 0x0063, 0x0063, 0x0063, 0x0043, 0x0063, 0x0063, 0x0043, 0x0063,
  0x0043, 0x0063, 0x0063, 0x0063, 0x0063, 0x0063, 0x0063, 0x0043, 0x0043, 0x0063, 0x0063, 0x0063,
  0x0043, 0x0063, 0x0063, 0x0043, 0x0043, 0x0063, 0x0063, 0x0043, 0x0063, 0x0043, 0x0043, 0x0063,
  0x0043, 0x0063, 0x0043, 0x0063, 0x0001, 0x4A8B, 0xEFBF, 0xE77E, 0x32AE, 0x0109, 0x016A, 0x014A,
  0x014A, 0x014A, 0x0149, 0x0149, 0x016A, 0x0129, 0x19CB, 0xE75D, 0xF7BE, 0xB619, 0x1968, 0x0085,
  0x0149, 0x0149, 0x0149, 0x0149, 0x0129, 0xA597, 0xCF3E, 0x2416, 0x0375, 0x0BF6, 0x0437, 0x0374,
  0x01AB, 0x00C8, 0x4B50, 0xEF9E, 0xF7DF, 0x8CF5, 0x1148, 0x00C6, 0x018B, 0x02B2, 0x03D6, 0x0417,
  0x02B1, 0x018B, 0x01CC, 0x0271, 0x0375, 0x0333, 0x01AC, 0x012A, 0x4330, 0xF7DF, 0xFFDF, 0xFFFF,
  0xADB8, 0x00C8, 0x09AB, 0x63D2, 0xA598, 0xBE3A, 0xC67B, 0x7C95, 0x328E, 0x9557, 0xFFFF, 0xF7DF,
  0xF7DF, 0xF7DF, 0xF7DF, 0xF7DF, 0xF7DF, 0xFFFF, 0xFFDF, 0xF7DF, 0xF7DF, 0xF7DF, 0xF7BF, 0xF7BF,
  0xF7BF, 0xF7BF, 0xF7DF, 0xF7BF, 0xF7BF, 0xF7BF, 0xF7BF, 0xF7BF, 0xDF3D, 0xA5B9, 0x3B51, 0x018D,
  0x018C, 0x096A, 0x016A, 0x018C, 0x01CD, 0x020E, 0x0270, 0x0292, 0x02D2, 0x0314, 0x0314, 0x02F3,
  0x02D2, 0x02B1, 0x0291, 0x0291, 0x0270, 0x0271, 0x0291, 0x0250, 0x02F2, 0x0458, 0x0C99, 0x0C78,
  0x0C78, 0x0C79, 0x0C99, 0x0458, 0x1499, 0xBF5F, 0xD69A, 0x2147, 0x0064, 0x0002, 0x2967, 0xB67A,
  0x5DBE, 0x14DE, 0x2C33, 0x0022, 0x0064, 0x0063, 0x0063, 0x0063, 0x0063, 0x0063, 0x0063, 0x0063,
  0x0063, 0x0063, 0x0043, 0x0063, 0x0043, 0x0063, 0x0063, 0x0063, 0x0063, 0x0063, 0x0063, 0x0063,
  0x0063, 0x0043, 0x0043, 0x0063, 0x0043, 0x0063, 0x0063, 0x0063, 0x0063, 0x0043, 0x0063, 0x0043,
  0x0063, 0x0043, 0x0063, 0x0063, 0x0063, 0x0043, 0x0063, 0x0063, 0x0043, 0x0043, 0x0043, 0x0063,
  0x0001, 0x4A6B, 0xEFBF, 0xE77E, 0x32AE, 0x0109, 0x016A, 0x014A, 0x014A, 0x0149, 0x0149, 0x0149,
  0x0169, 0x00C7, 0x8CF5, 0xFFFF, 0xDF1D, 0x84B4, 0x0064, 0x0107, 0x014A, 0x0149, 0x0129, 0x0929,
  0x9D56, 0xAEBC, 0x0374, 0x0354, 0x03B6, 0x0417, 0x0374, 0x01AC, 0x00C8, 0x5BB1, 0xFFDF, 0xF7BF,
  0x9D57, 0x21EB, 0x00A6, 0x0129, 0x0250, 0x0396, 0x0417, 0x02B1, 0x018B, 0x01AC, 0x020E, 0x0313,
  0x0354, 0x01ED, 0x014A, 0x1A0C, 0xDF3D, 0xFFFF, 0xF7BF, 0xFFFF, 0x7412, 0x21CB, 0xC69B, 0xFFFF,
  0xFFFF, 0xFFFF, 0xFFFF, 0xFFFF, 0xFFFF, 0xFFFF, 0xF7DF, 0xF7DF, 0xF7DF, 0xF7DF, 0xF7DF, 0xF7BF,
  0xEF9E, 0xE77E, 0xEF9E, 0xF7BF, 0xF7DF, 0xF7DF, 0xF7DF, 0xF7BF, 0xF7BF, 0xF7BF, 0xF7DF, 0xF7DF,
  0xF7DF, 0xF7DF, 0xF7DF, 0xF7DF, 0xFFFF, 0xFFFF, 0xF7DF, 0x84B4, 0x1926, 0x0002, 0x00A5, 0x00A5,
  0x00A5, 0x00A6, 0x00E7, 0x0129, 0x01AB, 0x0270, 0x0314, 0x0355, 0x0334, 0x0314, 0x0314, 0x0313,
  0x02D2, 0x0291, 0x0291, 0x0291, 0x0271, 0x02B1, 0x0417, 0x0CB9, 0x0C99, 0x0C99, 0x0478, 0x0C99,
  0x04BA, 0x1352, 0x10C5, 0x0043, 0x0002, 0x3A2A, 0xDF5D, 0x5D7D, 0x149D, 0x4516, 0x0063, 0x0043,
  0x0064, 0x0063, 0x0063, 0x0063, 0x0063, 0x0063, 0x0043, 0x0063, 0x0063, 0x0043, 0x0043, 0x0063,
  0x0063, 0x0043, 0x0063, 0x0063, 0x0063, 0x0063, 0x0063, 0x0063, 0x0043, 0x0063, 0x0063, 0x0063,
  0x0063, 0x0063, 0x0063, 0x0063, 0x0063, 0x0063, 0x0043, 0x0043, 0x0063, 0x0043, 0x0043, 0x0063,
  0x0043, 0x0063, 0x0043, 0x0043, 0x0063, 0x0063, 0x0043, 0x0063, 0x0001, 0x4A6B, 0xEFBF, 0xE77E,
  0x3AAE, 0x0109, 0x016A, 0x0149, 0x0149, 0x0149, 0x0149, 0x0149, 0x00E8, 0x220B, 0xEF9E, 0xF79E,
  0xCEDC, 0x52EE, 0x0044, 0x0128, 0x016A, 0x0149, 0x0108, 0x42CD, 0x63B1, 0x0109, 0x02B1, 0x03D6,
  0x03D6, 0x0333, 0x01AC, 0x0109, 0x5371, 0xF7DF, 0xF7BF, 0xADD8, 0x534F, 0x00A6, 0x0107, 0x01CD,
  0x02D2, 0x0417, 0x0313, 0x018C, 0x01AC, 0x01CC, 0x02B2, 0x0355, 0x024F, 0x018B, 0x014A, 0x9D98,
  0xFFFF, 0xF7BF, 0xF7DF, 0xFFFF, 0xADD8, 0xDF1C, 0xFFFF, 0xF7DF, 0xF7DF, 0xF7DF, 0xF7BF, 0xF7DF,
  0xFFDF, 0xF7BF, 0xF7BF, 0xF7DF, 0xFFDF, 0xF7BF, 0xDF3D, 0xDF1D, 0xDF5D, 0xDF3D, 0xD71D, 0xDF5E,
  0xE75E, 0xF7BF, 0xF7DF, 0xF7DF, 0xF7BF, 0xF7BF, 0xF7BF, 0xF7BF, 0xF7BF, 0xEF9E, 0xEF9E, 0xEFBE,
  0xF7BF, 0xF7BF, 0xFFDF, 0xFFFF, 0xDEDB, 0x5B0D, 0x0043, 0x0085, 0x00C5, 0x00A5, 0x0084, 0x0063,
  0x0064, 0x00A5, 0x0128, 0x020E, 0x0313, 0x0355, 0x0334, 0x0314, 0x0334, 0x0313, 0x02D2, 0x0291,
  0x0291, 0x0271, 0x0291, 0x0BF7, 0x0CBA, 0x0C78, 0x04B9, 0x04BA, 0x028F, 0x0084, 0x0064, 0x0002,
  0x632E, 0xEFBE, 0x4D1C, 0x0C5C, 0x5DDA, 0x08C4, 0x0023, 0x0084, 0x0063, 0x0063, 0x0063, 0x0063,
  0x0063, 0x0063, 0x0043, 0x0063, 0x0063, 0x0043, 0x0063, 0x0043, 0x0063, 0x0043, 0x0043, 0x0063,
  0x0063, 0x0063, 0x0043, 0x0063, 0x0063, 0x0063, 0x0043, 0x0063, 0x0043, 0x0063, 0x0063, 0x0043,
  0x0063, 0x0063, 0x0063, 0x0043, 0x0063, 0x0063, 0x0063, 0x0043, 0x0063, 0x0043, 0x0043, 0x0043,
  0x0043, 0x0063, 0x0043, 0x0063, 0x0001, 0x4A6A, 0xEF9F, 0xE77E, 0x32AE, 0x0109, 0x016A, 0x0149,
  0x0149, 0x0149, 0x0149, 0x0149, 0x00A6, 0x8473, 0xFFFF, 0xD6FC, 0xC67B, 0x21A9, 0x0085, 0x0149,
  0x0149, 0x0149, 0x00E7, 0x00A5, 0x0064, 0x0108, 0x0334, 0x03B6, 0x0313, 0x01CC, 0x00E8, 0x32AE,
  0xEF9E, 0xFFFF, 0xB619, 0x7C94, 0x1168, 0x00A6, 0x016A, 0x0230, 0x0375, 0x0354, 0x01CD, 0x01AC,
  0x01AC, 0x020E, 0x0313, 0x02D2, 0x018B, 0x012A, 0x4350, 0xFFFF, 0xF7DF, 0xF7DF, 0xF7DF, 0xFFDF,
  0xFFFF, 0xFFFF, 0xF7DF, 0xF7DF, 0xF7DF, 0xF7DF, 0xF7DF, 0xF7DF, 0xF7DF, 0xF7DF, 0xF7DF, 0xF7DF,
  0xEF9E, 0xD6FC, 0xDF3D, 0xADD8, 0x7411, 0x5B2E, 0x5B4F, 0x8CB4, 0xCEBC, 0xDF3D, 0xEFBF, 0xF7DF,
  0xF7BF, 0xEF9E, 0xEF9E, 0xE77E, 0xEF7E, 0xEFBF, 0xF7DF, 0xF7DF, 0xF7BF, 0xF7BF, 0xEFBE, 0xF7BF,
  0xFFFF, 0xFFFF, 0x8C72, 0x0085, 0x00A5, 0x00A5, 0x00E6, 0x0989, 0x00A5, 0x00A5, 0x0084, 0x0084,
  0x00E7, 0x020D, 0x0314, 0x0355, 0x0314, 0x0334, 0x0334, 0x0313, 0x02B1, 0x0291, 0x0271, 0x0291,
  0x0BF6, 0x0CFA, 0x0478, 0x01EB, 0x0064, 0x0084, 0x0044, 0x8452, 0xEFDF, 0x44FC, 0x0C5C, 0x763B,
  0x1947, 0x0022, 0x0084, 0x0063, 0x0063, 0x0063, 0x0063, 0x0063, 0x0063, 0x0063, 0x0043, 0x0063,
  0x0063, 0x0043, 0x0063, 0x0043, 0x0043, 0x0063, 0x0063, 0x0063, 0x0063, 0x0063, 0x0063, 0x0043,
  0x0043, 0x0043, 0x0043, 0x0063, 0x0063, 0x0063, 0x0063, 0x0063, 0x0063, 0x0063, 0x0043, 0x0043,
  0x0043, 0x0043, 0x0063, 0x0043, 0x0063, 0x0063, 0x0043, 0x0063, 0x0043, 0x0043, 0x0043, 0x0063,
  0x0001, 0x4A6A, 0xEF9F, 0xE77E, 0x328E, 0x0109, 0x016A, 0x0149, 0x0149, 0x0149, 0x0149, 0x0108,
  0x0948, 0xDF1C, 0xFFDF, 0xCEDC, 0xADF8, 0x0907, 0x00A6, 0x0128, 0x0108, 0x0065, 0x1989, 0x42AD,
  0x00A5, 0x018B, 0x0334, 0x02D2, 0x020F, 0x014A, 0x118A, 0xCEBB, 0xFFFF, 0xCEBB, 0x8D36, 0x4B0F,
  0x0085, 0x0108, 0x01CE, 0x0291, 0x0334, 0x01ED, 0x01AC, 0x01CC, 0x01CD, 0x0270, 0x0313, 0x020E,
  0x018B, 0x098B, 0xC69B, 0xFFFF, 0xF7DF, 0xF7DF, 0xF7DF, 0xF7DF, 0xF7DF, 0xF7DF, 0xFFFF, 0xFFDF,
  0xF7DF, 0xF7DF, 0xFFDF, 0xFFDF, 0xF7DF, 0xF7DF, 0xF7DF, 0xF7DF, 0xD6FC, 0xCEDC, 0x6BD1, 0x08C6,
  0x0023, 0x0023, 0x0044, 0x0043, 0x31C9, 0xBE3A, 0xE77E, 0xF7BF, 0xF7BF, 0xE75D, 0xEF7E, 0xF7DF,
  0xEF9F, 0xD6DB, 0xBE39, 0xC65A, 0xCEBB, 0xE75E, 0xF7FF, 0xFFFF, 0xF7BF, 0xF7BF, 0xFFFF, 0x94D4,
  0x0043, 0x0084, 0x0149, 0x0A8E, 0x0085, 0x00A5, 0x00A5, 0x00A5, 0x0085, 0x0064, 0x0108, 0x0270,
  0x0355, 0x0334, 0x0314, 0x0334, 0x0314, 0x02B2, 0x0291, 0x0271, 0x02D2, 0x03B5, 0x0189, 0x0064,
  0x0064, 0x08A5, 0xAD56, 0xE7FF, 0x2C9B, 0x0C3B, 0x9EDE, 0x3209, 0x0002, 0x0084, 0x0063, 0x0063,
  0x0063, 0x0063, 0x0063, 0x0063, 0x0063, 0x0043, 0x0043, 0x0063, 0x0043, 0x0063, 0x0043, 0x0063,
  0x0063, 0x0063, 0x0043, 0x0043, 0x0063, 0x0063, 0x0043, 0x0043, 0x0063, 0x0063, 0x0043, 0x0063,
  0x0063, 0x0063, 0x0063, 0x0063, 0x0063, 0x0063, 0x0043, 0x0043, 0x0043, 0x0043, 0x0063, 0x0063,
  0x0043, 0x0043, 0x0043, 0x0063, 0x0043, 0x0043, 0x0043, 0x0063, 0x0001, 0x4A6B, 0xEF9F, 0xE75E,
  0x328E, 0x0109, 0x014A, 0x0149, 0x0149, 0x0149, 0x0149, 0x0086, 0x4B0E, 0xFFFF, 0xE77E, 0xD6FC,
  0x9D36, 0x00A6, 0x00C6, 0x0107, 0x0023, 0x3A2A, 0xD6DC, 0x4AEE, 0x00A6, 0x01EE, 0x0250, 0x020F,
  0x018A, 0x00E8, 0x8D16, 0xFFFF, 0xF79E, 0x9557, 0x7CB5, 0x1148, 0x00A6, 0x016B, 0x020F, 0x02B1,
  0x022F, 0x01AC, 0x01CD, 0x01AC, 0x020E, 0x02B2, 0x02B1, 0x01CC, 0x012A, 0x53B2, 0xFFFF, 0xF7DF,
  0xF7DF, 0xF7DF, 0xF7DF, 0xF7DF, 0xFFFF, 0xEF9E, 0xDF3D, 0xD6FC, 0xCEBB, 0xCEBB, 0xD71C, 0xEF7E,
  0xF7DF, 0xF7DF, 0xF7DF, 0xE77E, 0xDF5E, 0x6BD0, 0x0002, 0x0085, 0x00C5, 0x00C5, 0x00C5, 0x00C5,
  0x0003, 0x4AAC, 0xDF3D, 0xEFBF, 0xF7BF, 0xE77E, 0xE77E, 0x8C93, 0x3A2A, 0x1106, 0x08A5, 0x08C5,
  0x1106, 0x31E9, 0x73D0, 0xBE39, 0xFFFF, 0xFFFF, 0xF7BE, 0xFFFF, 0x7BF1, 0x0044, 0x00C6, 0x00A5,
  0x00A5, 0x0085, 0x00A5, 0x00A5, 0x00A5, 0x00A5, 0x0084, 0x0085, 0x01CC, 0x0334, 0x0334, 0x0314,
  0x0334, 0x0334, 0x02D3, 0x02B2, 0x01ED, 0x00C6, 0x00A5, 0x0044, 0x1968, 0xCE59, 0xE7FF, 0x249B,
  0x03DA, 0x9EDF, 0x4ACC, 0x0001, 0x0084, 0x0063, 0x0063, 0x0063, 0x0063, 0x0063, 0x0063, 0x0063,
  0x0063, 0x0043, 0x0043, 0x0063, 0x0063, 0x0043, 0x0043, 0x0063, 0x0043, 0x0043, 0x0043, 0x0043,
  0x0063, 0x0063, 0x0043, 0x0063, 0x0063, 0x0043, 0x0043, 0x0063, 0x0063, 0x0063, 0x0063, 0x0043,
  0x0043, 0x0043, 0x0063, 0x0063, 0x0063, 0x0043, 0x0063, 0x0043, 0x0043, 0x0063, 0x0063, 0x0043,
  0x0063, 0x0063, 0x0043, 0x0063, 0x0001, 0x4A6A, 0xE79E, 0xE75D, 0x328E, 0x0108, 0x0149, 0x0149,
  0x0149, 0x0149, 0x0128, 0x0065, 0x9D35, 0xFFFF, 0xD71C, 0xD71D, 0x8CD5, 0x0064, 0x00E6, 0x0064,
  0x4AAC, 0xF79E, 0xADB8, 0x00A5, 0x0129, 0x020E, 0x01EE, 0x01CC, 0x00C7, 0x3AAD, 0xF7DF, 0xFFFF,
  0xBE3A, 0x84F6, 0x5B70, 0x0085, 0x00E7, 0x01CD, 0x020F, 0x022F, 0x01AC, 0x01CC, 0x01AD, 0x01EE,
  0x01ED, 0x018B, 0x01AC, 0x018B, 0x016A, 0xBE3A, 0xFFFF, 0xF7BF, 0xF7DF, 0xF7DF, 0xFFFF, 0xF7BF,
  0xD71C, 0xC69B, 0xC6BB, 0xCEDC, 0xCEFC, 0xD71D, 0xCEDC, 0xC6BB, 0xDF3D, 0xF7DF, 0xF7BF, 0xE77E,
  0xB619, 0x1106, 0x0084, 0x00A5, 0x00A5, 0x00A5, 0x00A5, 0x00A5, 0x0084, 0x1927, 0xC69B, 0xEF9E,
  0xE77E, 0xC69B, 0x3A4B, 0x0003, 0x0044, 0x0085, 0x0084, 0x0084, 0x0064, 0x0064, 0x0023, 0x08A5,
  0x636F, 0xDF1C, 0xFFFF, 0xF7BF, 0xF7DF, 0x3A6B, 0x0044, 0x00C5, 0x00C6, 0x0149, 0x00C6, 0x00A5,
  0x00A5, 0x00A5, 0x00A5, 0x00A5, 0x0084, 0x0149, 0x02F3, 0x0335, 0x0314, 0x0334, 0x0376, 0x020E,
  0x00A5, 0x00A5, 0x0024, 0x3A4B, 0xE71C, 0xD77F, 0x1C9B, 0x0C3B, 0xAF3F, 0x6BD0, 0x0002, 0x0043,
  0x0022, 0x0063, 0x0063, 0x0063, 0x0063, 0x0063, 0x0063, 0x0043, 0x0043, 0x0063, 0x0063, 0x0043,
  0x0063, 0x0063, 0x0063, 0x0063, 0x0043, 0x0043, 0x0063, 0x0063, 0x0063, 0x0063, 0x0043, 0x0063,
  0x0063, 0x0063, 0x0063, 0x0043, 0x0063, 0x0043, 0x0063, 0x0063, 0x0063, 0x0063, 0x0063, 0x0063,
  0x0063, 0x0063, 0x0063, 0x0063, 0x0043, 0x0063, 0x0043, 0x0063, 0x0063, 0x0043, 0x0043, 0x0063,
  0x0001, 0x4A6A, 0xE77E, 0xDF3D, 0x328D, 0x0108, 0x0149, 0x0149, 0x0149, 0x0149, 0x00C7, 0x1127,
  0xD6DB, 0xFFFF, 0xCEBB, 0xD71D, 0x8CD4, 0x0085, 0x0064, 0x3A2B, 0xF7DF, 0xEF9E, 0x534F, 0x0064,
  0x0149, 0x01CD, 0x01CD, 0x014A, 0x0108, 0xADF8, 0xFFFF, 0xEF9E, 0x9536, 0x8D16, 0x324C, 0x0085,
  0x0128, 0x01CE, 0x01ED, 0x01CD, 0x01CD, 0x01CC, 0x01AC, 0x014A, 0x00E7, 0x00C6, 0x018B, 0x016B,
  0x32CF, 0xF7DF, 0xF7DF, 0xF7DF, 0xF7DF, 0xFFFF, 0xEF7E, 0xC6BB, 0xC6BC, 0xCEFC, 0xB63A, 0x8CF5,
  0x7C32, 0x7C32, 0x8CD4, 0xC67A, 0xCEDC, 0xD6FC, 0xF7DF, 0xEF9E, 0x9D36, 0x0064, 0x00C5, 0x00A5,
  0x00A5, 0x00A5, 0x00A5, 0x08C6, 0x0043, 0x4ACD, 0xDF1D, 0xDF3D, 0xE77E, 0x428C, 0x0002, 0x00C5,
  0x00A5, 0x00A5, 0x00A5, 0x0085, 0x00A5, 0x0085, 0x00A5, 0x00A5, 0x0003, 0x2147, 0xB618, 0xFFFF,
  0xFFFF, 0xBE18, 0x0084, 0x00A5, 0x00E6, 0x0129, 0x00A6, 0x00A5, 0x00A5, 0x00A5, 0x00A5, 0x00A5,
  0x00A6, 0x0064, 0x0108, 0x02F3, 0x0376, 0x0334, 0x01CC, 0x00A5, 0x00A5, 0x0064, 0x5B4F, 0xFFDF,
  0xBF3F, 0x149B, 0x041B, 0xA73F, 0x94F4, 0x0002, 0x0043, 0x1905, 0x2987, 0x0022, 0x0063, 0x0043,
  0x0063, 0x0063, 0x0063, 0x0063, 0x0063, 0x0043, 0x0063, 0x0043, 0x0063, 0x0043, 0x0043, 0x0043,
  0x0063, 0x0063, 0x0043, 0x0043, 0x0043, 0x0043, 0x0063, 0x0043, 0x0043, 0x0043, 0x0063, 0x0043,
  0x0063, 0x0063, 0x0043, 0x0043, 0x0063, 0x0063, 0x0063, 0x0063, 0x0063, 0x0063, 0x0043, 0x0063,
  0x0063, 0x0043, 0x0043, 0x0063, 0x0043, 0x0063, 0x0043, 0x0063, 0x0001, 0x4A6A, 0xE77E, 0xDF3D,
  0x328D, 0x0108, 0x0149, 0x0149, 0x0149, 0x0149, 0x0085, 0x3A6C, 0xFFDF, 0xFFDF, 0xCEBB, 0xD71C,
  0xA597, 0x0086, 0x1147, 0xDEFC, 0xFFFF, 0xB63A, 0x4B2F, 0x0085, 0x016A, 0x01CD, 0x016A, 0x00A6,
  0x3A8D, 0xFFDF, 0xFFFF, 0xD6DC, 0x84F6, 0x8CF5, 0x1969, 0x0085, 0x0129, 0x01CD, 0x01CD, 0x01CD,
  0x01CD, 0x018B, 0x00A6, 0x00A5, 0x0907, 0x0108, 0x01CC, 0x012A, 0x84D5, 0xFFFF, 0xEFBF, 0xF7DF,
  0xFFFF, 0xE75D, 0xC69B, 0xCEFC, 0xB619, 0x5B2E, 0x1127, 0x0064, 0x0043, 0x0023, 0x0043, 0x2168,
  0x8CD4, 0xD6FD, 0xDF3D, 0xE77E, 0xBE5A, 0x10E6, 0x0002, 0x00A5, 0x00A5, 0x00A5, 0x0085, 0x1947,
  0x7412, 0xD6FC, 0xDF5D, 0xDF5E, 0xB5F9, 0x00C6, 0x00C6, 0x00A5, 0x00A5, 0x00C6, 0x00C6, 0x00A5,
  0x00A5, 0x0906, 0x00C6, 0x00A5, 0x00C5, 0x0023, 0x10C5, 0xBE19, 0xFFFF, 0xFFDF, 0x428C, 0x0044,
  0x00A5, 0x0084, 0x00A5, 0x00A5, 0x00A6, 0x00A6, 0x00A6, 0x00A6, 0x00A5, 0x00C6, 0x0084, 0x0128,
  0x02D2, 0x018A, 0x00A5, 0x0085, 0x0085, 0x8493, 0xFFFF, 0xB71E, 0x14DC, 0x045C, 0xA71F, 0xADD7,
  0x0044, 0x0043, 0x0842, 0xBDF8, 0xC618, 0x0022, 0x0043, 0x0063, 0x0063, 0x0063, 0x0063, 0x0043,
  0x0063, 0x0063, 0x0043, 0x0043, 0x0043, 0x0063, 0x0063, 0x0043, 0x0063, 0x0063, 0x0063, 0x0063,
  0x0043, 0x0043, 0x0063, 0x0063, 0x0043, 0x0043, 0x0043, 0x0043, 0x0043, 0x0043, 0x0063, 0x0063,
  0x0063, 0x0063, 0x0063, 0x0043, 0x0063, 0x0063, 0x0063, 0x0063, 0x0043, 0x0043, 0x0043, 0x0063,
  0x0063, 0x0063, 0x0063, 0x0063, 0x0001, 0x4A6B, 0xE75E, 0xDF3D, 0x326D, 0x0108, 0x0149, 0x0129,
  0x0149, 0x0128, 0x0065, 0x42EF, 0xFFFF, 0xF7BF, 0xCEBC, 0xCEDC, 0xC67B, 0x08E6, 0x9D15, 0xFFFF,
  0xDF1D, 0xA5B8, 0x534F, 0x0064, 0x0149, 0x016B, 0x0129, 0x0085, 0x9D15, 0xFFFF, 0xFFFF, 0xB619,
  0x8D16, 0x7C94, 0x0907, 0x0085, 0x014A, 0x01CD, 0x01CD, 0x01AC, 0x018A, 0x0086, 0x21CA, 0x7412,
  0x1106, 0x00E8, 0x018B, 0x016A, 0xCEBB, 0xFFFF, 0xF7BF, 0xFFFF, 0xE75E, 0xC69B, 0xD6FD, 0x84B4,
  0x1106, 0x0023, 0x0064, 0x00A5, 0x00A5, 0x00A5, 0x00A5, 0x0044, 0x00A5, 0x8CF5, 0xDF1D, 0xDF3D,
  0xE77E, 0xB5D8, 0x5B0E, 0x0907, 0x0085, 0x00A5, 0x00A5, 0x00A5, 0x29CA, 0x42CD, 0x4ACE, 0xCEDC,
  0xC69B, 0x0907, 0x00E7, 0x0108, 0x0108, 0x0108, 0x0128, 0x00E7, 0x0948, 0x4519, 0x1ACF, 0x0064,
  0x00A6, 0x00E7, 0x0086, 0x1968, 0xD6DC, 0xFFFF, 0x8CF5, 0x00A6, 0x00C6, 0x0107, 0x00C6, 0x0085,
  0x00C6, 0x00C6, 0x00C6, 0x00C6, 0x00C6, 0x00C6, 0x00C6, 0x00A5, 0x00C6, 0x00C6, 0x0065, 0x1107,
  0xA597, 0xFFFF, 0x96BE, 0x0CFC, 0x049C, 0x96DF, 0xCE9A, 0x08C5, 0x0064, 0x0043, 0x02D0, 0xC77F,
  0xFFFF, 0x424A, 0x0001, 0x0063, 0x0063, 0x0063, 0x0043, 0x0063, 0x0063, 0x0063, 0x0063, 0x0043,
  0x0063, 0x0063, 0x0043, 0x0063, 0x0063, 0x0063, 0x0063, 0x0043, 0x0043, 0x0043, 0x0043, 0x0043,
  0x0063, 0x0043, 0x0043, 0x0043, 0x0043, 0x0043, 0x0063, 0x0063, 0x0043, 0x0063, 0x0043, 0x0043,
  0x0063, 0x0063, 0x0063, 0x0063, 0x0063, 0x0063, 0x0043, 0x0063, 0x0063, 0x0063, 0x0063, 0x0063,
  0x0001, 0x4A6B, 0xE77E, 0xDF1D, 0x326D, 0x0108, 0x0149, 0x0129, 0x0149, 0x0107, 0x00A5, 0x2310,
  0xCF5E, 0xFFDF, 0xCEBC, 0xC6BB, 0xC6BB, 0xA556, 0xF7BE, 0xF7BF, 0xC67A, 0x9D97, 0x9D36, 0x1947,
  0x0024, 0x00A5, 0x00C6, 0x1148, 0xDEFC, 0xFFFF, 0xF7BE, 0x9557, 0x8D16, 0x7453, 0x08C6, 0x00A5,
  0x018B, 0x01CD, 0x01CD, 0x014A, 0x0064, 0x3A6C, 0xDF1D, 0x63B1, 0x0064, 0x0129, 0x0109, 0x326D,
  0xF7BF, 0xF7DF, 0xF7DF, 0xEF9E, 0xC69B, 0xD6FD, 0x7432, 0x0064, 0x0064, 0x00C5, 0x00A5, 0x00A5,
  0x00A5, 0x00A5, 0x00A5, 0x00C6, 0x00A5, 0x00C6, 0x5B4F, 0x9536, 0xA577, 0x94F5, 0x428C, 0x00A6,
  0x00A6, 0x00A6, 0x00A5, 0x00A6, 0x0085, 0x0065, 0x0065, 0x3A6C, 0xADD8, 0x4AEE, 0x00C7, 0x0128,
  0x0108, 0x0128, 0x0128, 0x0128, 0x0128, 0x1311, 0x01EC, 0x0128, 0x01CB, 0x0129, 0x0169, 0x00A7,
  0x4B2F, 0xFFFF, 0xBE7B, 0x018C, 0x018B, 0x020E, 0x02B1, 0x016A, 0x00A5, 0x00C6, 0x00C6, 0x00C6,
  0x00C6, 0x00C6, 0x00C6, 0x00C6, 0x00E6, 0x0044, 0x21A9, 0xCE7A, 0xFFFF, 0x7E5D, 0x0D7D, 0x04FD,
  0x7EBE, 0xE75D, 0x2168, 0x0023, 0x0022, 0x022D, 0x04FB, 0x3D9B, 0xFFFF, 0xB5B7, 0x0022, 0x0063,
  0x0063, 0x0043, 0x0063, 0x0063, 0x0063, 0x0063, 0x0063, 0x0063, 0x0063, 0x0063, 0x0043, 0x0063,
  0x0063, 0x0043, 0x0063, 0x0043, 0x0063, 0x0043, 0x0043, 0x0043, 0x0043, 0x0043, 0x0043, 0x0043,
  0x0043, 0x0043, 0x0043, 0x0063, 0x0063, 0x0063, 0x0063, 0x0063, 0x0063, 0x0063, 0x0063, 0x0043,
  0x0043, 0x0043, 0x0043, 0x0043, 0x0063, 0x0063, 0x0043, 0x0063, 0x0001, 0x4A6B, 0xE75E, 0xD71D,
  0x2A4D, 0x0108, 0x0149, 0x0129, 0x0129, 0x00E7, 0x08E6, 0x4454, 0x7D99, 0xFFDF, 0xCEBC, 0xCEBC,
  0xCEBB, 0xF7BF, 0xDF3D, 0xD6FC, 0xADF9, 0x8D16, 0xCE9B, 0xCE7A, 0x8C94, 0x5B4E, 0x0024, 0x5B2F,
  0xFFFF, 0xFFFF, 0xE75E, 0x84D5, 0x8D16, 0x7C94, 0x0907, 0x00A5, 0x0149, 0x018B, 0x016A, 0x0086,
  0x3A6C, 0xEF7E, 0xADF9, 0x19AA, 0x00A6, 0x0149, 0x00A7, 0x6BF2, 0xFFFF, 0xF7BF, 0xF7DF, 0xCEDC,
  0xD71D, 0x84B4, 0x0064, 0x0085, 0x00C5, 0x00A5, 0x00A5, 0x00A5, 0x00A5, 0x00A5, 0x00C6, 0x00C6,
  0x00C6, 0x00E7, 0x0065, 0x0085, 0x00C6, 0x0065, 0x0064, 0x00C6, 0x00C6, 0x00A6, 0x00C6, 0x00C6,
  0x00C6, 0x00E6, 0x00E7, 0x0086, 0x00E7, 0x198A, 0x0108, 0x0128, 0x0128, 0x0128, 0x0128, 0x0128,
  0x0128, 0x00E7, 0x00E7, 0x01AB, 0x024F, 0x0129, 0x0149, 0x0129, 0x0129, 0xC69B, 0xD71D, 0x01CD,
  0x01CD, 0x01ED, 0x022F, 0x0230, 0x018B, 0x00C6, 0x00C6, 0x00C6, 0x00C6, 0x00C6, 0x00E6, 0x00E6,
  0x0044, 0x42AD, 0xE75D, 0xFFFF, 0x663E, 0x1DDE, 0x0D9D, 0x6E5E, 0xEFBE, 0x3A2A, 0x0043, 0x0023,
  0x4A8B, 0x7E5C, 0x04BA, 0x0479, 0xB6FE, 0xFFDF, 0x31C8, 0x0001, 0x0063, 0x0043, 0x0063, 0x0063,
  0x0063, 0x0063, 0x0043, 0x0063, 0x0063, 0x0063, 0x0063, 0x0063, 0x0063, 0x0063, 0x0063, 0x0063,
  0x0063, 0x0043, 0x0063, 0x0063, 0x0043, 0x0043, 0x0043, 0x0063, 0x0043, 0x0063, 0x0063, 0x0063,
  0x0063, 0x0043, 0x0063, 0x0063, 0x0063, 0x0063, 0x0063, 0x0063, 0x0043, 0x0063, 0x0063, 0x0063,
  0x0043, 0x0063, 0x0043, 0x0063, 0x0001, 0x4A6B, 0xE75E, 0xD71C, 0x2A4C, 0x0108, 0x0129, 0x0129,
  0x0129, 0x00C6, 0x08E6, 0x6DD9, 0x3477, 0xF79E, 0xDF1D, 0xC69B, 0xCEDC, 0xCEDC, 0xC69B, 0xCEDC,
  0xADD8, 0x9D77, 0xADD8, 0xBE5A, 0xC67B, 0x4ACD, 0x0023, 0x638F, 0xBE19, 0xA597, 0xB5F9, 0x6C54,
  0x7474, 0x84D5, 0x29EB, 0x0085, 0x00E6, 0x00E6, 0x0044, 0x3A8C, 0xEF9E, 0xCEBB, 0x5BB1, 0x1989,
  0x00A5, 0x0128, 0x00C7, 0x9536, 0xFFFF, 0xF7DF, 0xE75E, 0xCEFC, 0xB5F9, 0x10E6, 0x0064, 0x00C5,
  0x00A5, 0x00A5, 0x00A5, 0x00A5, 0x00C6, 0x00E7, 0x0108, 0x0108, 0x0129, 0x0108, 0x00E6, 0x00C6,
  0x00A5, 0x00C6, 0x00C6, 0x00C6, 0x00C6, 0x00C6, 0x00C6, 0x00C6, 0x00C6, 0x00E7, 0x00E7, 0x0128,
  0x0108, 0x00E7, 0x0108, 0x0128, 0x0128, 0x0129, 0x0128, 0x0129, 0x0129, 0x0129, 0x0129, 0x0129,
  0x0129, 0x0149, 0x0129, 0x0149, 0x0108, 0x9536, 0xD6FC, 0x018C, 0x01CD, 0x01AC, 0x01AC, 0x1AB0,
  0x0270, 0x01CD, 0x00E7, 0x00C6, 0x00C6, 0x00E7, 0x00C6, 0x0065, 0x63D1, 0xFFDF, 0xF7FF, 0x4E3E,
  0x263F, 0x15DE, 0x665E, 0xFFFF, 0x530E, 0x0002, 0x0023, 0x2168, 0xCEBB, 0xFFDF, 0xB6FD, 0x0C99,
  0x455A, 0xFFFF, 0x94B3, 0x0001, 0x0063, 0x0063, 0x0043, 0x0063, 0x0063, 0x0063, 0x0063, 0x0043,
  0x0063, 0x0063, 0x0063, 0x0063, 0x0063, 0x0063, 0x0043, 0x0063, 0x0043, 0x0043, 0x0063, 0x0063,
  0x0063, 0x0063, 0x0063, 0x0043, 0x0043, 0x0043, 0x0043, 0x0063, 0x0043, 0x0043, 0x0063, 0x0043,
  0x0063, 0x0063, 0x0043, 0x0063, 0x0043, 0x0063, 0x0043, 0x0043, 0x0063, 0x0043, 0x0043, 0x0063,
  0x0001, 0x4A8B, 0xDF5E, 0xD6FC, 0x2A2C, 0x00E8, 0x0128, 0x0128, 0x0128, 0x00A6, 0x0927, 0x86FD,
  0x1479, 0x8D9A, 0xF79E, 0xC69B, 0xCEBB, 0xC69B, 0xCEDC, 0xD71D, 0xA5B8, 0x7C73, 0x536F, 0x2A0A,
  0x00A5, 0x0044, 0x0043, 0x0064, 0x0045, 0x0003, 0x42AD, 0x53B2, 0x5BB1, 0x5BB1, 0x324B, 0x0085,
  0x00A5, 0x0044, 0x4ACD, 0xEF7D, 0xF79E, 0x84B5, 0x5391, 0x1127, 0x00A5, 0x0128, 0x00E7, 0xB5F8,
  0xFFFF, 0xF7BF, 0xD6FC, 0xD6FD, 0x428C, 0x0023, 0x00C6, 0x00A5, 0x00A5, 0x00A5, 0x00A5, 0x00E7,
  0x0129, 0x014A, 0x016B, 0x016B, 0x0108, 0x00A6, 0x00C6, 0x00C6, 0x00C6, 0x00C6, 0x00A6, 0x00C6,
  0x00C6, 0x00A6, 0x00C6, 0x00C6, 0x00E7, 0x0108, 0x0108, 0x0108, 0x0128, 0x0108, 0x0108, 0x0108,
  0x0128, 0x0129, 0x0129, 0x0149, 0x0149, 0x0149, 0x0149, 0x0149, 0x0149, 0x0149, 0x014A, 0x016A,
  0x00C8, 0x8CF5, 0x9D78, 0x012A, 0x01CD, 0x018C, 0x8517, 0xAE7C, 0x0270, 0x02B2, 0x01AC, 0x00C6,
  0x0107, 0x00A6, 0x00E7, 0x8CD5, 0xFFFF, 0xDF9F, 0x465E, 0x3E9F, 0x2E3E, 0x4E1E, 0xFFFF, 0x7411,
  0x0023, 0x0084, 0x2147, 0xB5F9, 0xCEDC, 0xC69B, 0xF7BE, 0xC71E, 0x0CB9, 0xCF7F, 0xEF1C, 0x10E5,
  0x0022, 0x0063, 0x0063, 0x0043, 0x0063, 0x0063, 0x0063, 0x0063, 0x0063, 0x0043, 0x0063, 0x0063,
  0x0063, 0x0063, 0x0063, 0x0043, 0x0063, 0x0043, 0x0043, 0x0063, 0x0043, 0x0043, 0x0043, 0x0043,
  0x0043, 0x0043, 0x0063, 0x0063, 0x0043, 0x0043, 0x0063, 0x0043, 0x0063, 0x0063, 0x0043, 0x0063,
  0x0063, 0x0063, 0x0043, 0x0063, 0x0043, 0x0063, 0x0043, 0x0063, 0x0001, 0x4A8B, 0xDF5E, 0xD6DC,
  0x2A0B, 0x00E7, 0x0128, 0x0128, 0x0128, 0x00A5, 0x1168, 0x66DE, 0x0396, 0x6CD8, 0xF7BE, 0xC69B,
  0xCEBB, 0xDF1D, 0xC69B, 0x7C52, 0x21A9, 0x0084, 0x0002, 0x0023, 0x1106, 0x3A4B, 0x5B2E, 0x7C32,
  0x94F5, 0x9D15, 0x94F5, 0x8D16, 0x8D16, 0xA577, 0xADD8, 0xB5D8, 0xA556, 0x94D4, 0xAD97, 0xA597,
  0xADB8, 0x7453, 0x5BD1, 0x1127, 0x00A5, 0x0108, 0x0908, 0xC67A, 0xFFFF, 0xE75D, 0xD6FD, 0x9D57,
  0x0085, 0x00A5, 0x00A5, 0x00A5, 0x00A5, 0x00A5, 0x0108, 0x016B, 0x016B, 0x018C, 0x016B, 0x00E7,
  0x00A6, 0x00C6, 0x00C6, 0x00C6, 0x00C6, 0x00C6, 0x00C6, 0x00A5, 0x00A6, 0x00E7, 0x0128, 0x016A,
  0x018B, 0x018B, 0x018B, 0x018B, 0x01AB, 0x01ED, 0x022E, 0x022E, 0x020D, 0x01CB, 0x016A, 0x0107,
  0x00E7, 0x00E7, 0x00E7, 0x00E7, 0x0107, 0x0108, 0x0149, 0x014A, 0x0149, 0x9D98, 0x3311, 0x016B,
  0x01ED, 0x01AC, 0x4BB3, 0x3BF4, 0x02F3, 0x024F, 0x0108, 0x0107, 0x00A6, 0x1189, 0xB5F9, 0xFFFF,
  0xD79F, 0x469F, 0x673F, 0x367F, 0x3E1E, 0xFFFF, 0x94F5, 0x0043, 0x0084, 0x0043, 0x7C32, 0xDF5E,
  0xD71D, 0xCEBC, 0xC69B, 0xFFDF, 0xA6DD, 0x6DFC, 0xFFFF, 0x52CC, 0x0001, 0x0063, 0x0043, 0x0063,
  0x0063, 0x0063, 0x0063, 0x0043, 0x0063, 0x0063, 0x0063, 0x0063, 0x0063, 0x0063, 0x0063, 0x0043,
  0x0063, 0x0063, 0x0043, 0x0063, 0x0043, 0x0043, 0x0043, 0x0043, 0x0043, 0x0063, 0x0043, 0x0063,
  0x0063, 0x0063, 0x0043, 0x0043, 0x0043, 0x0043, 0x0063, 0x0063, 0x0043, 0x0063, 0x0043, 0x0043,
  0x0043, 0x0043, 0x0043, 0x0063, 0x0001, 0x4A6B, 0xDF5E, 0xCEDC, 0x220B, 0x00E7, 0x0128, 0x0108,
  0x0108, 0x0085, 0x0968, 0x1DDC, 0x23D6, 0xE75E, 0xD6FC, 0xCEBB, 0xD6FC, 0x84B4, 0x2189, 0x0002,
  0x0002, 0x2168, 0x6B8F, 0xAD97, 0xD6DB, 0xE75D, 0xE77E, 0xD71D, 0xD6FC, 0xCEDC, 0xBE5A, 0xADF9,
  0xADD9, 0xADF9, 0xADD9, 0xADF9, 0xB63A, 0xBE3A, 0xADF8, 0x9536, 0x7453, 0x5BD2, 0x6C13, 0x21AA,
  0x0085, 0x00C7, 0x1969, 0xCEBB, 0xFFFF, 0xD71C, 0xD71D, 0x532E, 0x0044, 0x00C6, 0x00A5, 0x00A5,
  0x00A5, 0x00E7, 0x018B, 0x018B, 0x018B, 0x016B, 0x00E7, 0x00C6, 0x00C6, 0x00C6, 0x00C6, 0x00C6,
  0x00C6, 0x00C6, 0x00C6, 0x00E7, 0x0149, 0x018B, 0x01AC, 0x01AC, 0x018C, 0x01AC, 0x024F, 0x02F2,
  0x0333, 0x02F1, 0x022D, 0x0169, 0x00E6, 0x00A5, 0x0064, 0x0063, 0x0063, 0x0043, 0x0043, 0x0063,
  0x0063, 0x0064, 0x0064, 0x00E7, 0x4B2F, 0x4B50, 0x018C, 0x01EE, 0x01CD, 0x01CC, 0x016B, 0x01CD,
  0x022E, 0x0107, 0x00E7, 0x0086, 0x324C, 0xD6FC, 0xFFFF, 0xC79F, 0x4EDF, 0x97BF, 0x773F, 0x25FE,
  0xE7DF, 0xBE18, 0x0084, 0x0084, 0x0084, 0x0084, 0x10C4, 0x3A09, 0x8CB3, 0xD6FD, 0xD71D, 0xC6BC,
  0xFFFF, 0x9E7D, 0xE7BF, 0xAD35, 0x0001, 0x0063, 0x0043, 0x0063, 0x0043, 0x0043, 0x0063, 0x0043,
  0x0063, 0x0063, 0x0063, 0x0063, 0x0063, 0x0063, 0x0063, 0x0063, 0x0043, 0x0063, 0x0043, 0x0063,
  0x0063, 0x0063, 0x0063, 0x0043, 0x0043, 0x0043, 0x0043, 0x0063, 0x0063, 0x0043, 0x0043, 0x0063,
  0x0063, 0x0043, 0x0063, 0x0063, 0x0043, 0x0043, 0x0063, 0x0043, 0x0063, 0x0063, 0x0043, 0x0063,
  0x0001, 0x4A8B, 0xDF3D, 0xCEDC, 0x2A0B, 0x00E7, 0x0108, 0x0108, 0x0107, 0x00A5, 0x0989, 0x0438,
  0x8DDB, 0xEF7D, 0xC69B, 0xBE5A, 0x4ACD, 0x0023, 0x0003, 0x3A0A, 0xA556, 0xE73D, 0xEF9E, 0xDF3D,
  0xCEDC, 0xBE7B, 0xBE3A, 0xB619, 0xA5B8, 0xA598, 0xA577, 0x9D77, 0x9D77, 0x9D77, 0xA597, 0xA598,
  0xA598, 0x8D16, 0x8D16, 0x9557, 0x7494, 0x63F2, 0x7474, 0x324C, 0x00A6, 0x00E7, 0x1969, 0xCE9B,
  0xF7DF, 0xDF1D, 0xC67B, 0x1968, 0x0065, 0x00C6, 0x00A6, 0x00A5, 0x00C6, 0x016B, 0x018B, 0x018B,
  0x018B, 0x00E7, 0x00C6, 0x00C6, 0x00C6, 0x00C6, 0x00C6, 0x00C6, 0x00C6, 0x00C6, 0x0129, 0x01AB,
  0x01AC, 0x018B, 0x018B, 0x01ED, 0x02D1, 0x03B5, 0x03D5, 0x02F1, 0x0189, 0x0084, 0x0042, 0x0022,
  0x0042, 0x0063, 0x0063, 0x0063, 0x0063, 0x0063, 0x0063, 0x0063, 0x0063, 0x0063, 0x0063, 0x08A4,
  0x1126, 0x0043, 0x00C6, 0x018B, 0x01CC, 0x01CD, 0x01ED, 0x014A, 0x00E7, 0x00E7, 0x0086, 0x5B70,
  0xEFBE, 0xFFFF, 0xBF9F, 0x5F3F, 0xAFFF, 0x7F3F, 0x2DFE, 0xDFDF, 0xDEFB, 0x1927, 0x0043, 0x0084,
  0x0063, 0x0063, 0x0043, 0x0002, 0x0002, 0x31E9, 0xADB8, 0xDF5E, 0xD71C, 0xDF5E, 0xD77F, 0xE73C,
  0x10C4, 0x0042, 0x0063, 0x0063, 0x0043, 0x0063, 0x0063, 0x0043, 0x0063, 0x0043, 0x0063, 0x0063,
  0x0063, 0x0063, 0x0063, 0x0063, 0x0063, 0x0063, 0x0063, 0x0043, 0x0043, 0x0063, 0x0063, 0x0043,
  0x0043, 0x0063, 0x0063, 0x0043, 0x0043, 0x0063, 0x0043, 0x0063, 0x0063, 0x0043, 0x0043, 0x0043,
  0x0063, 0x0043, 0x0063, 0x0063, 0x0043, 0x0043, 0x0043, 0x0063, 0x0001, 0x4A8B, 0xD73D, 0xCEBB,
  0x21EB, 0x00C7, 0x0108, 0x0108, 0x0107, 0x0085, 0x21A9, 0x5477, 0xCEFD, 0xDF3D, 0xB619, 0x29C9,
  0x0001, 0x1947, 0x9D35, 0xEF7E, 0xE75E, 0xCEDC, 0xBE7B, 0xADB8, 0x8CD4, 0x6BD0, 0x52ED, 0x3A6B,
  0x29EA, 0x2189, 0x1947, 0x1126, 0x1127, 0x1968, 0x21A9, 0x2A0A, 0x3A8C, 0x4AEE, 0x534F, 0x6BF1,
  0x7453, 0x7454, 0x7474, 0x42CE, 0x00E7, 0x00E7, 0x1107, 0xC67A, 0xF7DF, 0xDF3D, 0x9D77, 0x00A5,
  0x00C6, 0x00A6, 0x00C6, 0x00A6, 0x014A, 0x018C, 0x018B, 0x018B, 0x0108, 0x00C6, 0x00C6, 0x00C6,
  0x00C6, 0x00C6, 0x00C6, 0x00C6, 0x0108, 0x016A, 0x01AC, 0x018B, 0x018B, 0x020E, 0x0312, 0x0417,
  0x0457, 0x02D0, 0x0107, 0x0022, 0x0022, 0x0043, 0x0063, 0x0063, 0x0063, 0x0063, 0x0063, 0x0063,
  0x0063, 0x0063, 0x0063, 0x0063, 0x0063, 0x0063, 0x0084, 0x0063, 0x0043, 0x0084, 0x0063, 0x0063,
  0x00E7, 0x018B, 0x0128, 0x0107, 0x0108, 0x00E8, 0x8494, 0xFFFF, 0xFFFF, 0xBF9F, 0x7F7F, 0xB7DF,
  0x773F, 0x2E3F, 0xC77F, 0xEF7D, 0x29EA, 0x0023, 0x00A4, 0x0063, 0x0063, 0x0063, 0x0063, 0x0083,
  0x0063, 0x0001, 0x0884, 0x8CB3, 0xD71D, 0xDF3D, 0xF7DF, 0xFFFF, 0x424A, 0x0001, 0x0063, 0x0043,
  0x0063, 0x0063, 0x0063, 0x0063, 0x0063, 0x0063, 0x0043, 0x0063, 0x0063, 0x0063, 0x0063, 0x0063,
  0x0063, 0x0063, 0x0063, 0x0043, 0x0063, 0x0043, 0x0043, 0x0063, 0x0043, 0x0043, 0x0043, 0x0063,
  0x0043, 0x0043, 0x0043, 0x0063, 0x0043, 0x0043, 0x0063, 0x0063, 0x0043, 0x0063, 0x0043, 0x0043,
  0x0063, 0x0043, 0x0043, 0x0063, 0x0001, 0x4A8B, 0xD71D, 0xCEBB, 0x21EB, 0x00C7, 0x0107, 0x0107,
  0x0107, 0x0085, 0x1147, 0xC6BC, 0xEF9F, 0xB619, 0x29C9, 0x0002, 0x4AAC, 0xDEFC, 0xF7DF, 0xC69B,
  0x9D77, 0x7C32, 0x42AC, 0x1968, 0x00A5, 0x0043, 0x0023, 0x0044, 0x0064, 0x0064, 0x0064, 0x0064,
  0x0044, 0x0002, 0x0003, 0x0023, 0x0023, 0x0044, 0x0064, 0x00A5, 0x1168, 0x2A0B, 0x430E, 0x5350,
  0x0107, 0x00A6, 0x08E6, 0xBE39, 0xEF9E, 0xD71D, 0x84B4, 0x0065, 0x00C6, 0x00A5, 0x00A5, 0x0108,
  0x018B, 0x018B, 0x018C, 0x0149, 0x00C6, 0x00C6, 0x00C6, 0x00C6, 0x00C6, 0x00C6, 0x00C6, 0x0128,
  0x01AC, 0x01AC, 0x016B, 0x01AC, 0x02F1, 0x0417, 0x0479, 0x0353, 0x0148, 0x0022, 0x0022, 0x0063,
  0x0063, 0x0063, 0x0063, 0x0063, 0x0063, 0x0063, 0x0063, 0x0063, 0x0063, 0x0063, 0x0063, 0x0063,
  0x0063, 0x0063, 0x0063, 0x0084, 0x0084, 0x0064, 0x0084, 0x0084, 0x0085, 0x00C6, 0x0107, 0x00C7,
  0x118A, 0xA598, 0xFFFF, 0xFFDF, 0xAF9F, 0x8F9F, 0xD7FF, 0x8F5F, 0x267F, 0xB75F, 0xFFFF, 0x4AED,
  0x0003, 0x00A4, 0x0084, 0x0063, 0x0063, 0x0063, 0x0063, 0x0063, 0x0063, 0x0083, 0x0042, 0x0001,
  0x7C11, 0xE77E, 0xEF9E, 0xFFFF, 0x7BF0, 0x0001, 0x0083, 0x0063, 0x0063, 0x0043, 0x0063, 0x0063,
  0x0063, 0x0043, 0x0063, 0x0063, 0x0063, 0x0063, 0x0063, 0x0063, 0x0063, 0x0063, 0x0063, 0x0063,
  0x0063, 0x0043, 0x0043, 0x0043, 0x0043, 0x0063, 0x0043, 0x0063, 0x0063, 0x0043, 0x0043, 0x0063,
  0x0063, 0x0043, 0x0063, 0x0043, 0x0063, 0x0063, 0x0063, 0x0063, 0x0043, 0x0063, 0x0063, 0x0063,
  0x0001, 0x4A6B, 0xD71D, 0xC69B, 0x21EA, 0x00C6, 0x0107, 0x00E7, 0x00E7, 0x00A5, 0x08C5, 0xE71C,
  0xE75E, 0x324B, 0x0001, 0x636F, 0xF7DF, 0xDF1D, 0x9536, 0x5B6F, 0x1968, 0x0043, 0x0023, 0x0064,
  0x0084, 0x0085, 0x0084, 0x00C5, 0x00C5, 0x00A5, 0x0968, 0x0AB0, 0x1B52, 0x4370, 0x3B2F, 0x1A4D,
  0x0169, 0x00E7, 0x0107, 0x00A6, 0x0064, 0x0064, 0x00A6, 0x0928, 0x00E7, 0x00C6, 0x00A6, 0x9D56,
  0xE75E, 0xDF3D, 0x7412, 0x0044, 0x00C6, 0x00C6, 0x00C6, 0x014A, 0x018B, 0x018B, 0x016B, 0x00E7,
  0x00C6, 0x00C6, 0x00C6, 0x00C6, 0x00C6, 0x00C6, 0x0129, 0x01AC, 0x01AC, 0x016B, 0x024F, 0x03B5,
  0x0478, 0x0437, 0x022D, 0x0063, 0x0022, 0x0063, 0x0063, 0x0063, 0x0063, 0x0063, 0x0063, 0x0063,
  0x0063, 0x0063, 0x0063, 0x0063, 0x0063, 0x0063, 0x0063, 0x0063, 0x0063, 0x0063, 0x0063, 0x0107,
  0x00C5, 0x0064, 0x0085, 0x00A5, 0x00C6, 0x0107, 0x00C7, 0x2A2D, 0xCE9B, 0xFFFF, 0xF7DF, 0xB7BF,
  0x97BF, 0xD7FF, 0xA79F, 0x3EBF, 0xAF5F, 0xFFFF, 0x6BF1, 0x0023, 0x00A5, 0x0084, 0x0063, 0x0063,
  0x0063, 0x0063, 0x0063, 0x0063, 0x0063, 0x0063, 0x0063, 0x0043, 0x0022, 0x8CB3, 0xE77E, 0xFFFF,
  0xA555, 0x0001, 0x0063, 0x0063, 0x0063, 0x0063, 0x0043, 0x0063, 0x0043, 0x0043, 0x0063, 0x0043,
  0x0063, 0x0063, 0x0063, 0x0063, 0x0063, 0x0063, 0x0063, 0x0063, 0x0043, 0x0063, 0x0043, 0x0043,
  0x0043, 0x0063, 0x0043, 0x0043, 0x0063, 0x0043, 0x0063, 0x0063, 0x0043, 0x0063, 0x0043, 0x0043,
  0x0043, 0x0043, 0x0063, 0x0043, 0x0063, 0x0063, 0x0043, 0x0063, 0x0001, 0x4A8B, 0xD6FD, 0xC69B,
  0x21CA, 0x00A6, 0x00E7, 0x00E7, 0x00E7, 0x00C6, 0x00A5, 0xD6BB, 0x7C52, 0x0002, 0x636F, 0xFFFF,
  0xC67A, 0x5B6F, 0x1106, 0x0043, 0x0064, 0x0085, 0x00C6, 0x014A, 0x01CD, 0x01ED, 0x018B, 0x00A5,
  0x00A5, 0x00A5, 0x00A6, 0x0148, 0x0A6E, 0x4CD8, 0x9E9E, 0xBF1E, 0xAEBD, 0x6D79, 0x1416, 0x02F2,
  0x022D, 0x01AB, 0x00E7, 0x0084, 0x00A6, 0x0107, 0x0064, 0x73F1, 0xDF3D, 0xDF3D, 0x6390, 0x0044,
  0x00E6, 0x00C6, 0x00E7, 0x018B, 0x018B, 0x018B, 0x0108, 0x00C6, 0x00E7, 0x00C6, 0x00C6, 0x00E6,
  0x00C6, 0x0129, 0x01AD, 0x01AC, 0x018B, 0x02D1, 0x0417, 0x0479, 0x03D5, 0x0148, 0x0022, 0x0063,
  0x0063, 0x0063, 0x0063, 0x0063, 0x0063, 0x0063, 0x0063, 0x0063, 0x0063, 0x0063, 0x0063, 0x0063,
  0x0063, 0x0063, 0x0063, 0x0063, 0x0063, 0x0084, 0x0084, 0x0084, 0x0084, 0x00A5, 0x00A5, 0x00C6,
  0x0107, 0x00A7, 0x4B30, 0xE77E, 0xFFFF, 0xEFDF, 0xA7BF, 0xA7BF, 0xEFFF, 0x9F9F, 0x4F1F, 0x9F5F,
  0xFFFF, 0x9515, 0x0044, 0x00A5, 0x0084, 0x0063, 0x0063, 0x0063, 0x0063, 0x0063, 0x0063, 0x0063,
  0x0063, 0x0063, 0x0043, 0x0063, 0x0042, 0x0863, 0xADD8, 0xFFFF, 0xC638, 0x0863, 0x0042, 0x0063,
  0x0063, 0x0063, 0x0063, 0x0063, 0x0043, 0x0063, 0x0043, 0x0063, 0x0063, 0x0063, 0x0063, 0x0063,
  0x0063, 0x0043, 0x0043, 0x0043, 0x0063, 0x0063, 0x0063, 0x0043, 0x0043, 0x0043, 0x0063, 0x0063,
  0x0043, 0x0043, 0x0043, 0x0043, 0x0043, 0x0063, 0x0043, 0x0043, 0x0063, 0x0043, 0x0043, 0x0063,
  0x0043, 0x0043, 0x0043, 0x0063, 0x0001, 0x4A8B, 0xD6FC, 0xC67B, 0x21CA, 0x00A6, 0x00E7, 0x00E7,
  0x00E7, 0x00A5, 0x08C5, 0x9D35, 0x10E6, 0x3A09, 0xFFFF, 0xA597, 0x29A8, 0x0044, 0x0043, 0x0064,
  0x014A, 0x0270, 0x1B12, 0x2374, 0x02D3, 0x0271, 0x0291, 0x0129, 0x0064, 0x00E7, 0x09CB, 0x0044,
  0x0023, 0x00A6, 0x01AC, 0x2BB5, 0x7DDC, 0xB6DE, 0xAEBD, 0x5D9A, 0x2498, 0x0BF6, 0x02D1, 0x01EC,
  0x0128, 0x00E7, 0x0065, 0x428C, 0xD71D, 0xDF3D, 0x6390, 0x0064, 0x00E7, 0x00C6, 0x0129, 0x018B,
  0x018B, 0x014A, 0x00C7, 0x00E7, 0x00E7, 0x00E7, 0x00E7, 0x00C6, 0x0149, 0x01CD, 0x01AC, 0x01AC,
  0x0333, 0x0458, 0x0498, 0x0373, 0x00C5, 0x0022, 0x0063, 0x0063, 0x0063, 0x0063, 0x0063, 0x0063,
  0x0063, 0x0063, 0x0063, 0x0063, 0x0063, 0x0063, 0x0063, 0x0063, 0x0063, 0x0063, 0x0063, 0x0064,
  0x0064, 0x0084, 0x0084, 0x0084, 0x00A5, 0x00C6, 0x00E7, 0x00E7, 0x00C7, 0x6C33, 0xF7DF, 0xFFFF,
  0xEFDF, 0xAFDF, 0x9FBF, 0xE7FF, 0xB7BF, 0x4F1F, 0x873F, 0xFFFF, 0xBE39, 0x08C6, 0x0085, 0x00A4,
  0x0063, 0x0063, 0x0063, 0x0063, 0x0063, 0x0063, 0x0063, 0x0063, 0x0063, 0x0063, 0x0043, 0x0063,
  0x0083, 0x0001, 0x31C9, 0xE77E, 0xDF1C, 0x18E5, 0x0022, 0x0063, 0x0063, 0x0063, 0x0063, 0x0063,
  0x0063, 0x0063, 0x0063, 0x0063, 0x0063, 0x0063, 0x0063, 0x0063, 0x0063, 0x0063, 0x0063, 0x0043,
  0x0063, 0x0043, 0x0063, 0x0043, 0x0043, 0x0063, 0x0043, 0x0043, 0x0043, 0x0043, 0x0043, 0x0043,
  0x0063, 0x0043, 0x0063, 0x0063, 0x0063, 0x0063, 0x0043, 0x0043, 0x0063, 0x0043, 0x0043, 0x0063,
  0x0001, 0x4A8B, 0xCEFC, 0xC67B, 0x21CA, 0x00A6, 0x00E7, 0x00E7, 0x00E7, 0x00C6, 0x08C5, 0x29C9,
  0x08C6, 0xCEBB, 0xA577, 0x08C5, 0x0022, 0x0064, 0x01AB, 0x33B3, 0x7D9A, 0xBEFD, 0xD73E, 0x6D7A,
  0x0395, 0x02B1, 0x0271, 0x01EE, 0x0085, 0x0085, 0x1A6E, 0x2353, 0x0129, 0x00A5, 0x0043, 0x00E7,
  0x01AC, 0x0270, 0x2354, 0x4C98, 0x3498, 0x2416, 0x1374, 0x0334, 0x02B2, 0x00E7, 0x00A6, 0x0948,
  0xB619, 0xDF5E, 0x7C32, 0x0065, 0x00E6, 0x00C6, 0x014A, 0x018C, 0x018B, 0x0108, 0x00C6, 0x00E7,
  0x00E7, 0x00E7, 0x00E7, 0x0129, 0x01CD, 0x01AC, 0x01AC, 0x0374, 0x0458, 0x0479, 0x0352, 0x0084,
  0x0022, 0x0063, 0x0063, 0x0063, 0x0063, 0x0063, 0x0063, 0x0063, 0x0063, 0x0063, 0x0063, 0x0063,
  0x0063, 0x0063, 0x0063, 0x0063, 0x0063, 0x0064, 0x0084, 0x0084, 0x0084, 0x0084, 0x00A5, 0x00A5,
  0x00C6, 0x00E7, 0x00C7, 0x0129, 0x9516, 0xFFFF, 0xFFFF, 0xE7DF, 0x9FBF, 0x9FDF, 0xD7FF, 0x9F9F,
  0x471F, 0x873F, 0xF7FF, 0xD6FC, 0x1989, 0x0065, 0x00A5, 0x0084, 0x0063, 0x0063, 0x0063, 0x0063,
  0x0063, 0x0063, 0x0063, 0x0063, 0x0063, 0x0063, 0x0063, 0x0063, 0x0063, 0x0063, 0x0001, 0x8C93,
  0xF7DF, 0x2967, 0x0002, 0x0063, 0x0063, 0x0063, 0x0063, 0x0063, 0x0063, 0x0063, 0x0063, 0x0063,
  0x0063, 0x0043, 0x0063, 0x0063, 0x0043, 0x0063, 0x0043, 0x0063, 0x0063, 0x0043, 0x0043, 0x0043,
  0x0043, 0x0063, 0x0043, 0x0043, 0x0043, 0x0063, 0x0063, 0x0063, 0x0043, 0x0043, 0x0063, 0x0043,
  0x0063, 0x0043, 0x0063, 0x0063, 0x0063, 0x0043, 0x0043, 0x0063, 0x0001, 0x4A6B, 0xCEDC, 0xBE5A,
  0x21AA, 0x00A6, 0x00E7, 0x00E6, 0x00C6, 0x00C6, 0x00C5, 0x0002, 0x636F, 0xAD97, 0x0084, 0x0023,
  0x00C6, 0x2B93, 0xA6BD, 0xF7FF, 0xFFFF, 0xFFFF, 0xD75E, 0x1C57, 0x0375, 0x0354, 0x0250, 0x0250,
  0x0149, 0x0085, 0x0064, 0x74D6, 0x4D3A, 0x022F, 0x016A, 0x00A5, 0x0084, 0x00A5, 0x00C7, 0x016B,
  0x022E, 0x02D2, 0x0B96, 0x0335, 0x02F3, 0x018B, 0x00C6, 0x0065, 0x73F1, 0xE79F, 0x9515, 0x0085,
  0x00E6, 0x00C6, 0x016A, 0x01AC, 0x018B, 0x00E7, 0x00E7, 0x00E7, 0x00E7, 0x00E7, 0x0108, 0x01AC,
  0x01CD, 0x01CD, 0x0394, 0x0458, 0x0499, 0x0372, 0x0063, 0x0042, 0x0063, 0x0063, 0x0063, 0x0063,
  0x0063, 0x0063, 0x0063, 0x0063, 0x0063, 0x0063, 0x0063, 0x0063, 0x0063, 0x0063, 0x0063, 0x0063,
  0x0063, 0x0084, 0x0084, 0x0084, 0x0084, 0x00A5, 0x00A5, 0x00C6, 0x0107, 0x00C7, 0x19CB, 0xB61A,
  0xFFFF, 0xFFFF, 0xD7DF, 0x97BF, 0x9FBF, 0xCFFF, 0x8F7F, 0x36DF, 0x66FF, 0xF7DF, 0xF7BE, 0x326D,
  0x0065, 0x00C5, 0x0084, 0x0063, 0x0063, 0x0063, 0x0063, 0x0063, 0x0063, 0x0063, 0x0063, 0x0063,
  0x0043, 0x0063, 0x0063, 0x0063, 0x0063, 0x0063, 0x0002, 0x2987, 0xEF9E, 0x31E8, 0x0001, 0x0063,
  0x0063, 0x0063, 0x0043, 0x0043, 0x0063, 0x0063, 0x0063, 0x0063, 0x0043, 0x0063, 0x0063, 0x0063,
  0x0063, 0x0043, 0x0043, 0x0063, 0x0043, 0x0063, 0x0063, 0x0043, 0x0043, 0x0043, 0x0043, 0x0063,
  0x0043, 0x0043, 0x0043, 0x0063, 0x0063, 0x0063, 0x0043, 0x0043, 0x0043, 0x0043, 0x0063, 0x0063,
  0x0043, 0x0063, 0x0063, 0x0063, 0x0001, 0x4A6B, 0xCEDC, 0xBE5A, 0x21AA, 0x00A6, 0x00E7, 0x00C6,
  0x00C6, 0x00E6, 0x0085, 0x08A5, 0x8473, 0x1967, 0x0002, 0x0169, 0x6538, 0xEFDF, 0xFFFF, 0xFFFF,
  0xFFFF, 0xF7FF, 0xF7FF, 0xCF5E, 0x6DBA, 0x1438, 0x02B2, 0x0250, 0x022F, 0x00E6, 0x0064, 0x1948,
  0xBEBC, 0x7DDB, 0x0375, 0x020E, 0x00C7, 0x0085, 0x0085, 0x0084, 0x0084, 0x00E7, 0x018B, 0x024F,
  0x02F2, 0x0291, 0x00E7, 0x0085, 0x21CA, 0xD6FD, 0xB639, 0x0907, 0x00A6, 0x00C6, 0x016B, 0x01AD,
  0x014A, 0x00E7, 0x00E7, 0x00E7, 0x00E7, 0x00E7, 0x018B, 0x01CD, 0x01AC, 0x0354, 0x0478, 0x0498,
  0x03B4, 0x0084, 0x0042, 0x0063, 0x0063, 0x0063, 0x0063, 0x0063, 0x0063, 0x0063, 0x0063, 0x0063,
  0x0063, 0x0063, 0x0063, 0x0063, 0x0063, 0x0063, 0x0063, 0x0064, 0x0084, 0x0084, 0x0084, 0x00A4,
  0x00A5, 0x00A5, 0x00E6, 0x0108, 0x00A7, 0x328E, 0xD6FC, 0xFFFF, 0xFFDF, 0xC7DF, 0x879F, 0x97BF,
  0xBFDF, 0x6F3F, 0x2EBF, 0x56FF, 0xE7BF, 0xFFFF, 0x5B91, 0x0065, 0x00C6, 0x0084, 0x0084, 0x0063,
  0x0063, 0x0063, 0x0063, 0x0063, 0x0063, 0x0063, 0x0063, 0x0063, 0x0063, 0x0063, 0x0063, 0x0063,
  0x0063, 0x0063, 0x0063, 0x0022, 0xAD76, 0x426A, 0x0001, 0x0063, 0x0063, 0x0063, 0x0063, 0x0043,
  0x0063, 0x0063, 0x0063, 0x0063, 0x0063, 0x0063, 0x0043, 0x0063, 0x0043, 0x0063, 0x0063, 0x0043,
  0x0063, 0x0043, 0x0043, 0x0043, 0x0043, 0x0043, 0x0043, 0x0063, 0x0043, 0x0043, 0x0043, 0x0043,
  0x0043, 0x0043, 0x0063, 0x0043, 0x0063, 0x0043, 0x0043, 0x0043, 0x0043, 0x0063, 0x0063, 0x0063,
  0x0001, 0x4A8B, 0xCEDC, 0xBE5A, 0x21AA, 0x00A6, 0x00E7, 0x00E6, 0x00C6, 0x00E6, 0x0064, 0x2167,
  0x320A, 0x0002, 0x0169, 0x965C, 0xFFFF, 0xFFDF, 0xFFFF, 0xEFBF, 0x85BA, 0x2B93, 0x3331, 0x43B2,
  0x6C54, 0x5C95, 0x1312, 0x0230, 0x0292, 0x018B, 0x0084, 0x0044, 0x19EB, 0xC73E, 0xDF7E, 0x54F9,
  0x02F3, 0x01AD, 0x0107, 0x00A5, 0x0085, 0x00A5, 0x0085, 0x00A6, 0x0108, 0x01ED, 0x018A, 0x00C6,
  0x0085, 0x8473, 0xD73D, 0x29EA, 0x0085, 0x00E7, 0x016B, 0x01AC, 0x0108, 0x00E7, 0x00E7, 0x00E7,
  0x00E7, 0x014A, 0x01ED, 0x01AC, 0x02D1, 0x0458, 0x0C78, 0x0437, 0x00E6, 0x0022, 0x0063, 0x0063,
  0x0063, 0x0063, 0x0063, 0x0063, 0x0063, 0x0063, 0x0063, 0x0063, 0x0063, 0x0063, 0x0063, 0x0063,
  0x0063, 0x0063, 0x0064, 0x0084, 0x0084, 0x0084, 0x00A5, 0x00A5, 0x00C6, 0x00E7, 0x0107, 0x00C8,
  0x5B91, 0xEF9E, 0xFFFF, 0xFFDF, 0x9F7F, 0x677F, 0x87BF, 0xB7DF, 0x5EFF, 0x267F, 0x46BF, 0xD79F,
  0xFFFF, 0x7C94, 0x0086, 0x00E6, 0x00A5, 0x0084, 0x0064, 0x0063, 0x0063, 0x0063, 0x0063, 0x0063,
  0x0063, 0x0063, 0x0063, 0x0063, 0x00A5, 0x0063, 0x0043, 0x0063, 0x0063, 0x0063, 0x0063, 0x0001,
  0x5B2D, 0x426A, 0x0001, 0x0063, 0x0063, 0x0043, 0x0063, 0x0063, 0x0063, 0x0063, 0x0063, 0x0063,
  0x0043, 0x0063, 0x0043, 0x0063, 0x0063, 0x0063, 0x0043, 0x0043, 0x0063, 0x0063, 0x0043, 0x0043,
  0x0043, 0x0043, 0x0043, 0x0063, 0x0043, 0x0063, 0x0063, 0x0043, 0x0063, 0x0043, 0x0043, 0x0043,
  0x0043, 0x0043, 0x0043, 0x0063, 0x0063, 0x0063, 0x0043, 0x0063, 0x0001, 0x426B, 0xCEBC, 0xBE5A,
  0x21AA, 0x00A6, 0x00E7, 0x00C6, 0x00E6, 0x00C6, 0x00A5, 0x00A5, 0x0064, 0x08E6, 0xA63B, 0xFFFF,
  0xFFDF, 0xFFFF, 0xB6BD, 0x2B52, 0x0109, 0x0044, 0x0022, 0x0044, 0x0044, 0x00A5, 0x0949, 0x01AB,
  0x0271, 0x0271, 0x0108, 0x00A5, 0x0064, 0x09AB, 0x8DFA, 0xEFDF, 0xC6FD, 0x4CF9, 0x0313, 0x022F,
  0x018B, 0x0107, 0x00A5, 0x0085, 0x0085, 0x00C6, 0x0107, 0x00E7, 0x00A6, 0x1148, 0xCEBC, 0x7412,
  0x0065, 0x00E7, 0x016B, 0x018C, 0x00E7, 0x00E7, 0x00E7, 0x0107, 0x0108, 0x01CD, 0x01AC, 0x026F,
  0x0C57, 0x0C58, 0x0C78, 0x01A9, 0x0002, 0x0063, 0x0063, 0x0063, 0x0063, 0x0063, 0x0063, 0x0063,
  0x0063, 0x0063, 0x0063, 0x0063, 0x0063, 0x0063, 0x0063, 0x0063, 0x0063, 0x0064, 0x0084, 0x0084,
  0x0084, 0x00A5, 0x00A5, 0x00C6, 0x0107, 0x0108, 0x00E8, 0x7C94, 0xFFFF, 0xFFFF, 0xEFDF, 0x7F3F,
  0x3F1F, 0x779F, 0xB7DF, 0x6F3F, 0x2EBF, 0x36BF, 0xBF7F, 0xFFFF, 0xA598, 0x00C7, 0x00E6, 0x00A5,
  0x0084, 0x0084, 0x0063, 0x0063, 0x0063, 0x0063, 0x0063, 0x0063, 0x0063, 0x0063, 0x0063, 0x0063,
  0x0063, 0x0063, 0x0063, 0x0063, 0x0063, 0x0063, 0x0063, 0x0022, 0x2147, 0x2146, 0x0022, 0x0063,
  0x0043, 0x0043, 0x0063, 0x0063, 0x0063, 0x0063, 0x0063, 0x0063, 0x0043, 0x0063, 0x0043, 0x0043,
  0x0043, 0x0043, 0x0063, 0x0063, 0x0043, 0x0043, 0x0043, 0x0043, 0x0043, 0x0063, 0x0063, 0x0063,
  0x0063, 0x0043, 0x0043, 0x0063, 0x0063, 0x0043, 0x0063, 0x0063, 0x0063, 0x0043, 0x0043, 0x0043,
  0x0063, 0x0043, 0x0063, 0x0063, 0x0001, 0x4A8B, 0xC6BC, 0xBE3A, 0x21A9, 0x00A6, 0x00C6, 0x00C6,
  0x00C6, 0x00C6, 0x00A5, 0x00A4, 0x0023, 0x8CB4, 0xEF7E, 0xEF7D, 0xF7FF, 0x757A, 0x020E, 0x0064,
  0x0063, 0x00A5, 0x0108, 0x014A, 0x014A, 0x0128, 0x014A, 0x022F, 0x0271, 0x02B2, 0x0250, 0x00A6,
  0x00A5, 0x0064, 0x00E8, 0x2394, 0x963C, 0xD73E, 0x9E5C, 0x4CF9, 0x1BD6, 0x0313, 0x026F, 0x01AB,
  0x0107, 0x00A6, 0x00A5, 0x00E7, 0x00E7, 0x0065, 0x532F, 0xBE5A, 0x0907, 0x00A5, 0x016A, 0x018B,
  0x00E7, 0x00E7, 0x0107, 0x00E7, 0x016B, 0x01CD, 0x01ED, 0x0BF6, 0x0C78, 0x0CB9, 0x02CF, 0x0002,
  0x0063, 0x0063, 0x0063, 0x0063, 0x0063, 0x0063, 0x0063, 0x0063, 0x0063, 0x0063, 0x0063, 0x0063,
  0x0063, 0x0063, 0x0063, 0x0064, 0x0084, 0x0084, 0x0084, 0x00A4, 0x00A5, 0x00A5, 0x00C6, 0x0107,
  0x00C7, 0x096A, 0x9D97, 0xFFFF, 0xFFFF, 0xDFBF, 0x671F, 0x36DF, 0x4F3F, 0xA7BF, 0x671F, 0x2EBF,
  0x36BF, 0xAF7F, 0xFFFF, 0xC67B, 0x0949, 0x00C6, 0x00C6, 0x0084, 0x0084, 0x0064, 0x0063, 0x0063,
  0x0063, 0x0063, 0x0063, 0x0063, 0x0063, 0x0063, 0x0063, 0x0063, 0x0063, 0x0063, 0x0063, 0x0063,
  0x0063, 0x0063, 0x0063, 0x0063, 0x0063, 0x0063, 0x0063, 0x0063, 0x0063, 0x0063, 0x0063, 0x0063,
  0x0063, 0x0063, 0x0043, 0x0063, 0x0063, 0x0063, 0x0063, 0x0063, 0x0063, 0x0063, 0x0063, 0x0063,
  0x0063, 0x0043, 0x0043, 0x0043, 0x0063, 0x0063, 0x0063, 0x0043, 0x0063, 0x0043, 0x0063, 0x0043,
  0x0043, 0x0063, 0x0043, 0x0063, 0x0043, 0x0063, 0x0043, 0x0043, 0x0063, 0x0043, 0x0063, 0x0063,
  0x0001, 0x426B, 0xC6BC, 0xBE3A, 0x2189, 0x0085, 0x00C6, 0x00C6, 0x00C6, 0x00A6, 0x00A5, 0x0043,
  0x10E5, 0xDEDB, 0x9536, 0xC71E, 0x4415, 0x0109, 0x0084, 0x0084, 0x00C6, 0x0129, 0x0129, 0x0129,
  0x0129, 0x0108, 0x0270, 0x0334, 0x02D2, 0x0291, 0x02B2, 0x01AC, 0x0085, 0x00C5, 0x0085, 0x00C6,
  0x01ED, 0x0B54, 0x4C98, 0x7559, 0x6D19, 0x4477, 0x1BD6, 0x0375, 0x0313, 0x024F, 0x016A, 0x00C6,
  0x00C6, 0x0107, 0x0065, 0x7C33, 0x6BD1, 0x0044, 0x016A, 0x018B, 0x00E7, 0x0107, 0x0107, 0x0128,
  0x01CD, 0x01AD, 0x0312, 0x0C78, 0x0C78, 0x0416, 0x00A4, 0x0043, 0x0063, 0x0063, 0x0063, 0x0063,
  0x0063, 0x0063, 0x0063, 0x0063, 0x0063, 0x0063, 0x0063, 0x0063, 0x0063, 0x0063, 0x0064, 0x0084,
  0x0084, 0x0084, 0x0085, 0x00A5, 0x00A5, 0x00C6, 0x0108, 0x00C7, 0x220C, 0xC67B, 0xFFFF, 0xFFFF,
  0xCF9F, 0x46BF, 0x2EBF, 0x471F, 0x8F7F, 0x5EFF, 0x269F, 0x2EBF, 0x9F5F, 0xFFFF, 0xDF3D, 0x21EC,
  0x00C6, 0x00E6, 0x00A5, 0x0084, 0x0084, 0x0063, 0x0063, 0x0063, 0x0063, 0x0063, 0x0063, 0x0063,
  0x0063, 0x0063, 0x0063, 0x0063, 0x0063, 0x0063, 0x0063, 0x0063, 0x0043, 0x0063, 0x0063, 0x0043,
  0x0063, 0x0063, 0x0063, 0x0063, 0x0063, 0x0063, 0x0063, 0x0063, 0x0043, 0x0063, 0x0063, 0x0063,
  0x0063, 0x0063, 0x0063, 0x0063, 0x0063, 0x0063, 0x0063, 0x0063, 0x0063, 0x0063, 0x0043, 0x0043,
  0x0063, 0x0043, 0x0063, 0x0043, 0x0063, 0x0063, 0x0043, 0x0063, 0x0063, 0x0043, 0x0063, 0x0063,
  0x0043, 0x0043, 0x0063, 0x0063, 0x0043, 0x0043, 0x0063, 0x0063, 0x0001, 0x426B, 0xC6BB, 0xB63A,
  0x2189, 0x0085, 0x00C6, 0x00C6, 0x00C6, 0x00A5, 0x00A5, 0x0002, 0x3A09, 0xE75D, 0x322C, 0x120C,
  0x0085, 0x0063, 0x0084, 0x0084, 0x00A5, 0x00A5, 0x0064, 0x0063, 0x00C8, 0x02B0, 0x2C57, 0x557A,
  0x3436, 0x0292, 0x02D2, 0x0270, 0x00C6, 0x0085, 0x00A5, 0x00A5, 0x00A5, 0x0107, 0x01CD, 0x0292,
  0x0313, 0x1375, 0x1395, 0x0334, 0x0314, 0x0334, 0x0314, 0x024F, 0x0108, 0x00C6, 0x00E7, 0x00E7,
  0x7433, 0x2A0B, 0x00E8, 0x016A, 0x00E7, 0x0107, 0x00E7, 0x016A, 0x01ED, 0x022E, 0x0C17, 0x0C57,
  0x0C99, 0x01EA, 0x0002, 0x0063, 0x0063, 0x0063, 0x0063, 0x0063, 0x0063, 0x0063, 0x0063, 0x0063,
  0x0063, 0x0063, 0x0063, 0x0063, 0x0064, 0x0064, 0x0084, 0x0084, 0x0084, 0x00A5, 0x00A5, 0x00C6,
  0x00E6, 0x0108, 0x00C7, 0x42EF, 0xDF3D, 0xFFFF, 0xFFFF, 0xB77F, 0x2E7F, 0x267F, 0x3EDF, 0x877F,
  0x56DF, 0x269F, 0x26DF, 0x8F5F, 0xFFFF, 0xEFBE, 0x3ACF, 0x00A7, 0x00E7, 0x00A5, 0x0084, 0x0084,
  0x0084, 0x0063, 0x0063, 0x0063, 0x0063, 0x0063, 0x0063, 0x0063, 0x0063, 0x0063, 0x0043, 0x0043,
  0x0063, 0x0063, 0x0063, 0x0063, 0x0063, 0x0043, 0x0063, 0x0063, 0x0063, 0x0063, 0x0063, 0x0043,
  0x0063, 0x0063, 0x0063, 0x0043, 0x0063, 0x0063, 0x0063, 0x0063, 0x0063, 0x0063, 0x0063, 0x0063,
  0x0063, 0x0063, 0x0063, 0x0063, 0x0063, 0x0043, 0x0043, 0x0043, 0x0063, 0x0063, 0x0043, 0x0063,
  0x0063, 0x0043, 0x0043, 0x0063, 0x0043, 0x0063, 0x0063, 0x0043, 0x0063, 0x0063, 0x0063, 0x0043,
  0x0063, 0x0063, 0x0043, 0x0063, 0x0001, 0x426B, 0xC69B, 0xB63A, 0x2189, 0x0085, 0x00C6, 0x00A5,
  0x00A5, 0x00A5, 0x0084, 0x0063, 0x08A4, 0x63B0, 0x1127, 0x0002, 0x00A4, 0x0084, 0x0084, 0x0084,
  0x0063, 0x0063, 0x0148, 0x01ED, 0x6CF8, 0xBF1E, 0xDF5E, 0xF7DF, 0x8D99, 0x0251, 0x02B2, 0x0250,
  0x00C6, 0x00A5, 0x00C5, 0x00A5, 0x00A5, 0x0084, 0x00A5, 0x00E7, 0x016A, 0x01EE, 0x0290, 0x02F3,
  0x0335, 0x0334, 0x0314, 0x0335, 0x0314, 0x018B, 0x00C6, 0x00E7, 0x0907, 0x3A4B, 0x0107, 0x0108,
  0x00E7, 0x0107, 0x0108, 0x01CC, 0x01CD, 0x0353, 0x0C78, 0x0C99, 0x0393, 0x0063, 0x0063, 0x0063,
  0x0063, 0x0063, 0x0063, 0x0063, 0x0063, 0x0063, 0x0063, 0x0063, 0x0063, 0x0063, 0x0063, 0x0063,
  0x0084, 0x0084, 0x0084, 0x0084, 0x00A5, 0x00A5, 0x00C6, 0x0107, 0x0108, 0x00E8, 0x63F2, 0xF7BF,
  0xFFFF, 0xFFDF, 0xA75F, 0x2E9F, 0x265F, 0x2EBF, 0x875F, 0x4E9F, 0x265F, 0x2EDF, 0x7F5F, 0xF7FF,
  0xFFFF, 0x5BB2, 0x00A7, 0x0107, 0x00A5, 0x00A5, 0x0084, 0x0084, 0x0084, 0x0063, 0x0063, 0x0063,
  0x0063, 0x0063, 0x0063, 0x0063, 0x0063, 0x0022, 0x0063, 0x00E5, 0x0063, 0x0043, 0x0063, 0x0063,
  0x0063, 0x0063, 0x0063, 0x0063, 0x0043, 0x0063, 0x0063, 0x0063, 0x0063, 0x0043, 0x0063, 0x0063,
  0x0043, 0x0043, 0x0063, 0x0063, 0x0043, 0x0063, 0x0063, 0x0063, 0x0063, 0x0063, 0x0063, 0x0063,
  0x0063, 0x0063, 0x0043, 0x0063, 0x0043, 0x0063, 0x0063, 0x0043, 0x0043, 0x0063, 0x0043, 0x0063,
  0x0063, 0x0063, 0x0043, 0x0043, 0x0043, 0x0063, 0x0043, 0x0063, 0x0043, 0x0043, 0x0043, 0x0063,
  0x0001, 0x426B, 0xC69B, 0xB619, 0x2188, 0x0085, 0x00A5, 0x00A5, 0x00A5, 0x00A5, 0x0084, 0x0084,
  0x0043, 0x0022, 0x1189, 0x00E6, 0x0084, 0x0084, 0x0084, 0x0064, 0x00E6, 0x022E, 0x0375, 0x8DFB,
  0xFFFF, 0xFFFF, 0xFFDF, 0xFFFF, 0x64D7, 0x0230, 0x02D2, 0x022F, 0x00A5, 0x00A5, 0x00A5, 0x00A5,
  0x00A5, 0x00C6, 0x0107, 0x0084, 0x0084, 0x00A5, 0x00A5, 0x0107, 0x018B, 0x0270, 0x0314, 0x0355,
  0x0355, 0x0334, 0x01CC, 0x00C7, 0x00E7, 0x00E7, 0x0108, 0x00E7, 0x0108, 0x00E7, 0x0149, 0x01CD,
  0x022E, 0x0416, 0x0C58, 0x0499, 0x01AA, 0x0002, 0x0063, 0x0063, 0x0063, 0x0063, 0x0063, 0x0063,
  0x0063, 0x0063, 0x0063, 0x0063, 0x0063, 0x0063, 0x0084, 0x0084, 0x0084, 0x0084, 0x00A5, 0x00A5,
  0x00A5, 0x00C6, 0x0107, 0x00E7, 0x0149, 0x8CF6, 0xFFFF, 0xFFFF, 0xFFFF, 0x8F3F, 0x269F, 0x2E9F,
  0x2EBF, 0x7F5F, 0x5EBF, 0x265F, 0x36BF, 0x6F5F, 0xF7DF, 0xFFFF, 0x7CB5, 0x00C8, 0x0108, 0x00C6,
  0x00A5, 0x0084, 0x0084, 0x0084, 0x0063, 0x0063, 0x0063, 0x0063, 0x0063, 0x0063, 0x0063, 0x0063,
  0x0001, 0x0906, 0x1A4B, 0x00E5, 0x0043, 0x0063, 0x0063, 0x0063, 0x0063, 0x0063, 0x0063, 0x0063,
  0x0063, 0x0063, 0x0063, 0x0063, 0x0063, 0x0063, 0x0063, 0x0063, 0x0063, 0x0063, 0x0043, 0x0063,
  0x0063, 0x0063, 0x0063, 0x0063, 0x0063, 0x0063, 0x0063, 0x0043, 0x0043, 0x0043, 0x0063, 0x0043,
  0x0043, 0x0063, 0x0063, 0x0063, 0x0043, 0x0063, 0x0063, 0x0063, 0x0063, 0x0063, 0x0063, 0x0063,
  0x0063, 0x0043, 0x0043, 0x0063, 0x0043, 0x0063, 0x0043, 0x0063, 0x0001, 0x426B, 0xC69B, 0xB619,
  0x1968, 0x0085, 0x00A5, 0x00A5, 0x00A5, 0x00A5, 0x0084, 0x0084, 0x0002, 0x5AED, 0xDF9F, 0x2B51,
  0x0002, 0x0084, 0x0063, 0x0148, 0x02B1, 0x1395, 0xA61B, 0xFFFF, 0xF7DF, 0xF7BF, 0xFFFF, 0xCEDC,
  0x0AD2, 0x0291, 0x02B2, 0x018B, 0x0084, 0x00A5, 0x00A5, 0x00C6, 0x00A5, 0x00C6, 0x01AC, 0x016B,
  0x00E7, 0x00A5, 0x00A5, 0x0085, 0x0084, 0x0085, 0x0108, 0x022E, 0x0314, 0x0355, 0x0355, 0x01AC,
  0x00C6, 0x0108, 0x00E7, 0x0108, 0x0108, 0x00E7, 0x016A, 0x01AD, 0x0312, 0x0458, 0x0C78, 0x03B4,
  0x0063, 0x0043, 0x0063, 0x0063, 0x0063, 0x0063, 0x0063, 0x0063, 0x0063, 0x0063, 0x0063, 0x0063,
  0x0063, 0x0084, 0x0084, 0x0084, 0x0084, 0x00A5, 0x00A5, 0x00A5, 0x00C6, 0x0107, 0x00C7, 0x19CB,
  0xB619, 0xFFFF, 0xFFFF, 0xF7FF, 0x7F5F, 0x36BF, 0x2E9F, 0x2E9F, 0x8F9F, 0x5EBF, 0x263F, 0x3F1F,
  0x677F, 0xE7DF, 0xFFFF, 0xA5B8, 0x0109, 0x0108, 0x00E6, 0x00A5, 0x00A5, 0x0084, 0x0084, 0x0084,
  0x0063, 0x0063, 0x0063, 0x0063, 0x0063, 0x0083, 0x0002, 0x0001, 0x2AAC, 0x334F, 0x08C4, 0x0022,
  0x0063, 0x0063, 0x0063, 0x0063, 0x0063, 0x0063, 0x0063, 0x0063, 0x0063, 0x0063, 0x0063, 0x0063,
  0x0063, 0x0063, 0x0063, 0x0043, 0x0063, 0x0063, 0x0043, 0x0063, 0x0063, 0x0063, 0x0063, 0x0063,
  0x0063, 0x0063, 0x0063, 0x0063, 0x0043, 0x0043, 0x0043, 0x0043, 0x0043, 0x0043, 0x0043, 0x0063,
  0x0063, 0x0043, 0x0043, 0x0043, 0x0063, 0x0063, 0x0043, 0x0043, 0x0063, 0x0063, 0x0043, 0x0063,
  0x0043, 0x0063, 0x0063, 0x0063, 0x0001, 0x426B, 0xC67B, 0xB619, 0x1968, 0x0084, 0x00A5, 0x00A5,
  0x00A5, 0x0084, 0x0084, 0x0063, 0x0884, 0xD69A, 0xFFFF, 0x2B31, 0x016A, 0x0312, 0x0149, 0x00C6,
  0x6CB6, 0xCEFD, 0xFFFF, 0xF7DF, 0xF7BF, 0xFFFF, 0xEF9E, 0x3394, 0x0250, 0x02F3, 0x020E, 0x00A5,
  0x00A5, 0x00A5, 0x00C6, 0x014A, 0x00A6, 0x0064, 0x01CC, 0x02B2, 0x020F, 0x00C6, 0x00A5, 0x00C6,
  0x00A5, 0x00A5, 0x0085, 0x0085, 0x0128, 0x0270, 0x0376, 0x02F3, 0x0129, 0x00E7, 0x0108, 0x00E7,
  0x00E7, 0x00E7, 0x018B, 0x020E, 0x03F6, 0x0458, 0x0499, 0x022C, 0x0021, 0x0063, 0x0063, 0x0063,
  0x0063, 0x0063, 0x0063, 0x0063, 0x0063, 0x0063, 0x0063, 0x0063, 0x0084, 0x0084, 0x0084, 0x0084,
  0x00A5, 0x00A5, 0x00C6, 0x00E6, 0x0108, 0x00C7, 0x2A6D, 0xD6DC, 0xFFFF, 0xFFDF, 0xE7DF, 0x6F5F,
  0x3F1F, 0x3EDF, 0x46DF, 0x7F3F, 0x5EDF, 0x263F, 0x2EBF, 0x5F5F, 0xE7DF, 0xFFFF, 0xC67B, 0x098B,
  0x0108, 0x00E7, 0x00A6, 0x00A5, 0x0084, 0x0084, 0x0084, 0x0064, 0x0064, 0x0063, 0x0063, 0x0063,
  0x0063, 0x0001, 0x1106, 0x4CB5, 0x3BD1, 0x0063, 0x0022, 0x0063, 0x0063, 0x0063, 0x0063, 0x0063,
  0x0063, 0x0063, 0x0063, 0x0043, 0x0043, 0x0063, 0x0063, 0x0063, 0x0043, 0x0063, 0x0063, 0x0043,
  0x0043, 0x0043, 0x0063, 0x0063, 0x0043, 0x0063, 0x0063, 0x0063, 0x0063, 0x0063, 0x0063, 0x0043,
  0x0043, 0x0063, 0x0063, 0x0043, 0x0063, 0x0043, 0x0063, 0x0043, 0x0063, 0x0043, 0x0043, 0x0063,
  0x0063, 0x0063, 0x0043, 0x0063, 0x0043, 0x0043, 0x0043, 0x0063, 0x0043, 0x0063, 0x0043, 0x0063,
  0x0001, 0x426B, 0xBE7B, 0xB5F9, 0x1968, 0x0084, 0x00A5, 0x00A5, 0x00A5, 0x0084, 0x0084, 0x0002,
  0x422A, 0xFFFF, 0xBEDD, 0x0B74, 0x3519, 0x0458, 0x5D39, 0x8C52, 0xA536, 0xFFFF, 0xF7DF, 0xF7DF,
  0xFFFF, 0xD71D, 0x3BB4, 0x0291, 0x02F3, 0x022F, 0x00C6, 0x0085, 0x00C5, 0x00A5, 0x0108, 0x018C,
  0x00A6, 0x0043, 0x120C, 0x1B95, 0x0250, 0x020E, 0x00C6, 0x00A5, 0x00A5, 0x00A5, 0x00C6, 0x00C6,
  0x00A5, 0x00C6, 0x020D, 0x0355, 0x0291, 0x00E7, 0x0107, 0x0107, 0x00E7, 0x0128, 0x01AC, 0x02B1,
  0x0458, 0x0458, 0x0437, 0x00C5, 0x0042, 0x0063, 0x0063, 0x0063, 0x0063, 0x0063, 0x0063, 0x0063,
  0x0063, 0x0063, 0x0063, 0x0064, 0x0084, 0x0084, 0x0084, 0x00A5, 0x00A5, 0x00C6, 0x00E7, 0x0107,
  0x00C8, 0x5391, 0xE77E, 0xFFFF, 0xFFDF, 0xDFDF, 0x675F, 0x471F, 0x46FF, 0x4F3F, 0x777F, 0x467F,
  0x161F, 0x3EDF, 0x4F3F, 0xCFBF, 0xFFFF, 0xDF3D, 0x222D, 0x00E8, 0x0128, 0x00C6, 0x00A5, 0x00A5,
  0x00A5, 0x0084, 0x0084, 0x0084, 0x0064, 0x0063, 0x0063, 0x0063, 0x0002, 0x2AAD, 0x6E7C, 0x2B0E,
  0x0001, 0x0043, 0x0063, 0x0063, 0x0063, 0x0063, 0x0063, 0x0063, 0x0063, 0x0063, 0x0063, 0x0063,
  0x0063, 0x0063, 0x0063, 0x0063, 0x0063, 0x0043, 0x0043, 0x0063, 0x0063, 0x0063, 0x0063, 0x0043,
  0x0043, 0x0063, 0x0043, 0x0063, 0x0063, 0x0063, 0x0063, 0x0063, 0x0043, 0x0043, 0x0063, 0x0043,
  0x0043, 0x0043, 0x0043, 0x0063, 0x0063, 0x0043, 0x0063, 0x0043, 0x0063, 0x0063, 0x0063, 0x0043,
  0x0063, 0x0063, 0x0063, 0x0063, 0x0043, 0x0043, 0x0043, 0x0063, 0x0001, 0x426B, 0xBE7B, 0xADF9,
  0x1968, 0x0064, 0x00A5, 0x0085, 0x0084, 0x0084, 0x0084, 0x0001, 0x8452, 0xFFFF, 0x85FB, 0x355A,
  0x5E5D, 0x1CD9, 0x965C, 0xFFFF, 0xD6DC, 0xDF5E, 0xFFFF, 0xFFFF, 0x9E1B, 0x12D2, 0x0250, 0x02D2,
  0x01ED, 0x00A5, 0x0085, 0x00A5, 0x00A5, 0x0085, 0x018B, 0x01AC, 0x00C6, 0x0084, 0x0128, 0x3C57,
  0x0B34, 0x02F4, 0x01CD, 0x0084, 0x00A5, 0x00C6, 0x00C6, 0x00C6, 0x00C6, 0x00E7, 0x00A5, 0x01CC,
  0x0376, 0x018B, 0x00C6, 0x0107, 0x0107, 0x014A, 0x01CD, 0x0353, 0x0458, 0x0C99, 0x0332, 0x0022,
  0x0063, 0x0063, 0x0063, 0x0063, 0x0063, 0x0063, 0x0063, 0x0063, 0x0063, 0x0064, 0x0084, 0x0084,
  0x0084, 0x0084, 0x00A5, 0x00A5, 0x00C6, 0x00E7, 0x00E7, 0x00E8, 0x7474, 0xFFFF, 0xFFFF, 0xFFDF,
  0xCFBF, 0x5F5F, 0x471F, 0x3EDF, 0x4F1F, 0x6F7F, 0x365F, 0x1DFF, 0x36FF, 0x4F7F, 0xCFBF, 0xFFFF,
  0xEFBF, 0x3B10, 0x0109, 0x0149, 0x00E7, 0x00C6, 0x00A6, 0x00A5, 0x00A5, 0x0085, 0x0084, 0x0084,
  0x0084, 0x0084, 0x0063, 0x0063, 0x1A6B, 0x3C94, 0x19E9, 0x0001, 0x0063, 0x0063, 0x0063, 0x0063,
  0x0063, 0x0063, 0x0063, 0x0063, 0x0063, 0x0063, 0x0063, 0x0063, 0x0063, 0x0063, 0x0063, 0x0063,
  0x0043, 0x0063, 0x0063, 0x0063, 0x0063, 0x0043, 0x0063, 0x0063, 0x0043, 0x0063, 0x0063, 0x0043,
  0x0063, 0x0063, 0x0063, 0x0063, 0x0063, 0x0063, 0x0043, 0x0043, 0x0043, 0x0043, 0x0043, 0x0043,
  0x0043, 0x0063, 0x0043, 0x0063, 0x0043, 0x0063, 0x0063, 0x0043, 0x0063, 0x0043, 0x0043, 0x0043,
  0x0063, 0x0043, 0x0043, 0x0063, 0x0001, 0x426B, 0xBE5B, 0xADF9, 0x1968, 0x0064, 0x00A5, 0x0085,
  0x0084, 0x0084, 0x0043, 0x0884, 0xCE9A, 0xFFFF, 0x761C, 0x55DB, 0x2CD8, 0x2CF9, 0xC77F, 0xFFFF,
  0xFFFF, 0xDF5E, 0x85BA, 0x5CB7, 0x02B2, 0x0292, 0x0270, 0x0128, 0x0084, 0x00A5, 0x00A5, 0x00A5,
  0x0084, 0x00E6, 0x0250, 0x01CE, 0x00E7, 0x00A5, 0x0064, 0x3BB3, 0x44FA, 0x0355, 0x0314, 0x020E,
  0x00A5, 0x0085, 0x00C6, 0x00C6, 0x00C6, 0x00E7, 0x00E7, 0x00C6, 0x020E, 0x0270, 0x00C7, 0x0108,
  0x0108, 0x016B, 0x01EE, 0x03D6, 0x0458, 0x0499, 0x022C, 0x0001, 0x0063, 0x0063, 0x0063, 0x0063,
  0x0063, 0x0063, 0x0063, 0x0063, 0x0064, 0x0084, 0x0084, 0x0084, 0x0084, 0x00A5, 0x00A5, 0x00C6,
  0x0107, 0x00C7, 0x096A, 0x9D57, 0xFFFF, 0xFFFF, 0xFFFF, 0xB7BF, 0x575F, 0x46FF, 0x46DF, 0x6F3F,
  0x6F5F, 0x25FF, 0x1DBF, 0x46DF, 0x5FBF, 0xB7BF, 0xFFDF, 0xFFFF, 0x5C14, 0x010A, 0x016A, 0x0108,
  0x00E7, 0x00C6, 0x00C6, 0x00C6, 0x00A5, 0x00A5, 0x00A5, 0x0084, 0x0084, 0x0084, 0x0064, 0x0084,
  0x08E6, 0x0023, 0x0001, 0x0063, 0x0063, 0x0063, 0x0063, 0x0063, 0x0063, 0x0063, 0x0063, 0x0063,
  0x0063, 0x0063, 0x0063, 0x0063, 0x0063, 0x0063, 0x0063, 0x0063, 0x0063, 0x0063, 0x0063, 0x0043,
  0x0043, 0x0063, 0x0043, 0x0063, 0x0043, 0x0063, 0x0043, 0x0063, 0x0063, 0x0063, 0x0063, 0x0063,
  0x0063, 0x0043, 0x0063, 0x0043, 0x0043, 0x0063, 0x0063, 0x0063, 0x0043, 0x0063, 0x0043, 0x0043,
  0x0043, 0x0043, 0x0043, 0x0063, 0x0063, 0x0043, 0x0043, 0x0063, 0x0063, 0x0063, 0x0043, 0x0063,
  0x0001, 0x424B, 0xB65A, 0xADD8, 0x1968, 0x0064, 0x00A5, 0x0084, 0x0084, 0x00A4, 0x0002, 0x422A,
  0xFFDF, 0xE7BF, 0x9EBD, 0x7D99, 0x6C54, 0x09CB, 0x6413, 0xF7DF, 0xFFFF, 0xFFFF, 0x7538, 0x0231,
  0x02B1, 0x0291, 0x0128, 0x0084, 0x00A5, 0x00A5, 0x0085, 0x00A5, 0x0064, 0x0149, 0x02F3, 0x01EE,
  0x0129, 0x0084, 0x0064, 0x11CB, 0x6D9B, 0x23D6, 0x0314, 0x0396, 0x02D2, 0x0129, 0x0085, 0x00C6,
  0x00E7, 0x00E7, 0x00E7, 0x00E7, 0x00C6, 0x022E, 0x018A, 0x00E7, 0x0108, 0x016B, 0x024F, 0x0437,
  0x0478, 0x0478, 0x0127, 0x0022, 0x0063, 0x0063, 0x0063, 0x0063, 0x0063, 0x0063, 0x0063, 0x0064,
  0x0064, 0x0084, 0x0084, 0x0084, 0x00A5, 0x00A5, 0x00C6, 0x0107, 0x00A7, 0x21EC, 0xC67B, 0xFFFF,
  0xFFFF, 0xFFFF, 0xA79F, 0x575F, 0x573F, 0x4EFF, 0x6F7F, 0x97DF, 0x3E5F, 0x15BF, 0x367F, 0x4F5F,
  0xAFDF, 0xFFFF, 0xFFFF, 0x8D17, 0x016C, 0x01AC, 0x0149, 0x0128, 0x0108, 0x0108, 0x0107, 0x00E7,
  0x00E6, 0x00E6, 0x00C6, 0x00C5, 0x00C5, 0x00A5, 0x00A5, 0x00A4, 0x0063, 0x0084, 0x0084, 0x0063,
  0x0063, 0x0063, 0x0063, 0x0063, 0x0063, 0x0063, 0x0063, 0x0063, 0x0063, 0x0063, 0x0063, 0x0043,
  0x0063, 0x0043, 0x0063, 0x0063, 0x0063, 0x0043, 0x0043, 0x0063, 0x0063, 0x0043, 0x0043, 0x0063,
  0x0043, 0x0063, 0x0063, 0x0043, 0x0043, 0x0043, 0x0063, 0x0043, 0x0043, 0x0063, 0x0063, 0x0043,
  0x0063, 0x0043, 0x0043, 0x0063, 0x0043, 0x0063, 0x0043, 0x0043, 0x0043, 0x0043, 0x0043, 0x0043,
  0x0043, 0x0043, 0x0063, 0x0063, 0x0043, 0x0063, 0x0063, 0x0063, 0x0001, 0x424B, 0xB63A, 0xADB8,
  0x1967, 0x0064, 0x0085, 0x0084, 0x0084, 0x0084, 0x0001, 0x8C72, 0xFFFF, 0xFFFF, 0xFFFF, 0xFFFF,
  0xFFFF, 0x3393, 0x0002, 0x3BB3, 0xCF3E, 0xFFFF, 0xAE7C, 0x0313, 0x02B2, 0x0149, 0x0084, 0x00A5,
  0x00A5, 0x0084, 0x0149, 0x00C6, 0x0064, 0x01AB, 0x0355, 0x01EE, 0x018C, 0x00A5, 0x00A5, 0x0064,
  0x3351, 0x6DBC, 0x1BB6, 0x0335, 0x03B6, 0x0375, 0x020D, 0x00C6, 0x00C6, 0x00E7, 0x00E7, 0x00E7,
  0x00E7, 0x0149, 0x01AB, 0x00E7, 0x0108, 0x016A, 0x02F2, 0x0478, 0x0C78, 0x03F5, 0x0084, 0x0043,
  0x0063, 0x0063, 0x0063, 0x0063, 0x0063, 0x0063, 0x0064, 0x0084, 0x0084, 0x0084, 0x0084, 0x00A5,
  0x00C5, 0x00E6, 0x0107, 0x00A7, 0x42CF, 0xDF3D, 0xFFFF, 0xFFDF, 0xF7FF, 0x9F9F, 0x573F, 0x5F3F,
  0x571F, 0x571F, 0x773F, 0x361E, 0x15BF, 0x369F, 0x373F, 0x879F, 0xFFDF, 0xFFFF, 0x9DB9, 0x014C,
  0x014B, 0x010A, 0x00E8, 0x00C8, 0x00C8, 0x00A7, 0x0086, 0x0086, 0x0065, 0x0065, 0x0065, 0x0044,
  0x0024, 0x0023, 0x0003, 0x0002, 0x0002, 0x0002, 0x0063, 0x0063, 0x0063, 0x0063, 0x0063, 0x0063,
  0x0063, 0x0063, 0x0063, 0x0063, 0x0063, 0x0063, 0x0063, 0x0063, 0x0063, 0x0063, 0x0063, 0x0063,
  0x0063, 0x0063, 0x0063, 0x0063, 0x0063, 0x0043, 0x0063, 0x0043, 0x0063, 0x0063, 0x0063, 0x0043,
  0x0043, 0x0063, 0x0063, 0x0043, 0x0063, 0x0063, 0x0043, 0x0043, 0x0043, 0x0043, 0x0063, 0x0043,
  0x0043, 0x0063, 0x0043, 0x0043, 0x0063, 0x0063, 0x0043, 0x0043, 0x0043, 0x0063, 0x0063, 0x0043,
  0x0063, 0x0043, 0x0063, 0x0063, 0x0001, 0x424A, 0xB61A, 0xA5B8, 0x1947, 0x0064, 0x0084, 0x0084,
  0x0084, 0x0043, 0x10E5, 0xE73C, 0xFFFF, 0xD75E, 0x8DB9, 0x64B6, 0x54B7, 0x12F1, 0x0043, 0x018A,
  0x1C17, 0xBEDD, 0xD73D, 0x0B34, 0x02D2, 0x00C6, 0x0084, 0x00A5, 0x0064, 0x1A2D, 0x022E, 0x0084,
  0x0064, 0x09AB, 0x0BD6, 0x0250, 0x01AD, 0x0108, 0x00A5, 0x0084, 0x0084, 0x5476, 0x7DFD, 0x2437,
  0x0375, 0x0375, 0x03B6, 0x02D2, 0x0129, 0x00C6, 0x0107, 0x00E7, 0x00E7, 0x00E7, 0x0129, 0x0107,
  0x0108, 0x018B, 0x0374, 0x0478, 0x0C99, 0x0373, 0x0022, 0x0063, 0x0063, 0x0063, 0x0063, 0x0063,
  0x0063, 0x0063, 0x0064, 0x0084, 0x0084, 0x0084, 0x00A5, 0x00A5, 0x00E6, 0x00E7, 0x00C7, 0x63D2,
  0xF7BF, 0xFFFF, 0xFFDF, 0xE7DF, 0x97BF, 0x6F7F, 0x675F, 0x5F5F, 0x675F, 0x66FF, 0x15BE, 0x0D9E,
  0x263F, 0x371F, 0x7FBF, 0xF7DF, 0xFFFF, 0xEFBF, 0x74D7, 0x6455, 0x6455, 0x6434, 0x6433, 0x6433,
  0x6413, 0x63F3, 0x63F2, 0x63D2, 0x63D1, 0x63B1, 0x63B1, 0x63B0, 0x6390, 0x6390, 0x638F, 0x636F,
  0x6BB0, 0x5B4E, 0x08C5, 0x0084, 0x0084, 0x0064, 0x0063, 0x0063, 0x0063, 0x0063, 0x0043, 0x0063,
  0x0063, 0x0063, 0x0063, 0x0063, 0x0063, 0x0043, 0x0063, 0x0063, 0x0043, 0x0063, 0x0043, 0x0043,
  0x0063, 0x0043, 0x0043, 0x0043, 0x0063, 0x0043, 0x0043, 0x0063, 0x0063, 0x0063, 0x0043, 0x0043,
  0x0043, 0x0043, 0x0043, 0x0043, 0x0063, 0x0063, 0x0043, 0x0063, 0x0063, 0x0043, 0x0063, 0x0043,
  0x0043, 0x0063, 0x0043, 0x0043, 0x0063, 0x0063, 0x0063, 0x0063, 0x0063, 0x0043, 0x0043, 0x0063,
  0x0001, 0x3A4A, 0xAE19, 0xA598, 0x1947, 0x0064, 0x0084, 0x0084, 0x0084, 0x0043, 0x2146, 0xBE7A,
  0x6539, 0x122D, 0x0085, 0x0064, 0x0044, 0x0023, 0x0002, 0x0107, 0x02F2, 0x0B95, 0x7D9A, 0x23B4,
  0x02D2, 0x0107, 0x0084, 0x0064, 0x2188, 0x4436, 0x018C, 0x0084, 0x0064, 0x09AA, 0x1C17, 0x0313,
  0x01EF, 0x014A, 0x0085, 0x00A5, 0x0064, 0x0907, 0x64F8, 0x659B, 0x23F6, 0x0B96, 0x0375, 0x0396,
  0x0355, 0x01AB, 0x00C6, 0x0107, 0x00E7, 0x00E7, 0x0107, 0x0107, 0x0108, 0x01AC, 0x03B5, 0x0C78,
  0x0C99, 0x02D0, 0x0022, 0x0063, 0x0063, 0x0063, 0x0063, 0x0063, 0x0063, 0x0064, 0x0084, 0x0084,
  0x0084, 0x00A5, 0x00A5, 0x00E6, 0x00C6, 0x0108, 0x84D5, 0xFFFF, 0xFFFF, 0xFFDF, 0xDFFF, 0x8F9F,
  0x777F, 0x7F9F, 0x675F, 0x4EBF, 0x469F, 0x25FF, 0x0DBF, 0x161F, 0x26BF, 0x677F, 0xF7FF, 0xFFFF,
  0xF7FF, 0xFFDF, 0xFFFF, 0xFFFF, 0xFFFF, 0xFFFF, 0xFFFF, 0xFFFF, 0xFFFF, 0xFFFF, 0xFFFF, 0xFFFF,
  0xFFFF, 0xFFFF, 0xFFFF, 0xFFFF, 0xFFFF, 0xFFFF, 0xFFFF, 0xFFFF, 0xF7BE, 0x5B0D, 0x0064, 0x0084,
  0x0084, 0x0063, 0x0063, 0x0063, 0x0063, 0x0063, 0x0063, 0x0063, 0x0063, 0x0063, 0x0063, 0x0043,
  0x0063, 0x0063, 0x0063, 0x0063, 0x0063, 0x0063, 0x0063, 0x0063, 0x0043, 0x0043, 0x0063, 0x0043,
  0x0043, 0x0063, 0x0063, 0x0043, 0x0063, 0x0063, 0x0043, 0x0063, 0x0063, 0x0043, 0x0043, 0x0043,
  0x0043, 0x0063, 0x0063, 0x0043, 0x0063, 0x0043, 0x0063, 0x0063, 0x0063, 0x0063, 0x0043, 0x0043,
  0x0043, 0x0043, 0x0063, 0x0063, 0x0043, 0x0043, 0x0043, 0x0063, 0x0001, 0x3A2A, 0xADF9, 0xA597,
  0x1947, 0x0064, 0x0084, 0x0084, 0x0084, 0x0084, 0x0043, 0x00A5, 0x0128, 0x0064, 0x0063, 0x0022,
  0x1927, 0x4209, 0x3A2A, 0x1127, 0x0044, 0x00C7, 0x01EC, 0x0B33, 0x0334, 0x0108, 0x0084, 0x0043,
  0x6BD1, 0x3416, 0x018C, 0x00A5, 0x0084, 0x0948, 0x2417, 0x03B6, 0x0291, 0x01AD, 0x00C6, 0x0084,
  0x00C6, 0x0085, 0x00E7, 0x2373, 0x2458, 0x13D6, 0x0B95, 0x0375, 0x0376, 0x0375, 0x01AB, 0x00C6,
  0x0107, 0x0107, 0x0108, 0x0108, 0x0108, 0x01CD, 0x03F6, 0x0C78, 0x04B9, 0x024D, 0x0002, 0x0063,
  0x0063, 0x0063, 0x0063, 0x0063, 0x0063, 0x0064, 0x0084, 0x0084, 0x00A5, 0x00A5, 0x00E6, 0x00A6,
  0x1969, 0xB5F9, 0xFFFF, 0xFFDF, 0xFFFF, 0xCFDF, 0x8FBF, 0x879F, 0x7F7F, 0x4EBF, 0x25BE, 0x2E5F,
  0x261F, 0x15DF, 0x1E1F, 0x163F, 0x4F1F, 0xDFDF, 0xF7FF, 0xF7FF, 0xF7FF, 0xEFDF, 0xEFDF, 0xF7DF,
  0xF7DF, 0xF7DF, 0xF7DF, 0xEFDF, 0xEFDF, 0xEFDF, 0xF7DF, 0xF7DF, 0xF7DF, 0xF7DF, 0xF7DF, 0xF7DF,
  0xF7DF, 0xF7DF, 0xFFFF, 0xC659, 0x2988, 0x0003, 0x0084, 0x0084, 0x0063, 0x0063, 0x0063, 0x0063,
  0x0063, 0x0063, 0x0063, 0x0063, 0x0043, 0x0063, 0x0063, 0x0043, 0x0043, 0x0063, 0x0063, 0x0063,
  0x0063, 0x0043, 0x0043, 0x0063, 0x0043, 0x0063, 0x0063, 0x0063, 0x0063, 0x0063, 0x0063, 0x0063,
  0x0043, 0x0063, 0x0063, 0x0043, 0x0063, 0x0063, 0x0043, 0x0043, 0x0063, 0x0063, 0x0063, 0x0043,
  0x0043, 0x0063, 0x0043, 0x0043, 0x0063, 0x0043, 0x0043, 0x0063, 0x0063, 0x0063, 0x0043, 0x0043,
  0x0063, 0x0043, 0x0063, 0x0063, 0x0001, 0x3A2A, 0xADF9, 0x9D97, 0x1947, 0x0043, 0x0084, 0x0084,
  0x0084, 0x0084, 0x0084, 0x0063, 0x0063, 0x0084, 0x0064, 0x7411, 0xDF1C, 0xF7BF, 0xF7BE, 0xDF1C,
  0x94B4, 0x10E6, 0x0002, 0x016A, 0x0334, 0x0169, 0x0043, 0x0884, 0x9DB8, 0x1BB6, 0x0250, 0x00A5,
  0x0084, 0x00A5, 0x33D5, 0x13F7, 0x0334, 0x0230, 0x01AB, 0x0084, 0x00A5, 0x00A5, 0x0064, 0x00A5,
  0x0A90, 0x03B6, 0x0375, 0x0375, 0x0355, 0x0375, 0x0375, 0x016A, 0x00C7, 0x0108, 0x00E7, 0x0107,
  0x0108, 0x01CD, 0x03F6, 0x0C78, 0x0CB9, 0x01EB, 0x0002, 0x0063, 0x0063, 0x0063, 0x0063, 0x0063,
  0x0063, 0x0084, 0x0084, 0x00A4, 0x00A5, 0x00E6, 0x0065, 0x2A2B, 0xD6DB, 0xFFFF, 0xFFDF, 0xFFFF,
  0xC7DF, 0x97BF, 0x9FDF, 0x8F9F, 0x361F, 0x0D7E, 0x56BF, 0x4EBF, 0x0D7E, 0x159E, 0x1E1F, 0x267F,
  0x36BF, 0x4EDF, 0x4EDF, 0x4EFF, 0x56FF, 0x4F1F, 0x5F3F, 0x6F7F, 0x779F, 0x7FBF, 0x879F, 0x779F,
  0x7F9F, 0xB7DF, 0xCFFF, 0xCFFF, 0xC7DF, 0xC7DF, 0xEFFF, 0xFFDF, 0xF7DF, 0xFFFF, 0x9D36, 0x08E6,
  0x0044, 0x00A5, 0x0084, 0x0064, 0x0063, 0x0063, 0x0063, 0x0063, 0x0063, 0x0063, 0x0063, 0x0063,
  0x0063, 0x0063, 0x0063, 0x0063, 0x0063, 0x0063, 0x0043, 0x0063, 0x0063, 0x0063, 0x0063, 0x0043,
  0x0063, 0x0063, 0x0043, 0x0063, 0x0063, 0x0063, 0x0063, 0x0063, 0x0063, 0x0063, 0x0063, 0x0063,
  0x0063, 0x0043, 0x0043, 0x0043, 0x0043, 0x0063, 0x0063, 0x0043, 0x0063, 0x0063, 0x0043, 0x0043,
  0x0063, 0x0043, 0x0043, 0x0063, 0x0063, 0x0043, 0x0043, 0x0063, 0x0063, 0x0043, 0x0063, 0x0063,
  0x0001, 0x3A2A, 0xADF9, 0x9D77, 0x1947, 0x0043, 0x0084, 0x0084, 0x0084, 0x0064, 0x0064, 0x0084,
  0x0063, 0x1127, 0x6C13, 0xFFFF, 0xFFFF, 0xFFFF, 0xFFFF, 0xF7DF, 0xEFDF, 0xE6FB, 0x322B, 0x0044,
  0x0149, 0x0108, 0x0043, 0x29A9, 0xBEBC, 0x1B95, 0x0292, 0x00E7, 0x0084, 0x0043, 0x2AF0, 0x2C58,
  0x0355, 0x02D2, 0x02B2, 0x016B, 0x0084, 0x00A5, 0x00A5, 0x00A5, 0x0085, 0x01CC, 0x0355, 0x0375,
  0x0354, 0x0355, 0x0396, 0x02F3, 0x0108, 0x00E7, 0x00E7, 0x0107, 0x0108, 0x01CD, 0x0416, 0x0C78,
  0x0CB9, 0x01CA, 0x0022, 0x0063, 0x0063, 0x0063, 0x0063, 0x0063, 0x0064, 0x0084, 0x0084, 0x00A5,
  0x00C6, 0x0065, 0x532F, 0xE75D, 0xFFFF, 0xFFDF, 0xF7DF, 0xC7DF, 0xA7DF, 0x97BF, 0x673F, 0x3E9F,
  0x15DF, 0x4EDF, 0x675F, 0x2E3F, 0x261E, 0x2E1F, 0x367F, 0x2E7F, 0x267F, 0x1E5F, 0x1E7F, 0x1E7F,
  0x1EBF, 0x2EFF, 0x371F, 0x4F7F, 0x577F, 0x5F5F, 0x573F, 0x5F5F, 0xA7DF, 0xC7FF, 0xBFFF, 0xBFFF,
  0xC7FF, 0xEFDF, 0xF7DF, 0xFFFF, 0xFFFF, 0x7C32, 0x0085, 0x00A5, 0x00C5, 0x0084, 0x0084, 0x0064,
  0x0063, 0x0063, 0x0063, 0x0063, 0x0063, 0x0063, 0x0063, 0x0063, 0x0063, 0x0063, 0x0063, 0x0063,
  0x0063, 0x0063, 0x0063, 0x0063, 0x0063, 0x0043, 0x0043, 0x0043, 0x0063, 0x0043, 0x0063, 0x0063,
  0x0063, 0x0063, 0x0063, 0x0063, 0x0063, 0x0063, 0x0063, 0x0063, 0x0063, 0x0063, 0x0063, 0x0043,
  0x0043, 0x0043, 0x0043, 0x0063, 0x0063, 0x0063, 0x0043, 0x0043, 0x0043, 0x0043, 0x0063, 0x0043,
  0x0043, 0x0063, 0x0043, 0x0043, 0x0043, 0x0063, 0x0043, 0x0063, 0x0001, 0x3A4A, 0xADF9, 0x9D77,
  0x1927, 0x0043, 0x0084, 0x0064, 0x0064, 0x0064, 0x0084, 0x0063, 0x10C4, 0x84B4, 0x8D99, 0xBF1E,
  0xC71E, 0xF7DF, 0xFFFF, 0xF7DF, 0x961B, 0xAE9D, 0xF79E, 0x31EA, 0x0023, 0x00A5, 0x0043, 0x3A4B,
  0xCF1E, 0x2394, 0x02D3, 0x01AB, 0x0064, 0x0084, 0x1148, 0x4478, 0x0BB6, 0x0375, 0x02F3, 0x02B2,
  0x0107, 0x0084, 0x00A6, 0x00A5, 0x00A5, 0x0064, 0x018A, 0x0355, 0x0355, 0x0375, 0x0375, 0x03B6,
  0x024F, 0x00C6, 0x0107, 0x00E7, 0x00E7, 0x01AC, 0x0416, 0x0C98, 0x0CB9, 0x01AA, 0x0022, 0x0063,
  0x0063, 0x0063, 0x0063, 0x0063, 0x0064, 0x0084, 0x00A5, 0x0084, 0x0085, 0x7C32, 0xFFDF, 0xFFFF,
  0xF7DF, 0xEFFF, 0xBFDF, 0xAFDF, 0x9FBF, 0x7F9F, 0x5F3F, 0x4EDF, 0x573F, 0x5F7F, 0x471F, 0x3EFF,
  0x3EFF, 0x473F, 0x473F, 0x2EBF, 0x1E7F, 0x2E9F, 0x2E7F, 0x265F, 0x1E7F, 0x3F1F, 0x6F7F, 0x4EDF,
  0x2E7F, 0x3EBF, 0x46FF, 0x979F, 0xBFFF, 0xB7FF, 0xB7FF, 0xCFFF, 0xFFFF, 0xFFDF, 0xFFFF, 0xE77E,
  0x532F, 0x0086, 0x00C6, 0x00A5, 0x0084, 0x0084, 0x0063, 0x0063, 0x0063, 0x0063, 0x0063, 0x0063,
  0x0063, 0x0063, 0x0063, 0x0063, 0x0063, 0x0063, 0x0063, 0x0063, 0x0063, 0x0063, 0x0063, 0x0043,
  0x0063, 0x0043, 0x0063, 0x0063, 0x0063, 0x0063, 0x0063, 0x0063, 0x0043, 0x0043, 0x0063, 0x0063,
  0x0063, 0x0063, 0x0063, 0x0043, 0x0063, 0x0043, 0x0063, 0x0043, 0x0043, 0x0063, 0x0043, 0x0043,
  0x0063, 0x0043, 0x0063, 0x0043, 0x0063, 0x0043, 0x0063, 0x0063, 0x0063, 0x0063, 0x0063, 0x0063,
  0x0063, 0x0063, 0x0063, 0x0063, 0x0001, 0x3A4A, 0xA5D9, 0x9D77, 0x1927, 0x0043, 0x0084, 0x0064,
  0x0064, 0x0064, 0x0063, 0x0022, 0x2146, 0x63F2, 0x016B, 0x024E, 0x0333, 0x34DA, 0x8E5C, 0xF7DF,
  0xFFFF, 0x4CD8, 0x7DBB, 0xAE19, 0x08A5, 0x00A5, 0x0044, 0x29CA, 0xCF3E, 0x4477, 0x02D3, 0x02B1,
  0x00A5, 0x00A5, 0x0044, 0x2AAF, 0x3499, 0x0C17, 0x0B54, 0x02B2, 0x0291, 0x0108, 0x0085, 0x00C6,
  0x00A5, 0x00C6, 0x0084, 0x018B, 0x0375, 0x0375, 0x0375, 0x0396, 0x0355, 0x0128, 0x00E7, 0x0107,
  0x00E7, 0x01AC, 0x03F6, 0x0C78, 0x0CB9, 0x01AA, 0x0002, 0x0063, 0x0063, 0x0063, 0x0063, 0x0063,
  0x0084, 0x00A4, 0x0043, 0x10E6, 0xA556, 0xFFFF, 0xF7DF, 0xFFDF, 0xF7FF, 0xCFDF, 0xCFDF, 0xC7DF,
  0xBFDF, 0xAFBF, 0x979F, 0x979F, 0x9FBF, 0x7F7F, 0x7F7F, 0x877F, 0x877F, 0x7F7F, 0x7F7F, 0x775F,
  0x6F1F, 0x3EDF, 0x269F, 0x269F, 0x1E5F, 0x2E3E, 0x2DDF, 0x0D9F, 0x2E7F, 0x471F, 0x777F, 0xB7DF,
  0xAFDF, 0xAFDF, 0xD7FF, 0xFFDF, 0xF7DF, 0xFFFF, 0xCEBB, 0x2A2C, 0x0085, 0x00E6, 0x00A5, 0x0084,
  0x0084, 0x0084, 0x0063, 0x0063, 0x0063, 0x0063, 0x0063, 0x0063, 0x0063, 0x0063, 0x0063, 0x0063,
  0x0043, 0x0063, 0x0063, 0x0063, 0x0063, 0x0063, 0x0063, 0x0043, 0x0063, 0x0043, 0x0063, 0x0063,
  0x0043, 0x0063, 0x0063, 0x0063, 0x0063, 0x0063, 0x0063, 0x0063, 0x0063, 0x0063, 0x0063, 0x0043,
  0x0063, 0x0043, 0x0063, 0x0043, 0x0043, 0x0043, 0x0063, 0x0043, 0x0063, 0x0063, 0x0063, 0x0043,
  0x0063, 0x0063, 0x0063, 0x0043, 0x0043, 0x0043, 0x0063, 0x0043, 0x0063, 0x0043, 0x0063, 0x0063,
  0x0001, 0x3A2A, 0xA5D9, 0x9D77, 0x1947, 0x0043, 0x0084, 0x0064, 0x0064, 0x0063, 0x0063, 0x0063,
  0x00A4, 0x00E6, 0x0023, 0x0001, 0x0044, 0x018A, 0x02F2, 0x4519, 0xE79E, 0xE79E, 0x0334, 0x5D5A,
  0x3351, 0x0064, 0x0085, 0x1107, 0xC6DD, 0x759A, 0x02D3, 0x0314, 0x01AC, 0x0064, 0x0085, 0x00A5,
  0x33B4, 0x2C58, 0x0BB5, 0x02B2, 0x02F3, 0x02B2, 0x00E7, 0x0085, 0x00A6, 0x00A6, 0x00C6, 0x0085,
  0x022E, 0x0396, 0x0355, 0x0375, 0x03B6, 0x01ED, 0x00C6, 0x0107, 0x00E7, 0x018C, 0x03B5, 0x0C78,
  0x0CB9, 0x01EB, 0x0002, 0x0063, 0x0063, 0x0063, 0x0063, 0x0063, 0x0084, 0x0002, 0x29A8, 0xCE9A,
  0xFFFF, 0xFFDF, 0xFFFF, 0xFFFF, 0xFFFF, 0xFFFF, 0xFFFF, 0xFFFF, 0xFFFF, 0xFFFF, 0xFFFF, 0xFFFF,
  0xFFFF, 0xFFFF, 0xFFFF, 0xFFFF, 0xFFFF, 0xFFFF, 0xFFDF, 0xFFFF, 0xBFBF, 0x2EDF, 0x1E7F, 0x1E1E,
  0x155E, 0x0CDE, 0x051E, 0x2E5F, 0x3EBF, 0x5F1F, 0xA7DF, 0xAFDF, 0xAFDF, 0xDFFF, 0xFFDF, 0xFFFF,
  0xFFFF, 0xADD8, 0x118A, 0x00A6, 0x00E7, 0x00C5, 0x00A5, 0x0084, 0x0084, 0x0064, 0x0063, 0x0063,
  0x0063, 0x0063, 0x0063, 0x0063, 0x0063, 0x0063, 0x0063, 0x0063, 0x0063, 0x0063, 0x0063, 0x0063,
  0x0063, 0x0063, 0x0063, 0x0043, 0x0063, 0x0043, 0x0063, 0x0063, 0x0043, 0x0063, 0x0043, 0x0043,
  0x0063, 0x0063, 0x0063, 0x0063, 0x0063, 0x0063, 0x0063, 0x0063, 0x0063, 0x0063, 0x0043, 0x0043,
  0x0063, 0x0063, 0x0063, 0x0043, 0x0043, 0x0063, 0x0043, 0x0063, 0x0063, 0x0043, 0x0043, 0x0063,
  0x0043, 0x0063, 0x0063, 0x0063, 0x0043, 0x0063, 0x0043, 0x0063, 0x0001, 0x3A2A, 0xA5B8, 0x9D77,
  0x1947, 0x0043, 0x0084, 0x0064, 0x0064, 0x0063, 0x0063, 0x0063, 0x0063, 0x0063, 0x0063, 0x424A,
  0x3A2A, 0x0022, 0x0064, 0x0290, 0x3D1A, 0xEFBF, 0x6D59, 0x0334, 0x2C78, 0x0949, 0x0084, 0x0043,
  0x9D77, 0xB6DE, 0x0B13, 0x02F3, 0x02F4, 0x0128, 0x0084, 0x00A5, 0x0107, 0x1333, 0x0BD6, 0x0B95,
  0x02D2, 0x02D3, 0x0270, 0x00C6, 0x00A5, 0x00C6, 0x00C6, 0x00A6, 0x00A6, 0x02D2, 0x0396, 0x0375,
  0x03B6, 0x02B1, 0x00C7, 0x00E7, 0x00E7, 0x016B, 0x0374, 0x0478, 0x04B9, 0x022C, 0x0002, 0x0063,
  0x0063, 0x0063, 0x0063, 0x0084, 0x0043, 0x52CD, 0xEF7D, 0xFFFF, 0xFFDF, 0xFFDF, 0xFFFF, 0xFFFF,
  0xFFDF, 0xFFFF, 0xFFDF, 0xFFFF, 0xFFFF, 0xFFDF, 0xFFDF, 0xFFFF, 0xFFFF, 0xFFFF, 0xFFFF, 0xF7BF,
  0xF7DF, 0xF7FF, 0xFFFF, 0xCFBF, 0x46FF, 0x2EDF, 0x159E, 0x0D1D, 0x1D7E, 0x0D3E, 0x0D9E, 0x263F,
  0x5EFF, 0xAFDF, 0xAFFF, 0xB7DF, 0xE7FF, 0xFFDF, 0xFFFF, 0xFFFF, 0x8494, 0x00E8, 0x00C7, 0x00E7,
  0x00A5, 0x00A5, 0x0084, 0x0084, 0x0084, 0x0063, 0x0063, 0x0063, 0x0063, 0x0063, 0x0063, 0x0063,
  0x0043, 0x0043, 0x0063, 0x0063, 0x0063, 0x0063, 0x0063, 0x0063, 0x0063, 0x0063, 0x0063, 0x0063,
  0x0063, 0x0063, 0x0043, 0x0063, 0x0063, 0x0043, 0x0043, 0x0043, 0x0063, 0x0063, 0x0063, 0x0063,
  0x0043, 0x0063, 0x0063, 0x0043, 0x0043, 0x0063, 0x0043, 0x0043, 0x0043, 0x0063, 0x0043, 0x0063,
  0x0063, 0x0043, 0x0043, 0x0063, 0x0043, 0x0043, 0x0063, 0x0043, 0x0063, 0x0063, 0x0043, 0x0063,
  0x0063, 0x0063, 0x0063, 0x0063, 0x0001, 0x3A0A, 0x9DB8, 0x9D57, 0x1947, 0x0043, 0x0084, 0x0064,
  0x0063, 0x0063, 0x0063, 0x0063, 0x0084, 0x0022, 0x29A8, 0xEF9E, 0xE77E, 0x7C73, 0x10E6, 0x0064,
  0x024E, 0x65BB, 0xCF1D, 0x0B95, 0x0BF7, 0x128F, 0x0064, 0x0023, 0x426C, 0xD77F, 0x4457, 0x02D3,
  0x0355, 0x02D2, 0x00C7, 0x00A5, 0x0084, 0x0107, 0x02F3, 0x0BB6, 0x0B33, 0x02B2, 0x02D3, 0x020F,
  0x00A5, 0x00C6, 0x00A6, 0x00C6, 0x0085, 0x016A, 0x0396, 0x0375, 0x0396, 0x0313, 0x0108, 0x00E7,
  0x0108, 0x016B, 0x0313, 0x0458, 0x04B9, 0x02AF, 0x0002, 0x0063, 0x0063, 0x0063, 0x0063, 0x0063,
  0x0083, 0x424A, 0x4AAC, 0x3A2A, 0x426B, 0x426B, 0x426B, 0x428B, 0x428C, 0x42AD, 0x42AD, 0x42AD,
  0x42CD, 0x42CE, 0x42EE, 0x42EF, 0x4310, 0x4B92, 0x3B31, 0x9578, 0xFFFF, 0xFFFF, 0xD7DF, 0x4EFF,
  0x3EDF, 0x367F, 0x04BD, 0x0CDC, 0x157D, 0x159E, 0x2E1E, 0x6F3F, 0x9FDF, 0x9FDF, 0xB7DF, 0xEFFF,
  0xF7DF, 0xFFFF, 0xEF7E, 0x5370, 0x00C7, 0x00E7, 0x00E6, 0x00A5, 0x00A5, 0x0084, 0x0084, 0x0084,
  0x0064, 0x0063, 0x0063, 0x0063, 0x0063, 0x0063, 0x0063, 0x0022, 0x0084, 0x00C5, 0x0043, 0x0063,
  0x0063, 0x0063, 0x0063, 0x0063, 0x0063, 0x0063, 0x0063, 0x0063, 0x0063, 0x0063, 0x0063, 0x0063,
  0x0063, 0x0043, 0x0043, 0x0063, 0x0063, 0x0063, 0x0063, 0x0063, 0x0063, 0x0063, 0x0043, 0x0063,
  0x0043, 0x0063, 0x0063, 0x0063, 0x0043, 0x0043, 0x0063, 0x0043, 0x0063, 0x0043, 0x0043, 0x0063,
  0x0043, 0x0063, 0x0063, 0x0043, 0x0063, 0x0043, 0x0063, 0x0063, 0x0043, 0x0063, 0x0063, 0x0063,
  0x0001, 0x3209, 0x9D98, 0x9557, 0x1947, 0x0043, 0x0064, 0x0064, 0x0063, 0x0063, 0x0063, 0x0063,
  0x0063, 0x0043, 0x08C5, 0x21CA, 0x1169, 0x19AA, 0x0907, 0x0064, 0x0063, 0x0B73, 0xB6FE, 0x4C77,
  0x0314, 0x12F1, 0x0084, 0x0085, 0x0084, 0x9558, 0xA69D, 0x0314, 0x0314, 0x0335, 0x0291, 0x00A6,
  0x00A5, 0x00A5, 0x0129, 0x02D3, 0x0B34, 0x02D2, 0x02B2, 0x02F3, 0x018B, 0x00A5, 0x00C6, 0x00C6,
  0x00A6, 0x00A5, 0x02F2, 0x03B6, 0x0395, 0x0354, 0x0149, 0x00C6, 0x0108, 0x016B, 0x0290, 0x0458,
  0x0499, 0x0332, 0x0022, 0x0063, 0x0063, 0x0063, 0x0063, 0x0063, 0x0063, 0x0002, 0x0002, 0x0002,
  0x0002, 0x0023, 0x0023, 0x0023, 0x0044, 0x0044, 0x0065, 0x0065, 0x0085, 0x0086, 0x00A7, 0x00C8,
  0x0129, 0x00EA, 0x2AAF, 0xDF5D, 0xFFFF, 0xE7DF, 0x675F, 0x36BF, 0x2E7F, 0x1D7E, 0x04BD, 0x151D,
  0x0D1D, 0x259E, 0x8F9F, 0x9FDF, 0x97BF, 0xBFDF, 0xF7DF, 0xFFDF, 0xFFFF, 0xD6DC, 0x326D, 0x00A6,
  0x0107, 0x00C6, 0x00A5, 0x00A5, 0x0084, 0x0084, 0x0084, 0x0084, 0x0063, 0x0063, 0x0063, 0x0063,
  0x0063, 0x0043, 0x0001, 0x1167, 0x11E9, 0x0084, 0x0043, 0x0063, 0x0063, 0x0063, 0x0063, 0x0063,
  0x0063, 0x0063, 0x0063, 0x0063, 0x0043, 0x0063, 0x0063, 0x0063, 0x0063, 0x0063, 0x0063, 0x0043,
  0x0063, 0x0043, 0x0063, 0x0063, 0x0043, 0x0063, 0x0043, 0x0043, 0x0043, 0x0063, 0x0043, 0x0063,
  0x0043, 0x0063, 0x0063, 0x0043, 0x0043, 0x0043, 0x0063, 0x0063, 0x0043, 0x0043, 0x0063, 0x0043,
  0x0063, 0x0043, 0x0063, 0x0063, 0x0043, 0x0063, 0x0043, 0x0063, 0x0001, 0x31E9, 0x9D77, 0x9557,
  0x2167, 0x0023, 0x0064, 0x0064, 0x0064, 0x0064, 0x0063, 0x0063, 0x0063, 0x0063, 0x0043, 0x0022,
  0x0043, 0x0065, 0x00A6, 0x0084, 0x0063, 0x0149, 0x5D9B, 0x64F8, 0x02B2, 0x0312, 0x00E6, 0x00A5,
  0x0065, 0x1969, 0xAE7C, 0x4CB8, 0x02B3, 0x0314, 0x0335, 0x0291, 0x00A6, 0x00C6, 0x00A5, 0x0129,
  0x02D3, 0x02D3, 0x02B2, 0x02D3, 0x0271, 0x00C6, 0x00A5, 0x00C6, 0x00C6, 0x0085, 0x01ED, 0x03B6,
  0x0375, 0x0375, 0x016A, 0x00C6, 0x0107, 0x016A, 0x022E, 0x0437, 0x0499, 0x03D5, 0x0063, 0x0043,
  0x0063, 0x0063, 0x0063, 0x0063, 0x0063, 0x0084, 0x0084, 0x0084, 0x00A4, 0x00A4, 0x00A5, 0x00A5,
  0x00A5, 0x00C6, 0x00C6, 0x00E6, 0x00E6, 0x0107, 0x0128, 0x0149, 0x0129, 0x226E, 0xDF5D, 0xFFFF,
  0xF7DF, 0x7F7F, 0x471F, 0x3EBF, 0x2E3F, 0x0CBC, 0x0CFD, 0x1DDE, 0x25DE, 0x773F, 0x97DF, 0x9FBF,
  0xCFFF, 0xFFDF, 0xFFDF, 0xFFFF, 0xADF9, 0x19AA, 0x00C7, 0x0107, 0x00C6, 0x00A5, 0x00A5, 0x0084,
  0x0084, 0x0084, 0x0084, 0x0063, 0x0063, 0x0063, 0x0063, 0x0063, 0x0022, 0x0042, 0x22EE, 0x22ED,
  0x0063, 0x0043, 0x0063, 0x0063, 0x0063, 0x0063, 0x0063, 0x0063, 0x0063, 0x0063, 0x0063, 0x0063,
  0x0063, 0x0063, 0x0063, 0x0063, 0x0063, 0x0063, 0x0063, 0x0043, 0x0063, 0x0063, 0x0043, 0x0063,
  0x0063, 0x0043, 0x0043, 0x0063, 0x0063, 0x0063, 0x0043, 0x0063, 0x0043, 0x0063, 0x0043, 0x0063,
  0x0063, 0x0043, 0x0063, 0x0063, 0x0063, 0x0043, 0x0043, 0x0063, 0x0063, 0x0043, 0x0043, 0x0063,
  0x0063, 0x0043, 0x0043, 0x0063, 0x0002, 0x29C8, 0x9557, 0x9557, 0x2187, 0x0043, 0x0084, 0x0064,
  0x0063, 0x0063, 0x0063, 0x0063, 0x0063, 0x0063, 0x08A4, 0x322A, 0x08E6, 0x122D, 0x00E7, 0x0128,
  0x00A5, 0x0085, 0x2393, 0x4CD9, 0x02B2, 0x0314, 0x0149, 0x0085, 0x00C6, 0x0023, 0x3A4C, 0xAE7D,
  0x1BB5, 0x0314, 0x0314, 0x0335, 0x022E, 0x0085, 0x00C6, 0x0084, 0x018B, 0x02F3, 0x02D3, 0x02B2,
  0x02B3, 0x016A, 0x00A5, 0x00C6, 0x00C6, 0x00A5, 0x0149, 0x0395, 0x0395, 0x0395, 0x018A, 0x00E7,
  0x0107, 0x016A, 0x01CD, 0x03D5, 0x0498, 0x0437, 0x00E6, 0x0022, 0x0063, 0x0063, 0x0063, 0x0063,
  0x0063, 0x0063, 0x0063, 0x0063, 0x0064, 0x0064, 0x0084, 0x0064, 0x00A5, 0x00A5, 0x00A5, 0x00A5,
  0x00C6, 0x00C6, 0x0107, 0x00E7, 0x118A, 0xCEBB, 0xFFFF, 0xF7DF, 0x8F7F, 0x573F, 0x4EFF, 0x4EFF,
  0x1D7E, 0x04BD, 0x25DE, 0x4EFF, 0x8F9F, 0x97DF, 0x97BF, 0xD7DF, 0xFFDF, 0xFFFF, 0xFFFF, 0x8CD5,
  0x0108, 0x00C7, 0x00E7, 0x00C6, 0x00A5, 0x00A5, 0x0084, 0x0084, 0x0084, 0x0084, 0x0064, 0x0063,
  0x0063, 0x0063, 0x0063, 0x0042, 0x0084, 0x2391, 0x22EE, 0x0022, 0x0043, 0x0063, 0x0063, 0x0063,
  0x0063, 0x0063, 0x0043, 0x0063, 0x0063, 0x0063, 0x0063, 0x0063, 0x0043, 0x0043, 0x0063, 0x0063,
  0x0063, 0x0063, 0x0043, 0x0043, 0x0063, 0x0063, 0x0063, 0x0063, 0x0043, 0x0063, 0x0063, 0x0063,
  0x0043, 0x0043, 0x0063, 0x0063, 0x0043, 0x0063, 0x0063, 0x0063, 0x0063, 0x0043, 0x0063, 0x0063,
  0x0043, 0x0063, 0x0043, 0x0063, 0x0043, 0x0063, 0x0043, 0x0063, 0x0043, 0x0063, 0x0063, 0x0063,
  0x0022, 0x2988, 0x9557, 0x9557, 0x29A8, 0x0023, 0x0084, 0x0064, 0x0063, 0x0063, 0x0063, 0x0063,
  0x0083, 0x0022, 0x39E9, 0x7495, 0x1127, 0x3C15, 0x014A, 0x020F, 0x016A, 0x0023, 0x0A0C, 0x34B9,
  0x02F3, 0x0314, 0x016A, 0x0084, 0x00C6, 0x00A5, 0x0023, 0x5B91, 0x85FC, 0x0313, 0x0313, 0x02F3,
  0x0335, 0x018A, 0x0084, 0x00C6, 0x00A5, 0x024F, 0x02F4, 0x02B2, 0x02B2, 0x01EE, 0x00A6, 0x00C6,
  0x00C6, 0x00A6, 0x00E7, 0x0333, 0x03B6, 0x0375, 0x016A, 0x00E7, 0x00E7, 0x016A, 0x01AC, 0x0353,
  0x0478, 0x0478, 0x01CA, 0x0002, 0x0063, 0x0063, 0x0063, 0x0063, 0x0063, 0x0063, 0x0063, 0x0063,
  0x0064, 0x0063, 0x0063, 0x0107, 0x00C5, 0x0084, 0x0084, 0x00A5, 0x00A5, 0x00E6, 0x00E7, 0x00E7,
  0xADD8, 0xFFFF, 0xFFDF, 0x9F9F, 0x573F, 0x46FF, 0x6F5F, 0x5E7F, 0x04FD, 0x3DDE, 0x777F, 0x7FBF,
  0x97BF, 0xAFDF, 0xE7FF, 0xFFDF, 0xFFFF, 0xEF9E, 0x63B1, 0x00A7, 0x00E7, 0x00E6, 0x00A5, 0x00A5,
  0x00A4, 0x0084, 0x0084, 0x0084, 0x0084, 0x0063, 0x0063, 0x0063, 0x0063, 0x0063, 0x0043, 0x00A4,
  0x124C, 0x0988, 0x0001, 0x0063, 0x0063, 0x0063, 0x0063, 0x0063, 0x0063, 0x0063, 0x0063, 0x0063,
  0x0043, 0x0063, 0x0063, 0x0043, 0x0063, 0x0063, 0x0063, 0x0063, 0x0063, 0x0063, 0x0063, 0x0063,
  0x0063, 0x0063, 0x0063, 0x0063, 0x0043, 0x0063, 0x0063, 0x0063, 0x0063, 0x0063, 0x0063, 0x0063,
  0x0043, 0x0063, 0x0043, 0x0063, 0x0043, 0x0063, 0x0063, 0x0043, 0x0043, 0x0063, 0x0063, 0x0063,
  0x0063, 0x0063, 0x0063, 0x0043, 0x0063, 0x0063, 0x0043, 0x0063, 0x0002, 0x2167, 0x9537, 0x9D77,
  0x31E9, 0x0023, 0x0084, 0x0063, 0x0064, 0x0063, 0x0063, 0x0063, 0x0084, 0x0001, 0x94F4, 0x5C54,
  0x4209, 0x8E1C, 0x022F, 0x124F, 0x022F, 0x0044, 0x0969, 0x3C98, 0x0B13, 0x02D2, 0x0128, 0x0063,
  0x0928, 0x0949, 0x00A5, 0x0044, 0x5BD2, 0x44B8, 0x02F3, 0x0313, 0x02F3, 0x0291, 0x00C6, 0x00A5,
  0x00A5, 0x0129, 0x02D3, 0x02B2, 0x0291, 0x0271, 0x00E7, 0x00C6, 0x00C6, 0x00C6, 0x00C6, 0x02F2,
  0x03D7, 0x0375, 0x0149, 0x00C6, 0x00E7, 0x016A, 0x01AC, 0x02B0, 0x0458, 0x0499, 0x02CF, 0x0022,
  0x0063, 0x0063, 0x0063, 0x0063, 0x0063, 0x0063, 0x0063, 0x0063, 0x0042, 0x00A4, 0x020C, 0x0148,
  0x0064, 0x0084, 0x0084, 0x00A5, 0x00C5, 0x00E7, 0x0086, 0x8CD5, 0xFFFF, 0xFFDF, 0xA77F, 0x573F,
  0x46FF, 0x5F3F, 0x873F, 0x2DBE, 0x4E3E, 0x6F3F, 0x777F, 0x879F, 0xAFBF, 0xEFFF, 0xFFDF, 0xFFFF,
  0xDF1C, 0x3AAD, 0x0086, 0x00E7, 0x00C6, 0x00A5, 0x00A5, 0x0084, 0x0084, 0x0084, 0x0084, 0x0063,
  0x0063, 0x0063, 0x0063, 0x0063, 0x0063, 0x0063, 0x0084, 0x0106, 0x0084, 0x0002, 0x0063, 0x0063,
  0x0063, 0x0063, 0x0042, 0x0043, 0x0063, 0x0063, 0x0063, 0x0063, 0x0063, 0x0063, 0x0063, 0x0063,
  0x0063, 0x0043, 0x0063, 0x0063, 0x0063, 0x0063, 0x0043, 0x0063, 0x0043, 0x0043, 0x0063, 0x0063,
  0x0043, 0x0063, 0x0063, 0x0063, 0x0043, 0x0063, 0x0043, 0x0063, 0x0043, 0x0043, 0x0043, 0x0043,
  0x0063, 0x0063, 0x0063, 0x0063, 0x0043, 0x0043, 0x0063, 0x0063, 0x0063, 0x0063, 0x0043, 0x0043,
  0x0063, 0x0043, 0x0043, 0x0063, 0x0022, 0x1926, 0x8D16, 0x9D98, 0x3A2B, 0x0022, 0x0084, 0x0064,
  0x0064, 0x0063, 0x0063, 0x0084, 0x0002, 0x39C8, 0xE7DF, 0x120B, 0x8C31, 0xB71F, 0x020F, 0x3B10,
  0x1333, 0x00E7, 0x00C6, 0x3C36, 0x0B34, 0x0291, 0x00C6, 0x0064, 0x19AA, 0x1A4F, 0x0085, 0x0084,
  0x0085, 0x5C76, 0x23F7, 0x02D2, 0x0291, 0x02D3, 0x018B, 0x0084, 0x00A5, 0x00A5, 0x024F, 0x02F3,
  0x0271, 0x0291, 0x0129, 0x00A5, 0x00C6, 0x00C6, 0x00A6, 0x02D1, 0x03F8, 0x0354, 0x016A, 0x00E7,
  0x00E7, 0x014A, 0x01CD, 0x01ED, 0x03F6, 0x0478, 0x03D5, 0x0084, 0x0042, 0x0063, 0x0063, 0x0063,
  0x0063, 0x0063, 0x0063, 0x0043, 0x0127, 0x0A4D, 0x0127, 0x0063, 0x0084, 0x0084, 0x0084, 0x00A5,
  0x00E6, 0x0065, 0x6BF1, 0xFFFF, 0xFFFF, 0xBF9F, 0x5F3F, 0x571F, 0x4EFF, 0x773F, 0x3E1E, 0x35DE,
  0x469F, 0x573F, 0x879F, 0xC7DF, 0xF7DF, 0xF7DF, 0xFFFF, 0xBE39, 0x21AA, 0x0086, 0x00E7, 0x00C5,
  0x00A5, 0x0085, 0x0084, 0x0084, 0x0084, 0x0084, 0x0064, 0x0063, 0x0063, 0x0063, 0x0063, 0x0063,
  0x0063, 0x0063, 0x0063, 0x0043, 0x0043, 0x0063, 0x0063, 0x0063, 0x0043, 0x0042, 0x00C5, 0x0084,
  0x0063, 0x0063, 0x0063, 0x0063, 0x0063, 0x0063, 0x0063, 0x0043, 0x0063, 0x0043, 0x0043, 0x0043,
  0x0063, 0x0043, 0x0063, 0x0043, 0x0063, 0x0043, 0x0063, 0x0043, 0x0043, 0x0043, 0x0063, 0x0063,
  0x0043, 0x0043, 0x0043, 0x0063, 0x0043, 0x0063, 0x0063, 0x0043, 0x0043, 0x0043, 0x0043, 0x0063,
  0x0043, 0x0043, 0x0063, 0x0063, 0x0043, 0x0043, 0x0043, 0x0063, 0x0063, 0x0063, 0x0043, 0x0063,
  0x0042, 0x10E5, 0x8CF5, 0x9D98, 0x428C, 0x0022, 0x0084, 0x0064, 0x0063, 0x0063, 0x0084, 0x0043,
  0x0863, 0xCEBB, 0x7579, 0x0928, 0xEF3C, 0x961B, 0x0230, 0x6C95, 0x1355, 0x018B, 0x00A5, 0x2B93,
  0x0314, 0x024F, 0x00A5, 0x0064, 0x2A2B, 0x22B0, 0x00C7, 0x00C5, 0x0064, 0x198A, 0x2BF6, 0x0314,
  0x0271, 0x0271, 0x020E, 0x00A6, 0x00A6, 0x0085, 0x016A, 0x02F3, 0x0291, 0x0291, 0x014A, 0x00A5,
  0x00C6, 0x00C6, 0x00A6, 0x02D1, 0x03F7, 0x0270, 0x018B, 0x00E7, 0x00E7, 0x0129, 0x01AC, 0x018B,
  0x0333, 0x0478, 0x0499, 0x0189, 0x0002, 0x0063, 0x0063, 0x0063, 0x0063, 0x0063, 0x0043, 0x00E6,
  0x0A0B, 0x00C5, 0x0043, 0x0064, 0x0084, 0x0084, 0x00A5, 0x00E6, 0x0065, 0x4AEE, 0xF7DF, 0xFFFF,
  0xC79F, 0x5F1F, 0x4EFF, 0x46FF, 0x571F, 0x5EDF, 0x1D9E, 0x261F, 0x5F5F, 0x87BF, 0xC7DF, 0xF7DF,
  0xFFFF, 0xFFFF, 0x9D56, 0x0908, 0x00A6, 0x00E6, 0x00A5, 0x00A5, 0x0084, 0x0084, 0x0084, 0x0084,
  0x0084, 0x0064, 0x0063, 0x0063, 0x0063, 0x0063, 0x0063, 0x0063, 0x0063, 0x0063, 0x0063, 0x0063,
  0x0063, 0x0063, 0x0063, 0x0063, 0x0063, 0x0106, 0x0168, 0x0063, 0x0043, 0x0063, 0x0063, 0x0063,
  0x0063, 0x0063, 0x0063, 0x0063, 0x0063, 0x0063, 0x0063, 0x0063, 0x0063, 0x0063, 0x0043, 0x0063,
  0x0063, 0x0063, 0x0043, 0x0063, 0x0043, 0x0063, 0x0043, 0x0043, 0x0063, 0x0063, 0x0043, 0x0063,
  0x0043, 0x0063, 0x0063, 0x0043, 0x0043, 0x0043, 0x0063, 0x0043, 0x0063, 0x0043, 0x0063, 0x0063,
  0x0063, 0x0063, 0x0063, 0x0043, 0x0043, 0x0043, 0x0063, 0x0063, 0x0042, 0x0884, 0x8494, 0x9D98,
  0x52ED, 0x0022, 0x0084, 0x0064, 0x0063, 0x0084, 0x0063, 0x0822, 0xA576, 0x7DFB, 0x0086, 0x9D15,
  0xFFFF, 0x4436, 0x1B53, 0xA61B, 0x02D2, 0x01CC, 0x08C5, 0x3352, 0x02D3, 0x01AC, 0x0085, 0x0043,
  0x3AAE, 0x2312, 0x014B, 0x00C6, 0x00A5, 0x0064, 0x0A4F, 0x0396, 0x0291, 0x022F, 0x022F, 0x0108,
  0x00C6, 0x00A5, 0x00E7, 0x02D3, 0x02B2, 0x0271, 0x016A, 0x00A5, 0x00C6, 0x00C6, 0x00C6, 0x0313,
  0x0395, 0x01CC, 0x01ED, 0x0108, 0x00E7, 0x0108, 0x018C, 0x018B, 0x024F, 0x0458, 0x0499, 0x0311,
  0x0022, 0x0063, 0x0063, 0x0063, 0x0063, 0x0063, 0x0084, 0x00E6, 0x0063, 0x0063, 0x0064, 0x0064,
  0x0084, 0x0084, 0x00C5, 0x0065, 0x2A0B, 0xE77E, 0xFFFF, 0xD7BF, 0x56FF, 0x46FF, 0x571F, 0x773F,
  0x66FF, 0x467F, 0x367F, 0x4F3F, 0x779F, 0xD7DF, 0xFFDF, 0xFFFF, 0xFFDF, 0x7412, 0x0086, 0x00C6,
  0x00E6, 0x00A5, 0x00A5, 0x0084, 0x0084, 0x0084, 0x0084, 0x0064, 0x0084, 0x0063, 0x0063, 0x0063,
  0x0063, 0x0063, 0x0063, 0x0063, 0x0063, 0x0063, 0x0063, 0x0063, 0x0063, 0x0063, 0x0063, 0x0063,
  0x0107, 0x00E6, 0x0042, 0x0063, 0x0063, 0x0063, 0x0063, 0x0063, 0x0063, 0x0063, 0x0063, 0x0063,
  0x0063, 0x0063, 0x0063, 0x0063, 0x0063, 0x0063, 0x0043, 0x0063, 0x0063, 0x0063, 0x0043, 0x0063,
  0x0043, 0x0063, 0x0063, 0x0043, 0x0043, 0x0063, 0x0043, 0x0063, 0x0043, 0x0043, 0x0043, 0x0063,
  0x0043, 0x0043, 0x0043, 0x0043, 0x0063, 0x0063, 0x0043, 0x0043, 0x0063, 0x0043, 0x0043, 0x0043,
  0x0063, 0x0043, 0x0063, 0x0043, 0x0043, 0x0063, 0x7432, 0x9DB8, 0x5B6F, 0x0022, 0x0084, 0x0064,
  0x0064, 0x0063, 0x0022, 0x7453, 0x6D99, 0x0044, 0x6B6E, 0xFFFF, 0xE77E, 0x0B13, 0x8D99, 0x9DDA,
  0x0271, 0x018B, 0x10C5, 0x3393, 0x02B2, 0x0108, 0x0085, 0x0064, 0x5C14, 0x1B13, 0x016C, 0x00E7,
  0x00A5, 0x0084, 0x0128, 0x0376, 0x02B2, 0x020F, 0x0250, 0x014A, 0x00A5, 0x00A5, 0x00C6, 0x0291,
  0x02B2, 0x0271, 0x0149, 0x00A5, 0x00E6, 0x00C6, 0x00C6, 0x0354, 0x026F, 0x018C, 0x022F, 0x016A,
  0x00C6, 0x00E7, 0x016B, 0x01AD, 0x01AC, 0x0374, 0x0478, 0x0437, 0x00E6, 0x0022, 0x0063, 0x0063,
  0x0063, 0x0063, 0x0063, 0x0063, 0x0063, 0x0063, 0x0063, 0x0084, 0x0084, 0x00A5, 0x0085, 0x1948,
  0xCEBB, 0xFFFF, 0xDFBF, 0x5EFF, 0x46DF, 0x5F1F, 0x875F, 0x873F, 0x4E7F, 0x263F, 0x471F, 0x777F,
  0xD7BF, 0xFFDF, 0xFFFF, 0xEF7D, 0x530E, 0x0065, 0x00C6, 0x00C5, 0x00A5, 0x00A5, 0x0084, 0x0084,
  0x0084, 0x0084, 0x0064, 0x0063, 0x0063, 0x0063, 0x0063, 0x0063, 0x0063, 0x0063, 0x0063, 0x0063,
  0x0063, 0x0063, 0x0063, 0x0063, 0x0042, 0x0001, 0x0043, 0x0063, 0x0063, 0x0043, 0x0063, 0x0063,
  0x0063, 0x0043, 0x0063, 0x0063, 0x0043, 0x0063, 0x0063, 0x0043, 0x0063, 0x0063, 0x0043, 0x0063,
  0x0063, 0x0063, 0x0063, 0x0063, 0x0063, 0x0063, 0x0063, 0x0043, 0x0063, 0x0063, 0x0043, 0x0043,
  0x0063, 0x0063, 0x0043, 0x0043, 0x0043, 0x0063, 0x0043, 0x0043, 0x0043, 0x0043, 0x0063, 0x0063,
  0x0043, 0x0043, 0x0063, 0x0043, 0x0063, 0x0043, 0x0063, 0x0063, 0x0043, 0x0063, 0x0063, 0x0043,
  0x0063, 0x0022, 0x63B0, 0x9DB8, 0x6BD1, 0x0043, 0x0084, 0x0084, 0x0084, 0x0043, 0x428C, 0x4B91,
  0x0002, 0x52AC, 0xFFFF, 0xFFFF, 0x7559, 0x54B8, 0xEF7E, 0x4C36, 0x02B3, 0x0149, 0x1906, 0x2B95,
  0x01EE, 0x0085, 0x0064, 0x1927, 0x7539, 0x0290, 0x016B, 0x0129, 0x00A5, 0x00A5, 0x00A5, 0x02D2,
  0x02D3, 0x01EE, 0x0250, 0x018B, 0x00A5, 0x00C6, 0x00A6, 0x024F, 0x0292, 0x0271, 0x0128, 0x00C6,
  0x00E7, 0x00A5, 0x0149, 0x0333, 0x0129, 0x01CD, 0x020E, 0x018C, 0x00C7, 0x00C7, 0x014A, 0x01CD,
  0x01AC, 0x024F, 0x0437, 0x0499, 0x028F, 0x0002, 0x0063, 0x0063, 0x0063, 0x0063, 0x0063, 0x0063,
  0x0063, 0x0063, 0x0064, 0x0084, 0x00A5, 0x00A5, 0x00A6, 0xB5F8, 0xFFFF, 0xEFBF, 0x66FF, 0x2E7F,
  0x56FF, 0x8F3F, 0x5EBF, 0x365F, 0x2E3F, 0x3EDF, 0x7F7F, 0xE7DF, 0xFFDF, 0xFFFF, 0xD6DB, 0x320B,
  0x0045, 0x00E6, 0x00A5, 0x00A5, 0x0084, 0x0084, 0x0084, 0x0064, 0x0084, 0x0084, 0x0063, 0x0063,
  0x0063, 0x0063, 0x0063, 0x0063, 0x0063, 0x0063, 0x0063, 0x0063, 0x0063, 0x0063, 0x0063, 0x0043,
  0x08C5, 0x228D, 0x00E6, 0x0042, 0x0063, 0x0063, 0x0063, 0x0063, 0x0043, 0x0063, 0x0063, 0x0063,
  0x0063, 0x0063, 0x0063, 0x0063, 0x0043, 0x0063, 0x0063, 0x0043, 0x0063, 0x0063, 0x0043, 0x0063,
  0x0063, 0x0043, 0x0063, 0x0063, 0x0063, 0x0043, 0x0063, 0x0043, 0x0043, 0x0063, 0x0063, 0x0043,
  0x0063, 0x0043, 0x0063, 0x0063, 0x0043, 0x0063, 0x0063, 0x0043, 0x0043, 0x0063, 0x0043, 0x0063,
  0x0043, 0x0063, 0x0063, 0x0063, 0x0043, 0x0043, 0x0063, 0x0043, 0x0063, 0x0002, 0x530E, 0x9D98,
  0x7432, 0x0084, 0x0064, 0x0084, 0x0063, 0x00A5, 0x1988, 0x0001, 0x2987, 0xEF7E, 0xFFFF, 0xC6DC,
  0x6CF8, 0xDF3D, 0xAE5B, 0x0AD2, 0x02D3, 0x0108, 0x21C9, 0x1B34, 0x00E7, 0x00A5, 0x0043, 0x5350,
  0x655A, 0x020F, 0x018C, 0x016A, 0x00A5, 0x00A5, 0x0084, 0x022E, 0x0314, 0x020F, 0x0230, 0x016B,
  0x00A5, 0x00C6, 0x00C6, 0x022F, 0x02B2, 0x0250, 0x00C7, 0x00C6, 0x00C6, 0x00A5, 0x022E, 0x01CC,
  0x00C6, 0x01AC, 0x01ED, 0x01CD, 0x0129, 0x00E7, 0x0128, 0x01CD, 0x01AC, 0x01AC, 0x0354, 0x0499,
  0x0416, 0x00E6, 0x0022, 0x0063, 0x0063, 0x0063, 0x0063, 0x0063, 0x0063, 0x0064, 0x0084, 0x00A4,
  0x00A5, 0x0044, 0x94F5, 0xFFFF, 0xF7DF, 0x6EFF, 0x2E7F, 0x3E9F, 0x975F, 0x5E9E, 0x1DDE, 0x263F,
  0x471F, 0x877F, 0xEFDF, 0xFFDF, 0xFFFF, 0xB5D8, 0x1948, 0x0085, 0x00E6, 0x00A5, 0x0085, 0x0084,
  0x0084, 0x0084, 0x0043, 0x00C5, 0x00C6, 0x0063, 0x0063, 0x0063, 0x0063, 0x0063, 0x0063, 0x0063,
  0x0084, 0x0063, 0x0063, 0x0083, 0x0083, 0x0063, 0x0063, 0x0022, 0x0927, 0x4CF7, 0x0947, 0x0022,
  0x0063, 0x0043, 0x0043, 0x0063, 0x0063, 0x0063, 0x0063, 0x0063, 0x0043, 0x0063, 0x0043, 0x0043,
  0x0063, 0x0063, 0x0063, 0x0043, 0x0043, 0x0043, 0x0043, 0x0043, 0x0043, 0x0043, 0x0063, 0x0063,
  0x0063, 0x0063, 0x0043, 0x0063, 0x0063, 0x0043, 0x0043, 0x0043, 0x0043, 0x0043, 0x0043, 0x0043,
  0x0043, 0x0063, 0x0063, 0x0043, 0x0043, 0x0043, 0x0043, 0x0043, 0x0063, 0x0063, 0x0063, 0x0063,
  0x0063, 0x0043, 0x0043, 0x0043, 0x0063, 0x0001, 0x428B, 0x9D98, 0x84B4, 0x10E5, 0x0043, 0x0084,
  0x0064, 0x0084, 0x0043, 0x08A4, 0xC659, 0xFFFF, 0xEF9E, 0xA61B, 0xC6DC, 0xD71D, 0x3BF5, 0x02B2,
  0x0291, 0x00A5, 0x1A8E, 0x016A, 0x0085, 0x0085, 0x1128, 0x95BA, 0x2BF6, 0x01CE, 0x018B, 0x014A,
  0x00A5, 0x00A5, 0x0084, 0x01CC, 0x0314, 0x020F, 0x0230, 0x016A, 0x00A5, 0x00C6, 0x00A6, 0x020F,
  0x02B2, 0x01CD, 0x00A6, 0x00E6, 0x00C6, 0x00E7, 0x016A, 0x00C6, 0x00C6, 0x014A, 0x01ED, 0x01CD,
  0x018C, 0x00E7, 0x00E7, 0x018B, 0x01CD, 0x01AC, 0x022F, 0x0417, 0x0499, 0x02CF, 0x0022, 0x0063,
  0x0063, 0x0063, 0x0063, 0x0063, 0x0063, 0x0084, 0x0084, 0x00C5, 0x0024, 0x6BF1, 0xFFFF, 0xFFDF,
  0x7F1F, 0x369F, 0x3EBF, 0x8F7F, 0x76DF, 0x15DF, 0x263F, 0x4F1F, 0x9F9F, 0xF7DF, 0xFFDF, 0xFFFF,
  0x8CD4, 0x00C6, 0x0085, 0x00C6, 0x00A5, 0x00A4, 0x0084, 0x00A4, 0x0063, 0x0043, 0x09A9, 0x0148,
  0x0063, 0x0063, 0x0063, 0x0063, 0x0063, 0x0063, 0x0063, 0x0001, 0x0001, 0x0002, 0x0002, 0x0001,
  0x0001, 0x0022, 0x0083, 0x0063, 0x0043, 0x0042, 0x0042, 0x0063, 0x0063, 0x0883, 0x0883, 0x0001,
  0x0022, 0x0063, 0x0043, 0x0063, 0x0043, 0x0063, 0x0063, 0x0063, 0x0063, 0x0043, 0x0063, 0x0063,
  0x0063, 0x0063, 0x0043, 0x0063, 0x0043, 0x0043, 0x0063, 0x0063, 0x0063, 0x0063, 0x0063, 0x0063,
  0x0043, 0x0043, 0x0063, 0x0043, 0x0043, 0x0063, 0x0063, 0x0043, 0x0043, 0x0043, 0x0063, 0x0063,
  0x0063, 0x0043, 0x0063, 0x0063, 0x0063, 0x0063, 0x0043, 0x0043, 0x0063, 0x0043, 0x0043, 0x0063,
  0x0063, 0x0001, 0x29C8, 0x9557, 0x8D16, 0x2167, 0x0023, 0x0084, 0x0064, 0x0084, 0x0002, 0x638F,
  0xFFFF, 0xF7DF, 0xDF3D, 0xC6BC, 0xDF3D, 0x64D7, 0x02B2, 0x0314, 0x01AC, 0x0948, 0x09EC, 0x0085,
  0x00A5, 0x0064, 0x7CB5, 0x7DBB, 0x02B2, 0x01CD, 0x018B, 0x014A, 0x00A5, 0x00A5, 0x0084, 0x01AB,
  0x02F3, 0x01EE, 0x022F, 0x0129, 0x00A5, 0x00A5, 0x00C6, 0x022F, 0x0292, 0x0149, 0x00C6, 0x00C6,
  0x00C6, 0x00C6, 0x00C6, 0x00E7, 0x00E6, 0x0108, 0x01CD, 0x01CD, 0x01CD, 0x0129, 0x00C6, 0x0129,
  0x01CD, 0x01CD, 0x01AC, 0x02D1, 0x0478, 0x0458, 0x0168, 0x0022, 0x0063, 0x0063, 0x0063, 0x0063,
  0x0084, 0x0084, 0x00C5, 0x0044, 0x530E, 0xF7DF, 0xFFFF, 0x975F, 0x36BF, 0x3EBF, 0x6F3F, 0x6EDF,
  0x261F, 0x267F, 0x3EFF, 0xAF9F, 0xF7BF, 0xFFFF, 0xF7DF, 0x6BD1, 0x0065, 0x00A6, 0x00C5, 0x0085,
  0x0084, 0x0084, 0x0084, 0x0002, 0x00C5, 0x1ACE, 0x09A9, 0x0042, 0x0063, 0x0063, 0x0063, 0x0063,
  0x0063, 0x0001, 0x0042, 0x422A, 0x73D0, 0x9CF4, 0x9D14, 0x8452, 0x5B0D, 0x1926, 0x0001, 0x0022,
  0x0083, 0x0043, 0x0063, 0x0063, 0x0043, 0x08A4, 0x6B8E, 0x8C72, 0x1905, 0x0001, 0x0063, 0x0043,
  0x0043, 0x0043, 0x0063, 0x0063, 0x0043, 0x0043, 0x0063, 0x0063, 0x0063, 0x0063, 0x0063, 0x0063,
  0x0063, 0x0063, 0x0043, 0x0063, 0x0063, 0x0063, 0x0063, 0x0063, 0x0063, 0x0063, 0x0043, 0x0063,
  0x0063, 0x0043, 0x0043, 0x0043, 0x0043, 0x0063, 0x0043, 0x0043, 0x0063, 0x0043, 0x0063, 0x0063,
  0x0043, 0x0043, 0x0043, 0x0063, 0x0043, 0x0063, 0x0063, 0x0043, 0x0063, 0x0022, 0x1926, 0x84F5,
  0x9577, 0x320A, 0x0022, 0x0084, 0x0064, 0x0063, 0x0884, 0xCE9A, 0xFFFF, 0xEF7E, 0xCEDC, 0xD6FC,
  0x7518, 0x0271, 0x02D3, 0x02B1, 0x00C6, 0x00E6, 0x00C6, 0x00A5, 0x0044, 0x5391, 0xA67D, 0x23D6,
  0x0230, 0x018B, 0x018C, 0x0129, 0x00A5, 0x00A5, 0x0084, 0x01AB, 0x02D3, 0x020E, 0x020F, 0x00E7,
  0x00A5, 0x00A5, 0x00E7, 0x0271, 0x020E, 0x00C6, 0x00C6, 0x00E7, 0x00C6, 0x00E6, 0x00E7, 0x00E7,
  0x00E6, 0x00C6, 0x018B, 0x01CD, 0x01CD, 0x01AC, 0x0108, 0x00E7, 0x01AC, 0x01CD, 0x01CD, 0x01AC,
  0x0394, 0x04B9, 0x03B4, 0x0084, 0x0043, 0x0063, 0x0063, 0x0084, 0x0084, 0x00C5, 0x0044, 0x320A,
  0xEF7E, 0xFFFF, 0xA75F, 0x3EBF, 0x369F, 0x66FF, 0x76FF, 0x261F, 0x2E9F, 0x46FF, 0xB79F, 0xFFDF,
  0xFFFF, 0xEF7E, 0x4AEE, 0x0044, 0x00C6, 0x00A5, 0x0084, 0x0084, 0x0084, 0x0084, 0x0001, 0x120B,
  0x2C34, 0x0988, 0x0002, 0x0063, 0x0063, 0x0063, 0x0063, 0x0063, 0x0001, 0x422A, 0xBE18, 0xF7BF,
  0xFFFF, 0xFFFF, 0xFFFF, 0xFFFF, 0xFFFF, 0xE73D, 0x8C72, 0x18E5, 0x0002, 0x0063, 0x0063, 0x0063,
  0x0063, 0x0042, 0x10A4, 0xB5B7, 0xEF7D, 0x424A, 0x0001, 0x0063, 0x0043, 0x0063, 0x0043, 0x0043,
  0x0063, 0x0043, 0x0063, 0x0063, 0x0063, 0x0063, 0x0063, 0x0063, 0x0063, 0x0063, 0x0063, 0x0063,
  0x0043, 0x0063, 0x0063, 0x0063, 0x0063, 0x0063, 0x0043, 0x0063, 0x0043, 0x0063, 0x0043, 0x0043,
  0x0063, 0x0043, 0x0063, 0x0063, 0x0043, 0x0063, 0x0063, 0x0043, 0x0063, 0x0043, 0x0043, 0x0063,
  0x0043, 0x0043, 0x0063, 0x0063, 0x0063, 0x0042, 0x08A4, 0x7C73, 0x9D98, 0x4ACD, 0x0022, 0x0084,
  0x0084, 0x0022, 0x424A, 0xFFFF, 0xF7BF, 0xCEDC, 0xD6FC, 0x95B9, 0x02B2, 0x02B2, 0x02D3, 0x016A,
  0x0085, 0x00A5, 0x00A5, 0x0044, 0x4B50, 0xAE9D, 0x4457, 0x02D3, 0x01CD, 0x016A, 0x018B, 0x0108,
  0x00A5, 0x00A5, 0x0084, 0x01CC, 0x0292, 0x020F, 0x01CD, 0x00A6, 0x00C6, 0x00A5, 0x016A, 0x0271,
  0x0108, 0x00C6, 0x00E7, 0x0108, 0x00E7, 0x00E7, 0x00C6, 0x00C6, 0x00C6, 0x00C6, 0x0129, 0x01CD,
  0x01CD, 0x01CD, 0x018C, 0x00C7, 0x0149, 0x01CD, 0x01CD, 0x01AC, 0x020E, 0x03F6, 0x04B9, 0x02AF,
  0x0022, 0x0063, 0x0063, 0x0084, 0x00A5, 0x0064, 0x1948, 0xD6FC, 0xFFFF, 0xB75F, 0x3E9F, 0x367F,
  0x56BF, 0x76DF, 0x2E3F, 0x2E9F, 0x571F, 0xC79F, 0xFFDF, 0xFFFF, 0xCEBB, 0x29EB, 0x0065, 0x00C6,
  0x00A5, 0x0084, 0x0084, 0x0084, 0x0063, 0x0022, 0x2330, 0x34F7, 0x0906, 0x0001, 0x0063, 0x0063,
  0x0063, 0x0063, 0x0063, 0x0001, 0x73AF, 0xFFDF, 0xFFFF, 0xFFDF, 0xF7BE, 0xF7BE, 0xF7BF, 0xF7BF,
  0xFFDF, 0xFFFF, 0xFFFF, 0xDEDB, 0x4229, 0x0001, 0x0063, 0x0042, 0x0063, 0x0083, 0x0002, 0x0863,
  0xDEFC, 0xEF9E, 0x31C8, 0x0001, 0x0063, 0x0043, 0x0063, 0x0043, 0x0063, 0x0063, 0x0063, 0x0043,
  0x0063, 0x0063, 0x0063, 0x0063, 0x0063, 0x0063, 0x0063, 0x0063, 0x0043, 0x0043, 0x0063, 0x0063,
  0x0063, 0x0063, 0x0063, 0x0063, 0x0043, 0x0043, 0x0063, 0x0043, 0x0063, 0x0063, 0x0063, 0x0043,
  0x0043, 0x0043, 0x0063, 0x0043, 0x0043, 0x0063, 0x0063, 0x0063, 0x0043, 0x0063, 0x0063, 0x0043,
  0x0063, 0x0043, 0x0022, 0x63B0, 0x9D98, 0x63B0, 0x0043, 0x0064, 0x0084, 0x0002, 0x8431, 0xFFFF,
  0xDF3D, 0xCEBB, 0xBE9B, 0x1B54, 0x0292, 0x02D3, 0x01AC, 0x0085, 0x00C6, 0x0085, 0x0085, 0x5BD2,
  0xAE9E, 0x4C77, 0x02B2, 0x024F, 0x018B, 0x018B, 0x018B, 0x00E7, 0x00A5, 0x00A5, 0x0084, 0x01CD,
  0x0230, 0x020E, 0x0149, 0x00A5, 0x00C6, 0x00A5, 0x01EE, 0x018C, 0x00A6, 0x00E7, 0x00E7, 0x0149,
  0x0108, 0x00C6, 0x00E7, 0x00E7, 0x00E7, 0x00E7, 0x00E7, 0x018C, 0x01CD, 0x01CD, 0x01CD, 0x016B,
  0x00E7, 0x018B, 0x01ED, 0x01CD, 0x01AC, 0x0290, 0x0C58, 0x0CB9, 0x020C, 0x0022, 0x0084, 0x00A5,
  0x0085, 0x08E6, 0xBE39, 0xFFFF, 0xC77F, 0x46BF, 0x36BF, 0x6F1F, 0x76DF, 0x367F, 0x2EBF, 0x5F1F,
  0xD7BF, 0xFFDF, 0xFFFF, 0xADB7, 0x1128, 0x0065, 0x00C6, 0x00A5, 0x0084, 0x0084, 0x0084, 0x0043,
  0x0063, 0x1B30, 0x2392, 0x0084, 0x0022, 0x0083, 0x0063, 0x0063, 0x0063, 0x0063, 0x0001, 0x5AEC,
  0xFFFF, 0xFFFF, 0xFFFF, 0xFFFF, 0xFFFF, 0xF7DF, 0xEFBF, 0xF7DF, 0xF7DF, 0xF7DF, 0xF7BF, 0xFFFF,
  0xF7BE, 0x422A, 0x0001, 0x10E5, 0x0022, 0x0042, 0x00A4, 0x0000, 0x6BAF, 0xFFFF, 0xC618, 0x0863,
  0x0043, 0x0063, 0x0063, 0x0043, 0x0063, 0x0043, 0x0063, 0x0063, 0x0063, 0x0063, 0x0063, 0x0063,
  0x0063, 0x0043, 0x0063, 0x0063, 0x0063, 0x0043, 0x0063, 0x0063, 0x0043, 0x0063, 0x0063, 0x0043,
  0x0063, 0x0043, 0x0043, 0x0063, 0x0063, 0x0043, 0x0063, 0x0063, 0x0063, 0x0063, 0x0063, 0x0063,
  0x0043, 0x0063, 0x0043, 0x0063, 0x0043, 0x0063, 0x0043, 0x0043, 0x0063, 0x0063, 0x0001, 0x4AAC,
  0x9577, 0x7C94, 0x08A5, 0x0063, 0x0084, 0x0022, 0xADB7, 0xFFFF, 0xC69B, 0xCEDC, 0x6496, 0x0251,
  0x02D3, 0x01ED, 0x0085, 0x00C6, 0x0064, 0x1107, 0x7CB6, 0x961C, 0x3416, 0x02F3, 0x0270, 0x016B,
  0x018B, 0x018B, 0x014A, 0x00A5, 0x00A5, 0x00A5, 0x00A5, 0x01EE, 0x020F, 0x01CD, 0x00C6, 0x00C6,
  0x00C6, 0x0128, 0x018B, 0x00C6, 0x00C6, 0x0085, 0x0023, 0x00C8, 0x0128, 0x00C6, 0x00E7, 0x00E7,
  0x00E7, 0x00E7, 0x00C6, 0x0129, 0x01CD, 0x01CD, 0x01CC, 0x01AD, 0x014A, 0x0129, 0x01EE, 0x01ED,
  0x01CD, 0x01AC, 0x02D1, 0x0C99, 0x0C98, 0x0189, 0x0064, 0x00A5, 0x0064, 0x9536, 0xFFFF, 0xD79F,
  0x4EDF, 0x36BF, 0x6F3F, 0x76FF, 0x3E7F, 0x3EDF, 0x6F3F, 0xDFBF, 0xFFFF, 0xFFFF, 0x8C94, 0x00A6,
  0x00A5, 0x00C6, 0x0084, 0x0084, 0x0084, 0x0084, 0x0043, 0x00A4, 0x128D, 0x122B, 0x0001, 0x0043,
  0x0063, 0x0063, 0x0063, 0x0063, 0x0063, 0x0022, 0x10C4, 0xDF1C, 0xFFFF, 0xD6BB, 0x9CF4, 0x8451,
  0xAD76, 0xEF7D, 0xFFFF, 0xEFBF, 0xF7BF, 0xF7DF, 0xEF9F, 0xDF3D, 0xFFFF, 0xE71C, 0x10C4, 0x52CC,
  0x9D14, 0x0842, 0x0063, 0x0002, 0x3A09, 0xDF3D, 0xFFFF, 0x52CC, 0x0001, 0x0063, 0x0063, 0x0043,
  0x0063, 0x0043, 0x0063, 0x0063, 0x0063, 0x0043, 0x0063, 0x0063, 0x0043, 0x0063, 0x0063, 0x0063,
  0x0063, 0x0043, 0x0063, 0x0043, 0x0063, 0x0063, 0x0043, 0x0043, 0x0043, 0x0043, 0x0043, 0x0063,
  0x0063, 0x0063, 0x0063, 0x0043, 0x0063, 0x0043, 0x0063, 0x0043, 0x0043, 0x0043, 0x0063, 0x0043,
  0x0043, 0x0063, 0x0063, 0x0043, 0x0063, 0x0063, 0x0001, 0x29A8, 0x8D16, 0x8CF6, 0x2167, 0x0043,
  0x0084, 0x0063, 0xC659, 0xF7DF, 0xBE7B, 0xB63A, 0x1AF2, 0x0292, 0x024F, 0x00A6, 0x00C6, 0x0044,
  0x29CA, 0x95B9, 0x755A, 0x1313, 0x02B2, 0x0291, 0x018B, 0x016B, 0x016B, 0x018B, 0x0108, 0x00A5,
  0x00A5, 0x0085, 0x0107, 0x020F, 0x020F, 0x0108, 0x00A5, 0x00C6, 0x00E6, 0x0129, 0x00C6, 0x00C6,
  0x00E7, 0x29EA, 0x73F1, 0x5BD2, 0x018B, 0x00C6, 0x00E7, 0x00E7, 0x00C6, 0x00E7, 0x00E7, 0x00E7,
  0x018B, 0x01CD, 0x01AC, 0x01AC, 0x01CD, 0x016B, 0x018B, 0x01ED, 0x01CD, 0x01CD, 0x01AC, 0x0333,
  0x0457, 0x0169, 0x00A5, 0x0044, 0x7412, 0xFFFF, 0xE7BF, 0x5EFF, 0x3EFF, 0x775F, 0x6EFF, 0x367F,
  0x3EDF, 0x875F, 0xEFDF, 0xFFFF, 0xF7BE, 0x6390, 0x0065, 0x00A6, 0x00C5, 0x0084, 0x0084, 0x0084,
  0x0064, 0x0063, 0x00A5, 0x01CA, 0x0106, 0x0001, 0x0063, 0x0063, 0x0063, 0x0063, 0x0063, 0x0063,
  0x0083, 0x0001, 0x632D, 0xFFFF, 0x8C72, 0x10C4, 0x0002, 0x0000, 0x0001, 0x2987, 0xB5D7, 0xFFFF,
  0xEF9F, 0xF7DF, 0xF7DF, 0xDF3D, 0xDF3D, 0xFFFF, 0x8452, 0x424A, 0xFFFF, 0x94D3, 0x0022, 0x0022,
  0x2146, 0xC67A, 0xF7DF, 0xA535, 0x0001, 0x0063, 0x0043, 0x0063, 0x0043, 0x0063, 0x0063, 0x0043,
  0x0043, 0x0063, 0x0063, 0x0063, 0x0063, 0x0063, 0x0063, 0x0063, 0x0043, 0x0063, 0x0063, 0x0043,
  0x0043, 0x0063, 0x0043, 0x0063, 0x0063, 0x0063, 0x0043, 0x0063, 0x0043, 0x0063, 0x0063, 0x0043,
  0x0063, 0x0063, 0x0063, 0x0063, 0x0043, 0x0063, 0x0043, 0x0063, 0x0043, 0x0063, 0x0063, 0x0063,
  0x0063, 0x0063, 0x0022, 0x08C4, 0x7C94, 0x9557, 0x428C, 0x0023, 0x0084, 0x0884, 0xCE9A, 0xE77E,
  0xC69B, 0x8538, 0x0251, 0x0271, 0x0108, 0x00A5, 0x0044, 0x322B, 0x8DBB, 0x4457, 0x02B2, 0x02D3,
  0x0270, 0x016B, 0x016B, 0x018B, 0x018B, 0x014A, 0x00C6, 0x00A5, 0x00A5, 0x0084, 0x016A, 0x0230,
  0x016A, 0x00A5, 0x00C6, 0x00C6, 0x00C6, 0x00C6, 0x00C6, 0x00C6, 0x322B, 0x7C73, 0x9D77, 0x74F6,
  0x0334, 0x0291, 0x0108, 0x00C6, 0x00E7, 0x00E7, 0x00E7, 0x00E7, 0x0108, 0x01AC, 0x01CD, 0x01CD,
  0x01CD, 0x01CD, 0x01AC, 0x01AC, 0x01CD, 0x01ED, 0x01ED, 0x01CD, 0x0149, 0x00E7, 0x0065, 0x532F,
  0xFFFF, 0xF7DF, 0x6EFF, 0x3EDF, 0x7F7F, 0x7F3F, 0x3EBF, 0x3EDF, 0x8F5F, 0xF7BF, 0xFFFF, 0xDF3D,
  0x426C, 0x0044, 0x00C5, 0x00A5, 0x0084, 0x0084, 0x0084, 0x0063, 0x0063, 0x00A4, 0x00E6, 0x0063,
  0x0022, 0x0063, 0x0063, 0x0063, 0x0063, 0x0063, 0x0063, 0x0063, 0x0063, 0x0001, 0x94D3, 0xB5B7,
  0x0000, 0x0022, 0x0083, 0x0083, 0x0063, 0x0002, 0x0863, 0xBDF8, 0xFFFF, 0xEF9E, 0xF7DF, 0xEF9F,
  0xCEFD, 0xE77E, 0xE73C, 0xAD97, 0xEFBE, 0xFFFF, 0x52EC, 0x0000, 0x3187, 0xCE9B, 0xDF5E, 0xCE9A,
  0x0063, 0x0043, 0x0063, 0x0043, 0x0043, 0x0043, 0x0063, 0x0063, 0x0063, 0x0063, 0x0063, 0x0063,
  0x0063, 0x0063, 0x0043, 0x0063, 0x0063, 0x0063, 0x0063, 0x0043, 0x0043, 0x0063, 0x0063, 0x0063,
  0x0063, 0x0063, 0x0063, 0x0063, 0x0063, 0x0063, 0x0063, 0x0043, 0x0063, 0x0063, 0x0063, 0x0063,
  0x0043, 0x0043, 0x0043, 0x0063, 0x0043, 0x0063, 0x0063, 0x0043, 0x0063, 0x0043, 0x0063, 0x0022,
  0x6390, 0x9578, 0x6BD1, 0x0043, 0x0064, 0x0084, 0xCE7A, 0xD71D, 0xBE5A, 0x5415, 0x0251, 0x01CC,
  0x00A5, 0x0064, 0x322B, 0x7D59, 0x1B75, 0x0292, 0x02F3, 0x0270, 0x016B, 0x016A, 0x016B, 0x018B,
  0x014A, 0x00C6, 0x00A5, 0x00A5, 0x00A5, 0x00C6, 0x01EE, 0x018B, 0x00A6, 0x00A6, 0x00C6, 0x00C6,
  0x00C6, 0x00E6, 0x0107, 0x00E6, 0x08E6, 0x00C6, 0x0085, 0x0084, 0x0108, 0x01AC, 0x018B, 0x00E7,
  0x00E7, 0x00E7, 0x00E7, 0x00E7, 0x00C6, 0x0129, 0x01CD, 0x01CD, 0x01CD, 0x01CC, 0x01AC, 0x01AC,
  0x01CD, 0x01CD, 0x01ED, 0x014A, 0x00E7, 0x0085, 0x326C, 0xEF9E, 0xF7DF, 0x7F1F, 0x3EBF, 0x773F,
  0x875F, 0x4EDF, 0x4EFF, 0xA77F, 0xF7BF, 0xFFFF, 0xC65A, 0x2189, 0x0044, 0x00C5, 0x0085, 0x0084,
  0x0084, 0x0064, 0x0063, 0x0063, 0x0084, 0x0084, 0x0043, 0x0043, 0x0063, 0x0063, 0x0063, 0x0063,
  0x0063, 0x0063, 0x0063, 0x0063, 0x0063, 0x0001, 0x8431, 0x4A8B, 0x0001, 0x0083, 0x0063, 0x0063,
  0x0063, 0x0084, 0x0001, 0x2987, 0xEF9E, 0xF7DF, 0xF7BF, 0xF7DF, 0xC6BC, 0x4C76, 0xD71D, 0xFFFF,
  0xC6BB, 0xE77E, 0xBE19, 0x0001, 0x52AB, 0xCEDC, 0xC6BC, 0xDF1C, 0x10C4, 0x0022, 0x0063, 0x0043,
  0x0043, 0x0043, 0x0063, 0x0063, 0x0063, 0x0063, 0x0063, 0x0063, 0x0063, 0x0063, 0x0063, 0x0063,
  0x0063, 0x0043, 0x0063, 0x0063, 0x0043, 0x0063, 0x0043, 0x0063, 0x0043, 0x0043, 0x0043, 0x0063,
  0x0063, 0x0063, 0x0043, 0x0063, 0x0063, 0x0063, 0x0063, 0x0063, 0x0043, 0x0043, 0x0063, 0x0063,
  0x0043, 0x0043, 0x0043, 0x0063, 0x0063, 0x0063, 0x0063, 0x0001, 0x3A4B, 0x9577, 0x84B4, 0x1106,
  0x0064, 0x0043, 0xB5B7, 0xD71D, 0xB619, 0x2B53, 0x0251, 0x0129, 0x0064, 0x1947, 0x6CF8, 0x1334,
  0x0291, 0x02F3, 0x024F, 0x016B, 0x016A, 0x016A, 0x016B, 0x016A, 0x00C6, 0x00A5, 0x00A5, 0x00A5,
  0x00A5, 0x016B, 0x016B, 0x00A5, 0x00C6, 0x00C6, 0x00C6, 0x00C6, 0x00A6, 0x0064, 0x0044, 0x0045,
  0x0045, 0x0044, 0x0064, 0x0085, 0x00C6, 0x00A5, 0x00C6, 0x0108, 0x00E7, 0x00E7, 0x00E7, 0x00E7,
  0x00E7, 0x00E7, 0x016B, 0x01CD, 0x01CD, 0x01CD, 0x01CD, 0x01CD, 0x01AC, 0x01ED, 0x0149, 0x0107,
  0x00C7, 0x1989, 0xD6FC, 0xFFFF, 0x975F, 0x46DF, 0x7F5F, 0x7F3F, 0x46DF, 0x571F, 0xBF9F, 0xFFDF,
  0xFFFF, 0x9D56, 0x08E6, 0x0064, 0x00C5, 0x0084, 0x0084, 0x0084, 0x0084, 0x0063, 0x0063, 0x0063,
  0x0063, 0x0043, 0x0063, 0x0063, 0x0063, 0x0063, 0x0063, 0x0063, 0x0063, 0x0063, 0x0063, 0x0063,
  0x0063, 0x0002, 0x31C8, 0x2987, 0x0022, 0x0063, 0x0063, 0x0063, 0x0063, 0x0063, 0x0063, 0x0001,
  0xAD76, 0xFFFF, 0xEFBE, 0xF7DF, 0xDF5E, 0x2394, 0x33F5, 0xDF3D, 0xBE7B, 0xCEDC, 0xE73D, 0x1083,
  0x8C72, 0xCEDC, 0xBE5B, 0xD6FC, 0x10E5, 0x0022, 0x0063, 0x0063, 0x0063, 0x0063, 0x0063, 0x0043,
  0x0043, 0x0063, 0x0043, 0x0063, 0x0063, 0x0063, 0x0063, 0x0063, 0x0063, 0x0043, 0x0043, 0x0043,
  0x0063, 0x0043, 0x0063, 0x0043, 0x0043, 0x0063, 0x0063, 0x0063, 0x0063, 0x0043, 0x0063, 0x0063,
  0x0043, 0x0043, 0x0063, 0x0043, 0x0063, 0x0063, 0x0043, 0x0063, 0x0043, 0x0063, 0x0063, 0x0043,
  0x0043, 0x0043, 0x0063, 0x0022, 0x1926, 0x84F5, 0x8D36, 0x3A2B, 0x0064, 0x0002, 0x8C72, 0xDF3D,
  0xADF9, 0x1B13, 0x01EE, 0x00A5, 0x0084, 0x53D2, 0x1355, 0x0292, 0x02F3, 0x022F, 0x014A, 0x016A,
  0x016B, 0x016B, 0x014A, 0x00C6, 0x00A5, 0x00A5, 0x00A5, 0x00A5, 0x00E7, 0x0108, 0x00A5, 0x00C6,
  0x00C6, 0x0085, 0x0044, 0x0085, 0x1969, 0x428C, 0x5B2E, 0x73F2, 0x7C32, 0x6BD0, 0x530E, 0x322B,
  0x00C6, 0x0044, 0x00A6, 0x0107, 0x00E7, 0x00E7, 0x00E7, 0x00E7, 0x00E7, 0x00E7, 0x00E7, 0x018B,
  0x01CD, 0x01CD, 0x01CD, 0x01CD, 0x01CD, 0x016A, 0x00E7, 0x00C6, 0x0928, 0xBE5A, 0xFFFF, 0x973F,
  0x4F1F, 0x979F, 0x875F, 0x4EDF, 0x5F1F, 0xC79F, 0xFFFF, 0xFFFF, 0x7C52, 0x0065, 0x0085, 0x00C5,
  0x0084, 0x0084, 0x0084, 0x0084, 0x0084, 0x0063, 0x0063, 0x0063, 0x0063, 0x0063, 0x0063, 0x0063,
  0x0063, 0x0063, 0x0063, 0x0063, 0x0042, 0x0063, 0x0063, 0x0063, 0x0063, 0x0063, 0x0043, 0x0084,
  0x0063, 0x0063, 0x0063, 0x0063, 0x0063, 0x0063, 0x0083, 0x0001, 0x6B6E, 0xFFFF, 0xEFBF, 0xEFBF,
  0xE75E, 0x54B7, 0x0292, 0x5456, 0xC69B, 0xCEBB, 0xD6FC, 0x5ACC, 0xB639, 0xB63A, 0xC69B, 0xC65A,
  0x0883, 0x0043, 0x0043, 0x0043, 0x0043, 0x0043, 0x0063, 0x0063, 0x0063, 0x0043, 0x0043, 0x0063,
  0x0043, 0x0063, 0x0063, 0x0063, 0x0063, 0x0043, 0x0063, 0x0043, 0x0043, 0x0063, 0x0043, 0x0063,
  0x0043, 0x0043, 0x0043, 0x0063, 0x0063, 0x0043, 0x0063, 0x0063, 0x0063, 0x0043, 0x0043, 0x0063,
  0x0063, 0x0063, 0x0063, 0x0043, 0x0043, 0x0063, 0x0063, 0x0063, 0x0043, 0x0043, 0x0063, 0x0042,
  0x0043, 0x6BD1, 0x9578, 0x5B70, 0x0063, 0x0002, 0x5B2E, 0xD71D, 0xA5B8, 0x1313, 0x01AC, 0x0043,
  0x322B, 0x2BD5, 0x0291, 0x02F3, 0x0271, 0x016A, 0x014A, 0x016A, 0x016B, 0x0129, 0x00A6, 0x00A5,
  0x00A5, 0x00A5, 0x00A5, 0x00A5, 0x00A5, 0x00A5, 0x00C5, 0x0064, 0x0044, 0x21A9, 0x73F1, 0xBE19,
  0xE75D, 0xFFDF, 0xFFFF, 0xFFFF, 0xFFFF, 0xFFFF, 0xFFFF, 0xF7BE, 0xCE9A, 0x8452, 0x21CA, 0x0065,
  0x00C6, 0x00E7, 0x00E7, 0x00E7, 0x00E7, 0x00E7, 0x00E7, 0x00E7, 0x018C, 0x01CD, 0x01AC, 0x01CD,
  0x018B, 0x0108, 0x0107, 0x0086, 0x9556, 0xFFFF, 0xBF7F, 0x4EDF, 0x7F5F, 0x8F7F, 0x571F, 0x773F,
  0xD79F, 0xFFFF, 0xEFBE, 0x5B2F, 0x0044, 0x00A5, 0x00A5, 0x0084, 0x0084, 0x0084, 0x0064, 0x0064,
  0x0063, 0x0063, 0x0063, 0x0063, 0x0063, 0x0063, 0x0063, 0x0063, 0x0063, 0x0063, 0x0042, 0x0063,
  0x00E6, 0x0063, 0x0063, 0x0063, 0x0063, 0x0063, 0x0063, 0x0043, 0x0063, 0x0042, 0x0043, 0x0063,
  0x0063, 0x0063, 0x0063, 0x0002, 0x424A, 0xFFFF, 0xF7DF, 0xEF9E, 0xE75D, 0x5476, 0x0292, 0x02D2,
  0x8D99, 0xCEBB, 0xCEBB, 0xBE39, 0xB63A, 0xADF9, 0xCEDC, 0xAD97, 0x0022, 0x0063, 0x0043, 0x0043,
  0x0043, 0x0063, 0x0043, 0x0063, 0x0043, 0x0063, 0x0063, 0x0063, 0x0043, 0x0043, 0x0043, 0x0043,
  0x0063, 0x0063, 0x0063, 0x0043, 0x0043, 0x0043, 0x0043, 0x0063, 0x0043, 0x0063, 0x0063, 0x0043,
  0x0043, 0x0063, 0x0063, 0x0043, 0x0043, 0x0063, 0x0043, 0x0043, 0x0063, 0x0043, 0x0063, 0x0043,
  0x0063, 0x0043, 0x0043, 0x0063, 0x0063, 0x0063, 0x0063, 0x0063, 0x0001, 0x428C, 0x9537, 0x7C94,
  0x1106, 0x0023, 0x21A8, 0xC69B, 0xA5D8, 0x1313, 0x014A, 0x0084, 0x2B10, 0x02F3, 0x02B2, 0x02B2,
  0x01AC, 0x014A, 0x016A, 0x016A, 0x0108, 0x00A5, 0x0085, 0x00A5, 0x00A5, 0x00A5, 0x00A5, 0x00A5,
  0x00C6, 0x0085, 0x0023, 0x3A4B, 0xA556, 0xEF9E, 0xFFFF, 0xFFFF, 0xFFFF, 0xFFFF, 0xFFDF, 0xF7DF,
  0xF7BF, 0xF7DF, 0xF7DF, 0xF7DF, 0xFFFF, 0xFFFF, 0xE73D, 0x73F2, 0x00C6, 0x00C6, 0x00E7, 0x00E7,
  0x00E7, 0x00E7, 0x00E7, 0x00E7, 0x0107, 0x018B, 0x01ED, 0x01AC, 0x00E7, 0x00E7, 0x0086, 0x7C53,
  0xFFFF, 0xBF7F, 0x4EDF, 0x7F5F, 0x875F, 0x4EFF, 0x875F, 0xE79F, 0xFFFF, 0xD6FC, 0x3A2B, 0x0024,
  0x00C5, 0x00A5, 0x0084, 0x0084, 0x0064, 0x0084, 0x0063, 0x0063, 0x0063, 0x0063, 0x0063, 0x0063,
  0x0063, 0x0063, 0x0063, 0x0063, 0x0063, 0x0063, 0x00A5, 0x0A4D, 0x0189, 0x0043, 0x0063, 0x0063,
  0x0063, 0x0063, 0x0063, 0x0063, 0x0042, 0x00E6, 0x0169, 0x0063, 0x0063, 0x0063, 0x0063, 0x0002,
  0x39E8, 0xF7DF, 0xF7DF, 0xEF9E, 0xD71D, 0x43F5, 0x02B2, 0x02B2, 0x4415, 0xC69B, 0xC69B, 0xBE5A,
  0xB619, 0xA5D9, 0xC6BC, 0x7C11, 0x0001, 0x0063, 0x0043, 0x0063, 0x0063, 0x0043, 0x0063, 0x0043,
  0x0043, 0x0063, 0x0063, 0x0043, 0x0063, 0x0043, 0x0063, 0x0043, 0x0063, 0x0063, 0x0043, 0x0043,
  0x0063, 0x0043, 0x0043, 0x0063, 0x0063, 0x0063, 0x0063, 0x0043, 0x0063, 0x0043, 0x0063, 0x0063,
  0x0063, 0x0043, 0x0043, 0x0063, 0x0043, 0x0043, 0x0063, 0x0063, 0x0043, 0x0043, 0x0063, 0x0063,
  0x0043, 0x0043, 0x0063, 0x0063, 0x0022, 0x1906, 0x7CB4, 0x8D37, 0x3A6C, 0x0043, 0x0064, 0x9D15,
  0xB65A, 0x1B12, 0x00E8, 0x0906, 0x1333, 0x0292, 0x02D2, 0x020E, 0x014A, 0x016A, 0x016A, 0x0108,
  0x0085, 0x0085, 0x00A5, 0x00A5, 0x00A5, 0x00A5, 0x00A5, 0x00C6, 0x0024, 0x1947, 0x9CF5, 0xF7BE,
  0xFFFF, 0xFFFF, 0xF7DF, 0xF7DF, 0xF7DF, 0xF7BF, 0xF7BF, 0xF7DF, 0xF7BF, 0xF7BF, 0xFFFF, 0xFFFF,
  0xFFFF, 0xFFFF, 0xFFFF, 0xFFFF, 0xA577, 0x00E7, 0x00C7, 0x00E7, 0x00E7, 0x00E7, 0x00E7, 0x00E7,
  0x00E7, 0x0107, 0x018C, 0x0129, 0x0107, 0x0065, 0x4B2F, 0xFFFF, 0xDFBF, 0x56FF, 0x6F3F, 0x7F5F,
  0x5F1F, 0x975F, 0xEFBF, 0xFFFF, 0xB639, 0x1989, 0x0044, 0x00A5, 0x00A4, 0x0084, 0x0084, 0x0064,
  0x0063, 0x0063, 0x0063, 0x0063, 0x0063, 0x0063, 0x0063, 0x0063, 0x0063, 0x0063, 0x0063, 0x0063,
  0x0063, 0x00C6, 0x0A0C, 0x0127, 0x0042, 0x0063, 0x0063, 0x0063, 0x0063, 0x0063, 0x0063, 0x0043,
  0x00A4, 0x0189, 0x00E6, 0x0043, 0x0063, 0x0063, 0x0063, 0x0001, 0x426A, 0xFFFF, 0xF7DF, 0xEF9E,
  0xCEDC, 0x2354, 0x02B2, 0x02B2, 0x2353, 0xBE7B, 0xBE5A, 0xADF9, 0xB63A, 0x7495, 0xBE7B, 0x424A,
  0x0001, 0x0063, 0x0043, 0x0043, 0x0063, 0x0063, 0x0063, 0x0063, 0x0063, 0x0063, 0x0043, 0x0063,
  0x0063, 0x0043, 0x0043, 0x0043, 0x0063, 0x0063, 0x0063, 0x0063, 0x0043, 0x0063, 0x0043, 0x0063,
  0x0043, 0x0063, 0x0063, 0x0063, 0x0063, 0x0043, 0x0043, 0x0063, 0x0063, 0x0063, 0x0043, 0x0043,
  0x0063, 0x0063, 0x0063, 0x0063, 0x0043, 0x0063, 0x0063, 0x0043, 0x0043, 0x0043, 0x0043, 0x0063,
  0x0063, 0x0022, 0x5B90, 0x8D57, 0x6C12, 0x0084, 0x0023, 0x52ED, 0xC69B, 0x2B32, 0x0086, 0x11AA,
  0x0B34, 0x0271, 0x0291, 0x018B, 0x014A, 0x016B, 0x0129, 0x0085, 0x0085, 0x00A5, 0x00A5, 0x00A5,
  0x00A5, 0x00A5, 0x00A5, 0x0023, 0x4ACD, 0xDF1C, 0xFFFF, 0xF7DF, 0xF7BF, 0xF7DF, 0xF7DF, 0xEF9F,
  0xEFBF, 0xF7BF, 0xF7BF, 0xEFBE, 0xFFFF, 0xFFFF, 0xD6DB, 0xA556, 0x8452, 0x8C93, 0xB5D8, 0xEF7E,
  0xFFFF, 0x94D5, 0x0086, 0x00E7, 0x00E7, 0x00E7, 0x00E7, 0x00E7, 0x00E7, 0x00E7, 0x00E7, 0x0107,
  0x00A6, 0x324C, 0xEF7E, 0xE7DF, 0x66FF, 0x875F, 0x8F5F, 0x571F, 0x9F5F, 0xF7DF, 0xFFFF, 0x9536,
  0x08E6, 0x00A6, 0x00C6, 0x0064, 0x0022, 0x0064, 0x0084, 0x0084, 0x0063, 0x0063, 0x0063, 0x0063,
  0x0063, 0x0063, 0x0063, 0x0063, 0x0063, 0x0063, 0x0063, 0x0064, 0x0064, 0x00A4, 0x0063, 0x0022,
  0x0063, 0x0063, 0x0063, 0x0063, 0x0043, 0x0063, 0x0063, 0x0063, 0x0084, 0x0043, 0x0042, 0x0063,
  0x0043, 0x0063, 0x0063, 0x0001, 0x63F1, 0xFFFF, 0xEFBF, 0xEF9E, 0xAE1A, 0x0292, 0x02B1, 0x0291,
  0x0AF2, 0xAE1A, 0xB63A, 0xBE5A, 0x7CD5, 0x3B31, 0xB5F8, 0x10C4, 0x0022, 0x0063, 0x0043, 0x0043,
  0x0043, 0x0043, 0x0063, 0x0063, 0x0063, 0x0043, 0x0043, 0x0043, 0x0063, 0x0063, 0x0043, 0x0043,
  0x0063, 0x0063, 0x0063, 0x0063, 0x0063, 0x0063, 0x0043, 0x0063, 0x0043, 0x0043, 0x0043, 0x0063,
  0x0063, 0x0043, 0x0063, 0x0063, 0x0043, 0x0043, 0x0063, 0x0063, 0x0043, 0x0043, 0x0063, 0x0043,
  0x0043, 0x0043, 0x0063, 0x0043, 0x0043, 0x0063, 0x0043, 0x0063, 0x0063, 0x0002, 0x29A8, 0x8D16,
  0x8CF6, 0x29C9, 0x0023, 0x10E5, 0xADB7, 0x5435, 0x0086, 0x11EC, 0x0AD3, 0x0271, 0x020F, 0x016A,
  0x016A, 0x014A, 0x00C6, 0x0085, 0x00A5, 0x00A5, 0x00A5, 0x00A5, 0x00A5, 0x00A5, 0x0044, 0x73D1,
  0xFFDF, 0xFFFF, 0xF7BF, 0xF7DF, 0xF7DF, 0xEF7E, 0xE75D, 0xEF9E, 0xF7BF, 0xF7BF, 0xEFBF, 0xFFFF,
  0xE75D, 0x636E, 0x1906, 0x0085, 0x0023, 0x0023, 0x0085, 0x29A9, 0x9D15, 0xFFFF, 0x42AD, 0x0085,
  0x0107, 0x00E7, 0x00E7, 0x00E7, 0x00E7, 0x00E7, 0x0107, 0x00A6, 0x1969, 0xDEFC, 0xFFFF, 0x771F,
  0x773F, 0x7F5F, 0x671F, 0xB77F, 0xFFFF, 0xF7FF, 0x7432, 0x00A6, 0x00C6, 0x00C6, 0x018A, 0x2455,
  0x3B0E, 0x0843, 0x0002, 0x0084, 0x0084, 0x0063, 0x0063, 0x0063, 0x0063, 0x0063, 0x0063, 0x0063,
  0x0063, 0x0063, 0x0063, 0x0063, 0x0063, 0x0043, 0x0063, 0x0063, 0x0063, 0x0063, 0x0063, 0x0063,
  0x0063, 0x0063, 0x0063, 0x0043, 0x0063, 0x0063, 0x0063, 0x0043, 0x0063, 0x0043, 0x0042, 0x0109,
  0x95BA, 0xFFFF, 0xEFBF, 0xEF7E, 0x6455, 0x0230, 0x02B2, 0x0291, 0x0AF2, 0x9DB9, 0xB63A, 0xB63A,
  0x224E, 0x6413, 0x8452, 0x0001, 0x0063, 0x0063, 0x0043, 0x0063, 0x0043, 0x0063, 0x0063, 0x0063,
  0x0063, 0x0043, 0x0063, 0x0063, 0x0063, 0x0043, 0x0043, 0x0063, 0x0043, 0x0043, 0x0063, 0x0043,
  0x0043, 0x0043, 0x0063, 0x0063, 0x0043, 0x0063, 0x0063, 0x0043, 0x0063, 0x0043, 0x0063, 0x0063,
  0x0063, 0x0063, 0x0063, 0x0043, 0x0043, 0x0063, 0x0043, 0x0063, 0x0043, 0x0063, 0x0043, 0x0063,
  0x0063, 0x0063, 0x0063, 0x0063, 0x0063, 0x0042, 0x0063, 0x6C12, 0x9557, 0x5B6F, 0x0064, 0x0023,
  0x634F, 0x8559, 0x00A7, 0x0A0D, 0x02B2, 0x0250, 0x01CD, 0x014A, 0x016A, 0x0108, 0x0085, 0x00A5,
  0x00A5, 0x00A5, 0x00A5, 0x00A5, 0x00A5, 0x0043, 0x7C32, 0xFFFF, 0xF7DF, 0xF7BF, 0xF7DF, 0xEFBE,
  0xDF3D, 0xD6FC, 0xE75D, 0xEFBF, 0xF7BF, 0xEF9E, 0xFFFF, 0xC67A, 0x1926, 0x0001, 0x0003, 0x0044,
  0x00C5, 0x00E6, 0x00A5, 0x0064, 0x0023, 0x8472, 0xAD97, 0x0085, 0x00E7, 0x00E7, 0x00E7, 0x00E7,
  0x00E7, 0x0107, 0x00E7, 0x08E7, 0xBE19, 0xFFFF, 0x873F, 0x7F5F, 0x8F7F, 0x673F, 0xBF7F, 0xFFFF,
  0xEF7E, 0x530F, 0x0065, 0x00E7, 0x00E6, 0x00E8, 0x13F6, 0x261E, 0x3E3D, 0x5CF6, 0x4229, 0x0022,
  0x0002, 0x0063, 0x0084, 0x0063, 0x0063, 0x0063, 0x0063, 0x0063, 0x0063, 0x0063, 0x0063, 0x0063,
  0x0063, 0x0063, 0x0063, 0x0063, 0x0063, 0x0063, 0x0063, 0x0063, 0x0063, 0x0063, 0x0063, 0x0043,
  0x0063, 0x0063, 0x0083, 0x0063, 0x0001, 0x0883, 0x098A, 0x0271, 0xCEDC, 0xFFFF, 0xEFBF, 0xCEDC,
  0x22B0, 0x0251, 0x0291, 0x0271, 0x12D2, 0xA5D9, 0xBE3A, 0x4371, 0x014B, 0x9557, 0x31E8, 0x0002,
  0x0063, 0x0063, 0x0063, 0x0063, 0x0043, 0x0063, 0x0043, 0x0043, 0x0063, 0x0063, 0x0063, 0x0063,
  0x0043, 0x0063, 0x0063, 0x0063, 0x0043, 0x0063, 0x0043, 0x0043, 0x0063, 0x0043, 0x0043, 0x0063,
  0x0043, 0x0043, 0x0063, 0x0063, 0x0063, 0x0063, 0x0043, 0x0043, 0x0043, 0x0063, 0x0043, 0x0063,
  0x0043, 0x0063, 0x0043, 0x0063, 0x0063, 0x0063, 0x0063, 0x0063, 0x0043, 0x0063, 0x0063, 0x0063,
  0x0043, 0x0063, 0x0001, 0x3A4B, 0x8D37, 0x84B5, 0x1968, 0x0044, 0x1106, 0x8CF6, 0x1927, 0x018B,
  0x02B2, 0x0250, 0x01AC, 0x014A, 0x014A, 0x00C6, 0x0085, 0x0085, 0x00A5, 0x00A5, 0x00A5, 0x00C5,
  0x0023, 0x6BD0, 0xFFFF, 0xF7BF, 0xF7BF, 0xF7DF, 0xEF7E, 0xD6FC, 0xD6FC, 0xD71C, 0xEF9E, 0xFFFF,
  0xF7DF, 0xF7DF, 0xD6DB, 0x29C8, 0x52AC, 0x8CB4, 0x8452, 0x4A8B, 0x00A5, 0x0065, 0x00C6, 0x00C6,
  0x00A5, 0x0064, 0x8453, 0x1189, 0x00C7, 0x00E7, 0x00E7, 0x00E7, 0x00E7, 0x00E7, 0x00A6, 0x9D36,
  0xFFFF, 0x9F5F, 0x773F, 0x877F, 0x773F, 0xD79F, 0xFFFF, 0xCEDB, 0x322B, 0x0065, 0x0107, 0x00C6,
  0x014A, 0x020F, 0x022F, 0x1394, 0x1D7B, 0x365E, 0x769D, 0x9515, 0x524A, 0x0043, 0x0001, 0x0022,
  0x0063, 0x0083, 0x0063, 0x0063, 0x0063, 0x0063, 0x0063, 0x0063, 0x0063, 0x0063, 0x0063, 0x0063,
  0x0063, 0x0063, 0x0063, 0x0063, 0x0043, 0x0063, 0x0063, 0x0063, 0x0063, 0x0043, 0x0001, 0x0001,
  0x4A29, 0x4B91, 0x0230, 0x3B93, 0xF7DF, 0xEFBF, 0xF7DF, 0x9557, 0x018C, 0x0271, 0x0271, 0x0230,
  0x2B32, 0xB63A, 0x53D3, 0x012A, 0x2A8E, 0x8473, 0x0022, 0x0063, 0x0063, 0x0063, 0x0063, 0x0063,
  0x0063, 0x0063, 0x0063, 0x0063, 0x0063, 0x0063, 0x0043, 0x0063, 0x0063, 0x0043, 0x0063, 0x0063,
  0x0043, 0x0063, 0x0043, 0x0063, 0x0063, 0x0043, 0x0063, 0x0063, 0x0043, 0x0063, 0x0063, 0x0043,
  0x0063, 0x0063, 0x0063, 0x0063, 0x0043, 0x0043, 0x0063, 0x0043, 0x0043, 0x0063, 0x0043, 0x0043,
  0x0063, 0x0043, 0x0043, 0x0043, 0x0063, 0x0043, 0x0063, 0x0063, 0x0063, 0x0063, 0x0042, 0x08A4,
  0x7453, 0x8D37, 0x5B4F, 0x0064, 0x0023, 0x530E, 0x4A8C, 0x0129, 0x0292, 0x0230, 0x016B, 0x014A,
  0x0129, 0x00A5, 0x00A5, 0x00A5, 0x00A5, 0x00A5, 0x00C5, 0x0044, 0x426B, 0xF7DF, 0xF7BF, 0xEFBE,
  0xF7DF, 0xE75D, 0xCEBB, 0xCEDC, 0xD71D, 0xEFBE, 0xF7DF, 0xDF3D, 0xDF3D, 0xFFFF, 0xC67A, 0xCE7A,
  0xFFFF, 0xFFFF, 0xFFFF, 0xFFFF, 0xD6BB, 0x322B, 0x0064, 0x00C6, 0x00C6, 0x0085, 0x29C9, 0x1989,
  0x00C6, 0x00E7, 0x00E7, 0x00E7, 0x0107, 0x0085, 0x7453, 0xFFFF, 0xAF5F, 0x7F5F, 0x877F, 0x7F3F,
  0xD7BF, 0xFFFF, 0xB619, 0x1969, 0x0086, 0x0107, 0x00E7, 0x016B, 0x020E, 0x020F, 0x01EE, 0x01CE,
  0x0A90, 0x2C97, 0x3E1C, 0x5EDF, 0xB77F, 0xC639, 0x6B6E, 0x2146, 0x0002, 0x0001, 0x0002, 0x0043,
  0x0063, 0x0063, 0x0063, 0x0063, 0x0083, 0x0063, 0x0063, 0x0063, 0x0063, 0x0063, 0x0063, 0x0063,
  0x0063, 0x0063, 0x0043, 0x0001, 0x0000, 0x0043, 0x528A, 0xA515, 0x6CB6, 0x0A91, 0x01EF, 0x9599,
  0xFFFF, 0xEFBF, 0xE77E, 0x42CF, 0x010A, 0x0271, 0x0271, 0x0230, 0x6455, 0x5C14, 0x01EE, 0x0109,
  0x63D2, 0x3A09, 0x0001, 0x0063, 0x0043, 0x0043, 0x0063, 0x0063, 0x0063, 0x0043, 0x0043, 0x0063,
  0x0043, 0x0063, 0x0063, 0x0063, 0x0063, 0x0063, 0x0063, 0x0063, 0x0043, 0x0063, 0x0063, 0x0043,
  0x0043, 0x0063, 0x0063, 0x0063, 0x0043, 0x0063, 0x0063, 0x0043, 0x0043, 0x0063, 0x0063, 0x0043,
  0x0063, 0x0063, 0x0063, 0x0063, 0x0063, 0x0063, 0x0043, 0x0063, 0x0043, 0x0063, 0x0063, 0x0063,
  0x0063, 0x0063, 0x0043, 0x0043, 0x0043, 0x0043, 0x0063, 0x0001, 0x426B, 0x8D16, 0x84D5, 0x2188,
  0x0023, 0x08E6, 0x5B0D, 0x098B, 0x0271, 0x020F, 0x016B, 0x016A, 0x0108, 0x0084, 0x00A5, 0x00A5,
  0x00A5, 0x00A5, 0x0084, 0x1106, 0xCE9B, 0xEFBF, 0xEF9E, 0xF7DF, 0xE77E, 0xCE9B, 0xCEDC, 0xDF3D,
  0xBE3A, 0x84D6, 0x43B3, 0x22B0, 0xADF9, 0xFFFF, 0xF7FF, 0xFFFF, 0xF7FF, 0xEF7E, 0x9D35, 0x6BD1,
  0x8452, 0xA556, 0x2188, 0x0085, 0x00C6, 0x00C6, 0x00E6, 0x00E7, 0x00E7, 0x00E7, 0x00E7, 0x0107,
  0x0065, 0x534F, 0xFFDF, 0xC79F, 0x873F, 0x8F7F, 0x8F5F, 0xE7BF, 0xFFFF, 0x9515, 0x08C6, 0x00A6,
  0x0107, 0x00E7, 0x0149, 0x020F, 0x020E, 0x020E, 0x020E, 0x020F, 0x01CE, 0x01CE, 0x2311, 0x4CD7,
  0x6E3C, 0x9F5F, 0xE7FF, 0xEF5D, 0xAD76, 0x6B8F, 0x31C8, 0x08A4, 0x0002, 0x0001, 0x0001, 0x0001,
  0x0001, 0x0002, 0x0002, 0x0002, 0x0002, 0x0002, 0x0001, 0x0001, 0x0001, 0x0002, 0x08A4, 0x4209,
  0x8C51, 0xCE59, 0xBE9C, 0x4C36, 0x020F, 0x020F, 0x1AB1, 0xDF5E, 0xF7BF, 0xF7DF, 0xA5B8, 0x0108,
  0x01AC, 0x0271, 0x0250, 0x0A70, 0x2B32, 0x020E, 0x014A, 0x11EC, 0x63B0, 0x0042, 0x0043, 0x0063,
  0x0043, 0x0043, 0x0063, 0x0063, 0x0063, 0x0063, 0x0063, 0x0043, 0x0063, 0x0063, 0x0063, 0x0043,
  0x0043, 0x0063, 0x0043, 0x0043, 0x0063, 0x0043, 0x0043, 0x0063, 0x0063, 0x0063, 0x0043, 0x0043,
  0x0063, 0x0043, 0x0063, 0x0063, 0x0043, 0x0043, 0x0043, 0x0063, 0x0063, 0x0043, 0x0063, 0x0063,
  0x0063, 0x0043, 0x0043, 0x0063, 0x0043, 0x0063, 0x0063, 0x0063, 0x0063, 0x0043, 0x0043, 0x0063,
  0x0043, 0x0043, 0x0063, 0x0043, 0x0883, 0x7432, 0x8D37, 0x6390, 0x0084, 0x0064, 0x2168, 0x19EB,
  0x0230, 0x0230, 0x016B, 0x016B, 0x00E7, 0x0084, 0x00A5, 0x00A5, 0x00A5, 0x00A5, 0x0023, 0x7C52,
  0xE77E, 0xD71D, 0xF7DF, 0xE77E, 0xCEBB, 0xD6FC, 0xC69B, 0x6BB0, 0x1149, 0x018D, 0x016D, 0x4BD3,
  0xEFBF, 0xEF9E, 0xEF7E, 0xF7DF, 0xC67A, 0x31C9, 0x0043, 0x0044, 0x0003, 0x1106, 0x21A9, 0x00A5,
  0x00C6, 0x00C6, 0x00C6, 0x00C6, 0x00C6, 0x00E7, 0x0108, 0x0086, 0x326C, 0xF7BE, 0xD7BF, 0x873F,
  0x875F, 0x9F5F, 0xEFDF, 0xFFDF, 0x6C12, 0x0085, 0x00C6, 0x00E7, 0x00E7, 0x0108, 0x0108, 0x0149,
  0x01EE, 0x0230, 0x022F, 0x020F, 0x020F, 0x020F, 0x01CE, 0x01CE, 0x22B0, 0x5435, 0x8DDA, 0xCF3E,
  0xFFFF, 0xFFFF, 0xFFFF, 0xDEFC, 0xB596, 0x8C52, 0x634E, 0x4A8B, 0x3A09, 0x29A8, 0x2167, 0x2167,
  0x2187, 0x31E8, 0x424A, 0x5B0D, 0x8431, 0xBDD7, 0xEF5C, 0xE77E, 0xC6FD, 0x5C97, 0x0271, 0x01EF,
  0x022F, 0x01CE, 0x8538, 0xFFFF, 0xEF9E, 0xEFBF, 0x3AAE, 0x00C8, 0x01ED, 0x0250, 0x0230, 0x022F,
  0x020F, 0x016B, 0x00C7, 0x4B51, 0x31E9, 0x0001, 0x0063, 0x0063, 0x0063, 0x0063, 0x0063, 0x0063,
  0x0063, 0x0063, 0x0063, 0x0063, 0x0063, 0x0063, 0x0063, 0x0043, 0x0043, 0x0063, 0x0063, 0x0063,
  0x0063, 0x0043, 0x0043, 0x0043, 0x0063, 0x0043, 0x0043, 0x0043, 0x0043, 0x0063, 0x0043, 0x0063,
  0x0043, 0x0043, 0x0063, 0x0063, 0x0043, 0x0063, 0x0063, 0x0063, 0x0063, 0x0063, 0x0043, 0x0043,
  0x0063, 0x0043, 0x0063, 0x0063, 0x0063, 0x0063, 0x0043, 0x0043, 0x0063, 0x0043, 0x0063, 0x0063,
  0x0001, 0x3209, 0x84F6, 0x84F6, 0x320A, 0x0064, 0x00A5, 0x08E7, 0x020F, 0x0230, 0x018B, 0x016B,
  0x00E7, 0x0084, 0x00A5, 0x00A5, 0x00A5, 0x0064, 0x2168, 0xCEBB, 0xCEBC, 0xE75E, 0xEFBF, 0xC69B,
  0xCEDC, 0xB5F9, 0x29C9, 0x0044, 0x016B, 0x020F, 0x020F, 0xB65B, 0xF7BF, 0xE77E, 0xEF9E, 0xCEBB,
  0x1968, 0x0023, 0x00C6, 0x00C6, 0x00C6, 0x0085, 0x00A5, 0x00C6, 0x00C6, 0x00C6, 0x00C6, 0x00C6,
  0x00C6, 0x0107, 0x00A6, 0x19A9, 0xE73D, 0xE7DF, 0x873F, 0x7F3F, 0xA75F, 0xF7FF, 0xEF7E, 0x530E,
  0x0065, 0x00E7, 0x00E6, 0x00E7, 0x0108, 0x0108, 0x0108, 0x0108, 0x0108, 0x018B, 0x022F, 0x0250,
  0x0250, 0x020F, 0x020E, 0x020E, 0x01CE, 0x01AD, 0x01EE, 0x22B0, 0x5C35, 0x9DB9, 0xD6FD, 0xF7DF,
  0xFFFF, 0xFFFF, 0xFFFF, 0xFFFF, 0xFFFF, 0xFFFF, 0xFFBE, 0xFFBE, 0xFFDF, 0xFFFF, 0xFFFF, 0xFFFF,
  0xF7DF, 0xBEBD, 0x7D59, 0x3374, 0x0251, 0x0231, 0x0230, 0x022F, 0x01CD, 0x22D0, 0xEF9E, 0xEF9E,
  0xFFFF, 0x9536, 0x00C7, 0x0129, 0x020F, 0x0250, 0x0250, 0x022F, 0x01AB, 0x00C7, 0x11AA, 0x6BD1,
  0x0042, 0x0063, 0x0063, 0x0043, 0x0063, 0x0063, 0x0063, 0x0063, 0x0063, 0x0063, 0x0063, 0x0063,
  0x0063, 0x0043, 0x0063, 0x0063, 0x0063, 0x0043, 0x0063, 0x0063, 0x0043, 0x0063, 0x0063, 0x0063,
  0x0063, 0x0063, 0x0043, 0x0063, 0x0043, 0x0043, 0x0063, 0x0063, 0x0043, 0x0043, 0x0043, 0x0063,
  0x0063, 0x0063, 0x0063, 0x0063, 0x0063, 0x0063, 0x0043, 0x0043, 0x0043, 0x0063, 0x0043, 0x0063,
  0x0063, 0x0063, 0x0043, 0x0063, 0x0043, 0x0043, 0x0043, 0x0063, 0x0043, 0x0042, 0x63B1, 0x8D16,
  0x7453, 0x08C6, 0x0085, 0x0084, 0x018B, 0x0251, 0x01AC, 0x016A, 0x00E7, 0x0084, 0x00A5, 0x00A5,
  0x00A5, 0x0023, 0x6BB0, 0xD71D, 0xC67B, 0xEF9E, 0xD6FC, 0xC69B, 0xB619, 0x2188, 0x0023, 0x0149,
  0x020F, 0x01AD, 0x2AF1, 0xDF3D, 0xE77E, 0xDF5D, 0xE77E, 0x530E, 0x0023, 0x00C6, 0x00A5, 0x00A5,
  0x00A5, 0x00C6, 0x00C6, 0x00C6, 0x00C6, 0x00C6, 0x00C6, 0x00C6, 0x00E7, 0x00C6, 0x0907, 0xC65A,
  0xF7FF, 0x873F, 0x773F, 0xB77F, 0xFFFF, 0xD6FC, 0x322B, 0x0045, 0x00E7, 0x00C6, 0x00C6, 0x0108,
  0x0129, 0x0108, 0x0108, 0x0128, 0x0108, 0x00E7, 0x0129, 0x01CD, 0x0270, 0x02B2, 0x0291, 0x0250,
  0x022F, 0x022F, 0x020F, 0x01CE, 0x01CE, 0x01CE, 0x0A70, 0x2353, 0x4C36, 0x6CF8, 0x8559, 0x9DDA,
  0xAE3B, 0xB67C, 0xBE7C, 0xB67B, 0xA61B, 0x8D79, 0x6497, 0x3BB5, 0x12F3, 0x0271, 0x0231, 0x0231,
  0x0271, 0x0250, 0x01EE, 0x020E, 0x01EE, 0xAE1A, 0xFFFF, 0xEFBF, 0xDF1D, 0x21AA, 0x00C7, 0x016A,
  0x022F, 0x0230, 0x020E, 0x016A, 0x0108, 0x00C7, 0x63D1, 0x31A8, 0x0002, 0x0063, 0x0043, 0x0063,
  0x0063, 0x0063, 0x0063, 0x0063, 0x0063, 0x0063, 0x0063, 0x0063, 0x0043, 0x0063, 0x0043, 0x0063,
  0x0063, 0x0063, 0x0043, 0x0043, 0x0063, 0x0043, 0x0063, 0x0063, 0x0043, 0x0043, 0x0043, 0x0063,
  0x0043, 0x0063, 0x0063, 0x0043, 0x0063, 0x0063, 0x0063, 0x0043, 0x0063, 0x0063, 0x0063, 0x0043,
  0x0063, 0x0063, 0x0063, 0x0043, 0x0043, 0x0043, 0x0043, 0x0043, 0x0063, 0x0063, 0x0063, 0x0063,
  0x0063, 0x0063, 0x0043, 0x0043, 0x0063, 0x0022, 0x2147, 0x7CB5, 0x8516, 0x530E, 0x0064, 0x00A5,
  0x00C6, 0x0230, 0x01CE, 0x016A, 0x0108, 0x0085, 0x00A5, 0x00A5, 0x0085, 0x0084, 0xAD97, 0xC6BC,
  0xCEBB, 0xDF3D, 0xC69B, 0xC6BB, 0x3A4B, 0x0044, 0x00E6, 0x018C, 0x020E, 0x016C, 0x5BF3, 0xE77E,
  0xDF1D, 0xE77E, 0xC65A, 0x10E6, 0x0085, 0x00A5, 0x00A5, 0x00A5, 0x00A5, 0x00A5, 0x00C6, 0x00C6,
  0x00C6, 0x00C6, 0x00C6, 0x00E6, 0x00E6, 0x00A6, 0xA577, 0xFFFF, 0x8F3E, 0x773F, 0xC79F, 0xFFFF,
  0xB5F9, 0x1968, 0x0065, 0x00E7, 0x00C6, 0x00C6, 0x00E6, 0x00C6, 0x0129, 0x016A, 0x0108, 0x0108,
  0x0108, 0x0108, 0x0108, 0x0108, 0x0129, 0x01CD, 0x0271, 0x02D3, 0x02D3, 0x02D3, 0x02B2, 0x02D2,
  0x02D2, 0x02B2, 0x02B2, 0x0292, 0x0272, 0x0251, 0x0251, 0x0251, 0x0251, 0x0271, 0x0271, 0x0251,
  0x0231, 0x0231, 0x0231, 0x0251, 0x0292, 0x0292, 0x02B2, 0x0271, 0x022F, 0x01ED, 0x020E, 0x018C,
  0x6C75, 0xFFFF, 0xEF7E, 0xFFFF, 0x5B50, 0x00A6, 0x0129, 0x01AD, 0x0230, 0x01EE, 0x0129, 0x0108,
  0x00A6, 0x4B0F, 0x636F, 0x0001, 0x0063, 0x0063, 0x0043, 0x0063, 0x0063, 0x0063, 0x0063, 0x0063,
  0x0063, 0x0043, 0x0063, 0x0063, 0x0043, 0x0063, 0x0063, 0x0063, 0x0063, 0x0063, 0x0063, 0x0063,
  0x0063, 0x0043, 0x0063, 0x0043, 0x0063, 0x0043, 0x0063, 0x0063, 0x0043, 0x0043, 0x0043, 0x0043,
  0x0043, 0x0063, 0x0063, 0x0063, 0x0063, 0x0063, 0x0063, 0x0063, 0x0063, 0x0063, 0x0043, 0x0063,
  0x0043, 0x0063, 0x0063, 0x0063, 0x0063, 0x0063, 0x0043, 0x0063, 0x0063, 0x0043, 0x0043, 0x0063,
  0x0063, 0x0063, 0x0001, 0x4ACC, 0x8516, 0x84D5, 0x29C9, 0x0044, 0x0084, 0x014A, 0x020F, 0x016B,
  0x0128, 0x00A5, 0x00A5, 0x00A5, 0x0064, 0x2188, 0xBE7A, 0xBE7B, 0xCEDC, 0xCEBC, 0xCEBC, 0x7C53,
  0x0064, 0x00C6, 0x00C6, 0x01AD, 0x01EE, 0x016C, 0x6C74, 0xE77E, 0xD6FC, 0xE79E, 0x9515, 0x0064,
  0x00A5, 0x00A5, 0x00A5, 0x00A5, 0x00E7, 0x00C6, 0x00C6, 0x00C6, 0x00C6, 0x00C6, 0x00C6, 0x00E6,
  0x0065, 0x8494, 0xFFFF, 0x975F, 0x7F3F, 0xD79F, 0xFFFF, 0x9D35, 0x00A6, 0x0085, 0x00E7, 0x00C6,
  0x00C6, 0x00C6, 0x00E7, 0x00E7, 0x00C6, 0x0149, 0x01CC, 0x016A, 0x0108, 0x0108, 0x0128, 0x0128,
  0x0108, 0x00E7, 0x0129, 0x01AC, 0x0250, 0x02B2, 0x02D3, 0x02D3, 0x02D3, 0x02B2, 0x02B2, 0x02B2,
  0x02B2, 0x02B2, 0x02B2, 0x0292, 0x0291, 0x0291, 0x0291, 0x0291, 0x0291, 0x02B2, 0x02D3, 0x02D3,
  0x02B2, 0x0250, 0x020F, 0x01EE, 0x01EE, 0x020E, 0x018C, 0x3311, 0xEF9E, 0xEF7E, 0xFFFF, 0x9536,
  0x00A6, 0x0107, 0x014A, 0x0230, 0x01EE, 0x0129, 0x0107, 0x00A7, 0x21CB, 0x94F5, 0x10A4, 0x0042,
  0x0063, 0x0043, 0x0043, 0x0063, 0x0063, 0x0063, 0x0063, 0x0063, 0x0063, 0x0063, 0x0063, 0x0063,
  0x0063, 0x0063, 0x0063, 0x0063, 0x0043, 0x0063, 0x0063, 0x0063, 0x0063, 0x0043, 0x0043, 0x0063,
  0x0063, 0x0063, 0x0043, 0x0063, 0x0043, 0x0043, 0x0063, 0x0063, 0x0043, 0x0063, 0x0063, 0x0063,
  0x0063, 0x0043, 0x0063, 0x0063, 0x0043, 0x0043, 0x0043, 0x0063, 0x0063, 0x0063, 0x0063, 0x0063,
  0x0063, 0x0043, 0x0063, 0x0063, 0x0063, 0x0043, 0x0063, 0x0043, 0x0063, 0x0063, 0x0042, 0x0863,
  0x6BF2, 0x8D16, 0x6C32, 0x08C6, 0x0085, 0x00A5, 0x01AC, 0x01CD, 0x0129, 0x00A5, 0x00A5, 0x00A5,
  0x0044, 0x4A8C, 0xC6BB, 0xBE5A, 0xCEDC, 0xC6BB, 0xBE5A, 0x21C9, 0x0065, 0x00C5, 0x00E7, 0x01AD,
  0x01CE, 0x014B, 0x6C75, 0xE75E, 0xCEDC, 0xE77E, 0x8493, 0x0044, 0x00C5, 0x00A5, 0x00A5, 0x00A5,
  0x0108, 0x0108, 0x00C6, 0x00C6, 0x00C6, 0x00C6, 0x00E7, 0x0044, 0x5B70, 0xFFFF, 0xAF7F, 0x7F1F,
  0xDFDF, 0xFFFF, 0x7412, 0x0064, 0x00A6, 0x00E6, 0x00C6, 0x00C6, 0x00C6, 0x00C6, 0x00E6, 0x00E7,
  0x00E7, 0x00C6, 0x0108, 0x01CD, 0x01ED, 0x014A, 0x0108, 0x0108, 0x0108, 0x0108, 0x0108, 0x0108,
  0x0108, 0x014A, 0x01CC, 0x022F, 0x0270, 0x0291, 0x02B2, 0x02B2, 0x02B2, 0x02B2, 0x02B2, 0x02B2,
  0x02B2, 0x02B2, 0x0292, 0x0292, 0x0292, 0x0271, 0x022F, 0x01CD, 0x01AC, 0x01CD, 0x01EE, 0x01EE,
  0x020E, 0x01AD, 0x1A8F, 0xD6FD, 0xEFBF, 0xF7DF, 0xBE5A, 0x1128, 0x00E7, 0x0108, 0x01CD, 0x01EE,
  0x0128, 0x0107, 0x00E7, 0x0908, 0x9536, 0x3A2A, 0x0001, 0x0063, 0x0043, 0x0043, 0x0063, 0x0043,
  0x0063, 0x0063, 0x0063, 0x0063, 0x0063, 0x0063, 0x0063, 0x0063, 0x0063, 0x0063, 0x0043, 0x0043,
  0x0063, 0x0063, 0x0063, 0x0063, 0x0063, 0x0063, 0x0043, 0x0063, 0x0043, 0x0043, 0x0043, 0x0043,
  0x0043, 0x0063, 0x0043, 0x0043, 0x0063, 0x0063, 0x0063, 0x0063, 0x0063, 0x0063, 0x0063, 0x0043,
  0x0063, 0x0063, 0x0063, 0x0063, 0x0043, 0x0063, 0x0043, 0x0063, 0x0063, 0x0063, 0x0063, 0x0043,
  0x0063, 0x0063, 0x0043, 0x0063, 0x0043, 0x0043, 0x0063, 0x0022, 0x2147, 0x7CB5, 0x8D16, 0x5B70,
  0x0084, 0x00A5, 0x00C6, 0x01AD, 0x016B, 0x00A5, 0x00A5, 0x00C5, 0x0044, 0x5B2E, 0xC6BB, 0xB63A,
  0xC69B, 0xCEDC, 0x9516, 0x0085, 0x00A6, 0x00A5, 0x0108, 0x01CE, 0x01EE, 0x010A, 0x53B2, 0xDF3D,
  0xCEDC, 0xE77E, 0x8CD4, 0x0044, 0x00A5, 0x00A5, 0x00A5, 0x00A6, 0x00A5, 0x00A6, 0x00C6, 0x00C6,
  0x00C6, 0x00E7, 0x0044, 0x42AD, 0xFFDF, 0xB77F, 0x871E, 0xEFFF, 0xEF9E, 0x532F, 0x0044, 0x00C6,
  0x00C6, 0x00C6, 0x00C6, 0x00C6, 0x00C6, 0x00E7, 0x00E7, 0x00C6, 0x00E7, 0x00E7, 0x00C6, 0x00C7,
  0x018B, 0x020F, 0x01ED, 0x016A, 0x0129, 0x0108, 0x0108, 0x0108, 0x0108, 0x0108, 0x0108, 0x0108,
  0x0128, 0x0149, 0x016B, 0x01AC, 0x01CD, 0x01ED, 0x01ED, 0x01ED, 0x01ED, 0x01CD, 0x01AC, 0x016B,
  0x014A, 0x014A, 0x016A, 0x01AC, 0x01EE, 0x020F, 0x020E, 0x01ED, 0x018C, 0x122E, 0xC6BC, 0xF7DF,
  0xF7BF, 0xDF1C, 0x21AA, 0x00A6, 0x0107, 0x016A, 0x020E, 0x0108, 0x00E7, 0x00E7, 0x00A6, 0x8CF5,
  0x6BD0, 0x0001, 0x0063, 0x0043, 0x0063, 0x0043, 0x0043, 0x0063, 0x0063, 0x0063, 0x0063, 0x0063,
  0x0063, 0x0063, 0x0063, 0x0063, 0x0063, 0x0063, 0x0063, 0x0063, 0x0063, 0x0063, 0x0063, 0x0063,
  0x0063, 0x0063, 0x0063, 0x0043, 0x0043, 0x0063, 0x0063, 0x0043, 0x0043, 0x0063, 0x0043, 0x0043,
  0x0063, 0x0063, 0x0043, 0x0063, 0x0063, 0x0063, 0x0043, 0x0063, 0x0063, 0x0063, 0x0043, 0x0043,
  0x0063, 0x0063, 0x0043, 0x0063, 0x0063, 0x0063, 0x0063, 0x0063, 0x0043, 0x0063, 0x0063, 0x0043,
  0x0043, 0x0063, 0x0043, 0x0063, 0x0001, 0x3A6B, 0x8D16, 0x84F6, 0x3A8C, 0x0044, 0x00A5, 0x00C6,
  0x016B, 0x00E7, 0x0085, 0x00C6, 0x0044, 0x5B6F, 0xC69B, 0xB63A, 0xBE7A, 0xCEDC, 0x6BD1, 0x0044,
  0x00C6, 0x00A5, 0x0108, 0x01EE, 0x01CC, 0x00E8, 0x3ACF, 0xD6FC, 0xCEDC, 0xDF3D, 0xADB8, 0x08C5,
  0x00A5, 0x00A5, 0x00A5, 0x00C6, 0x00C6, 0x00C6, 0x00C6, 0x00C6, 0x00E7, 0x0085, 0x2A0A, 0xEF5D,
  0xBFBF, 0x871E, 0xF7FF, 0xDF1C, 0x322B, 0x0044, 0x00E6, 0x0065, 0x0085, 0x00E6, 0x00C6, 0x00C6,
  0x00C6, 0x00E6, 0x0108, 0x00E8, 0x00C6, 0x00E6, 0x00E7, 0x00E7, 0x00C6, 0x0108, 0x01CD, 0x0230,
  0x020F, 0x01AC, 0x014A, 0x0129, 0x0108, 0x0108, 0x0108, 0x0108, 0x0107, 0x00E7, 0x00E7, 0x00E7,
  0x00E7, 0x00E7, 0x00E7, 0x00C6, 0x00C6, 0x00C7, 0x00E7, 0x0129, 0x018C, 0x01CE, 0x020F, 0x022F,
  0x020F, 0x01EE, 0x01ED, 0x016C, 0x120D, 0xBE7B, 0xF7DF, 0xEF9E, 0xEF7E, 0x3A6D, 0x0086, 0x0108,
  0x0108, 0x01AC, 0x0149, 0x00E7, 0x0108, 0x0085, 0x7453, 0x9D36, 0x0042, 0x0042, 0x0063, 0x0063,
  0x0063, 0x0063, 0x0043, 0x0063, 0x0063, 0x0063, 0x0043, 0x0063, 0x0063, 0x0063, 0x0063, 0x0063,
  0x0063, 0x0063, 0x0063, 0x0063, 0x0043, 0x0063, 0x0063, 0x0063, 0x0063, 0x0063, 0x0063, 0x0043,
  0x0043, 0x0063, 0x0063, 0x0043, 0x0043, 0x0043, 0x0063, 0x0063, 0x0063, 0x0063, 0x0063, 0x0063,
  0x0063, 0x0063, 0x0063, 0x0063, 0x0063, 0x0043, 0x0063, 0x0063, 0x0043, 0x0063, 0x0043, 0x0063,
  0x0043, 0x0043, 0x0043, 0x0043, 0x0063, 0x0043, 0x0063, 0x0043, 0x0063, 0x0043, 0x0063, 0x0063,
  0x0043, 0x0022, 0x5B4F, 0x8516, 0x7CB5, 0x29EA, 0x0064, 0x00A5, 0x00C6, 0x014A, 0x00C6, 0x00C6,
  0x0023, 0x5B0E, 0xBE7B, 0xB63A, 0xBE5A, 0xC6BC, 0x4AEE, 0x0044, 0x00C6, 0x00A5, 0x0108, 0x01CE,
  0x018C, 0x0129, 0x11CC, 0xBE5A, 0xCEDC, 0xCEDC, 0xD71D, 0x29EA, 0x0064, 0x00C6, 0x00A5, 0x00A6,
  0x00C6, 0x00C6, 0x00C6, 0x00E6, 0x0085, 0x1948, 0xDEDB, 0xD7DF, 0x973E, 0xF7FF, 0xBE39, 0x1988,
  0x0085, 0x00C6, 0x0064, 0x7C32, 0x530E, 0x0024, 0x00E6, 0x00C6, 0x00C6, 0x00C6, 0x00C6, 0x0129,
  0x0129, 0x00E7, 0x00C6, 0x00C6, 0x00E6, 0x00C6, 0x00C6, 0x0129, 0x01CD, 0x020F, 0x020F, 0x020E,
  0x01ED, 0x01CC, 0x018B, 0x016A, 0x0149, 0x0149, 0x0149, 0x0129, 0x0129, 0x0149, 0x014A, 0x016A,
  0x01AC, 0x01CD, 0x01EE, 0x020F, 0x022F, 0x020F, 0x020F, 0x020F, 0x01CD, 0x01AC, 0x012A, 0x224E,
  0xC69B, 0xF7DF, 0xEF9F, 0xEF9E, 0x4ACE, 0x0086, 0x0128, 0x0108, 0x014A, 0x0129, 0x0107, 0x0108,
  0x0086, 0x63D1, 0xADF9, 0x1905, 0x0022, 0x0063, 0x0043, 0x0063, 0x0043, 0x0063, 0x0063, 0x0043,
  0x0063, 0x0063, 0x0063, 0x0063, 0x0063, 0x0063, 0x0063, 0x0063, 0x0063, 0x0063, 0x0063, 0x0063,
  0x0063, 0x0063, 0x0063, 0x0063, 0x0063, 0x0063, 0x0063, 0x0063, 0x0063, 0x0063, 0x0063, 0x0063,
  0x0043, 0x0043, 0x0043, 0x0063, 0x0063, 0x0063, 0x0063, 0x0063, 0x0043, 0x0063, 0x0063, 0x0063,
  0x0063, 0x0063, 0x0063, 0x0043, 0x0043, 0x0063, 0x0063, 0x0043, 0x0043, 0x0043, 0x0043, 0x0043,
  0x0063, 0x0043, 0x0063, 0x0063, 0x0063, 0x0043, 0x0043, 0x0043, 0x0063, 0x0042, 0x0883, 0x6BF1,
  0x84F6, 0x7C74, 0x1968, 0x0064, 0x00A5, 0x00E7, 0x00E7, 0x00C5, 0x0023, 0x426B, 0xBE5A, 0xB63A,
  0xB63A, 0xC69B, 0x42AC, 0x0044, 0x00C6, 0x00A5, 0x00C7, 0x01CE, 0x018C, 0x0149, 0x00E9, 0x84D5,
  0xD6FC, 0xC69B, 0xEF9E, 0x7C32, 0x0024, 0x00C6, 0x00A5, 0x00A5, 0x00A6, 0x00C6, 0x00C6, 0x00C6,
  0x08C6, 0xBE19, 0xD7DF, 0x973E, 0xFFFF, 0xAD97, 0x08E6, 0x0085, 0x00C6, 0x08C6, 0x94F4, 0xFFFF,
  0xE73D, 0x31CA, 0x0044, 0x00E7, 0x00C6, 0x00C6, 0x00C6, 0x00C6, 0x0129, 0x018C, 0x014A, 0x00E7,
  0x00C6, 0x00C6, 0x00C6, 0x00C6, 0x00C6, 0x0108, 0x01AC, 0x022F, 0x0250, 0x0250, 0x0230, 0x022F,
  0x020F, 0x020E, 0x020E, 0x020F, 0x020F, 0x020F, 0x020F, 0x022F, 0x0230, 0x022F, 0x022F, 0x020F,
  0x020F, 0x01EE, 0x01CD, 0x01AC, 0x018B, 0x0109, 0x3ACF, 0xD71D, 0xF7BF, 0xEFBF, 0xE77E, 0x4ACE,
  0x0086, 0x0128, 0x0108, 0x0129, 0x0128, 0x0107, 0x0107, 0x00A6, 0x63B1, 0xC69B, 0x31C8, 0x0001,
  0x0063, 0x0063, 0x0043, 0x0063, 0x0043, 0x0063, 0x0063, 0x0043, 0x0063, 0x0043, 0x0063, 0x0063,
  0x0063, 0x0063, 0x0063, 0x0063, 0x0063, 0x0063, 0x0063, 0x0063, 0x0063, 0x0063, 0x0063, 0x0063,
  0x0063, 0x0063, 0x0063, 0x0063, 0x0063, 0x0063, 0x0063, 0x0063, 0x0043, 0x0063, 0x0043, 0x0043,
  0x0043, 0x0063, 0x0063, 0x0063, 0x0063, 0x0043, 0x0063, 0x0063, 0x0043, 0x0043, 0x0043, 0x0063,
  0x0063, 0x0063, 0x0043, 0x0063, 0x0063, 0x0063, 0x0043, 0x0063, 0x0063, 0x0063, 0x0063, 0x0043,
  0x0043, 0x0043, 0x0043, 0x0063, 0x0043, 0x0063, 0x0022, 0x10E5, 0x7453, 0x8516, 0x7433, 0x1127,
  0x0085, 0x00C6, 0x00A5, 0x00A5, 0x0044, 0x2988, 0xB619, 0xB63A, 0xB61A, 0xBE9B, 0x42AC, 0x0064,
  0x00C6, 0x00A6, 0x00C6, 0x01AD, 0x018C, 0x0149, 0x00E8, 0x328E, 0xCEDC, 0xC67B, 0xD6FC, 0xD6FC,
  0x29C9, 0x0065, 0x00C6, 0x00A5, 0x00A6, 0x00C6, 0x00C6, 0x0085, 0xAD56, 0xDFFF, 0x9F5E, 0xF7FF,
  0x8CB4, 0x00A6, 0x00C7, 0x0065, 0x1927, 0xB619, 0xFFFF, 0xE77E, 0xF7DF, 0xDF1C, 0x31EA, 0x0044,
  0x00E6, 0x00C6, 0x00C6, 0x00C6, 0x00C6, 0x0108, 0x018C, 0x01AC, 0x014A, 0x0108, 0x00E7, 0x00C6,
  0x00C6, 0x00A6, 0x00A6, 0x0107, 0x016A, 0x01CC, 0x020E, 0x022F, 0x020F, 0x022F, 0x022F, 0x020F,
  0x022F, 0x022F, 0x022F, 0x022F, 0x022F, 0x020F, 0x020F, 0x01EE, 0x01AD, 0x018B, 0x018B, 0x014A,
  0x012A, 0x63F3, 0xEF7E, 0xEFBE, 0xF7DF, 0xDF3D, 0x428D, 0x0086, 0x0108, 0x0108, 0x0129, 0x0108,
  0x0108, 0x0107, 0x00A6, 0x5B90, 0xC6BC, 0x52CD, 0x0001, 0x0063, 0x0043, 0x0043, 0x0063, 0x0063,
  0x0043, 0x0063, 0x0063, 0x0043, 0x0063, 0x0063, 0x0063, 0x0063, 0x0063, 0x0063, 0x0063, 0x0063,
  0x0063, 0x0063, 0x0063, 0x0063, 0x0063, 0x0063, 0x0043, 0x0063, 0x0063, 0x0063, 0x0063, 0x0063,
  0x0063, 0x0063, 0x0063, 0x0063, 0x0043, 0x0063, 0x0043, 0x0063, 0x0043, 0x0063, 0x0063, 0x0043,
  0x0063, 0x0043, 0x0063, 0x0063, 0x0043, 0x0043, 0x0043, 0x0063, 0x0063, 0x0063, 0x0063, 0x0043,
  0x0063, 0x0063, 0x0063, 0x0063, 0x0063, 0x0063, 0x0063, 0x0043, 0x0063, 0x0063, 0x0043, 0x0043,
  0x0063, 0x0043, 0x0063, 0x0002, 0x2147, 0x7C94, 0x84F6, 0x6C32, 0x1107, 0x0064, 0x00A5, 0x00A5,
  0x0085, 0x00C5, 0x9D56, 0xBE5A, 0xADF9, 0xC69B, 0x5B4F, 0x0064, 0x00C6, 0x00A6, 0x00A5, 0x016A,
  0x018B, 0x0129, 0x014A, 0x0129, 0x8CF6, 0xCEBC, 0xBE7A, 0xE77E, 0xB5D8, 0x0085, 0x0085, 0x00C6,
  0x00C6, 0x00E6, 0x0044, 0x8452, 0xE7FF, 0xAF9F, 0xEFBF, 0x6B90, 0x0064, 0x00C6, 0x0085, 0x2A0A,
  0xBE5A, 0xEFBF, 0xEF7E, 0xEFBF, 0xEF9E, 0xFFFF, 0xE73D, 0x3A6C, 0x0044, 0x00E6, 0x00E7, 0x00C6,
  0x00E6, 0x00C6, 0x00C6, 0x0129, 0x018C, 0x01AC, 0x018C, 0x016A, 0x0149, 0x0129, 0x0108, 0x00E7,
  0x00C6, 0x00E7, 0x0108, 0x0149, 0x016A, 0x01AC, 0x01EE, 0x01EE, 0x01EE, 0x020E, 0x01EE, 0x01ED,
  0x01CD, 0x01AC, 0x018B, 0x016B, 0x018B, 0x016B, 0x00E9, 0x1A0C, 0xA598, 0xF7DF, 0xEF9E, 0xF7FF,
  0xC69B, 0x2A0B, 0x0086, 0x0108, 0x0107, 0x0108, 0x0107, 0x0108, 0x00E7, 0x00C7, 0x6BF1, 0xC6BC,
  0x636F, 0x0001, 0x0063, 0x0063, 0x0063, 0x0063, 0x0063, 0x0063, 0x0043, 0x0063, 0x0043, 0x0043,
  0x0063, 0x0063, 0x0063, 0x0063, 0x0063, 0x0063, 0x0063, 0x0063, 0x0063, 0x0063, 0x0063, 0x0063,
  0x0063, 0x0063, 0x0063, 0x0063, 0x0063, 0x0063, 0x0063, 0x0063, 0x0063, 0x0063, 0x0063, 0x0063,
  0x0063, 0x0043, 0x0043, 0x0043, 0x0063, 0x0043, 0x0063, 0x0063, 0x0063, 0x0063, 0x0063, 0x0043,
  0x0063, 0x0063, 0x0043, 0x0063, 0x0063, 0x0043, 0x0043, 0x0043, 0x0043, 0x0043, 0x0063, 0x0043,
  0x0043, 0x0043, 0x0063, 0x0063, 0x0063, 0x0063, 0x0043, 0x0043, 0x0043, 0x0063, 0x0063, 0x0063,
  0x0001, 0x2188, 0x7CB5, 0x8D16, 0x6BF2, 0x10E6, 0x0064, 0x00C5, 0x00A5, 0x0044, 0x63B0, 0xBE7B,
  0xADF9, 0xBE7B, 0x7C53, 0x0064, 0x00C6, 0x00C6, 0x00A5, 0x0108, 0x018B, 0x0108, 0x016A, 0x0129,
  0x224D, 0xBE7A, 0xC67B, 0xBE7A, 0xDF5E, 0x94F5, 0x10E6, 0x00A6, 0x00E6, 0x0044, 0x634F, 0xDFBF,
  0xBFDF, 0xDF5D, 0x4AAD, 0x0065, 0x00E6, 0x0064, 0x42CD, 0xD6FC, 0xE75E, 0xD6FC, 0xDF3D, 0xE77E,
  0xF7BF, 0xEF9E, 0xF7DF, 0xF79E, 0x6390, 0x0065, 0x0085, 0x00E7, 0x00E7, 0x00E7, 0x00E6, 0x00C6,
  0x00E6, 0x0129, 0x018B, 0x01AD, 0x01AD, 0x01AD, 0x01AC, 0x018C, 0x018C, 0x018B, 0x018B, 0x016A,
  0x016A, 0x016A, 0x016B, 0x018B, 0x018B, 0x018B, 0x018B, 0x016B, 0x016A, 0x018B, 0x018B, 0x016B,
  0x0109, 0x014A, 0x63D2, 0xDF1D, 0xF7DF, 0xEF9E, 0xFFFF, 0xA577, 0x1128, 0x00A6, 0x0128, 0x00E8,
  0x0108, 0x00E7, 0x0107, 0x00C7, 0x0907, 0x7453, 0xCEDC, 0x6BF0, 0x0022, 0x0043, 0x0063, 0x0063,
  0x0063, 0x0063, 0x0043, 0x0063, 0x0063, 0x0043, 0x0063, 0x0063, 0x0063, 0x0063, 0x0063, 0x0043,
  0x0063, 0x0063, 0x0063, 0x0063, 0x0063, 0x0063, 0x0063, 0x0063, 0x0063, 0x0063, 0x0063, 0x0063,
  0x0063, 0x0063, 0x0043, 0x0063, 0x0063, 0x0043, 0x0063, 0x0063, 0x0063, 0x0043, 0x0043, 0x0063,
  0x0043, 0x0063, 0x0043, 0x0043, 0x0063, 0x0043, 0x0063, 0x0063, 0x0063, 0x0063, 0x0043, 0x0043,
  0x0063, 0x0043, 0x0043, 0x0063, 0x0063, 0x0063, 0x0063, 0x0063, 0x0063, 0x0063, 0x0063, 0x0063,
  0x0063, 0x0043, 0x0063, 0x0063, 0x0043, 0x0043, 0x0063, 0x0063, 0x0063, 0x0001, 0x29C8, 0x7CB5,
  0x84F6, 0x6C12, 0x1127, 0x0064, 0x00C6, 0x0064, 0x21A9, 0xB61A, 0xAE19, 0xB63A, 0x9D57, 0x08C6,
  0x00A5, 0x00C6, 0x00C6, 0x00C6, 0x014A, 0x0108, 0x0129, 0x016B, 0x010A, 0x5392, 0xCEBC, 0xBE3A,
  0xC69B, 0xD71D, 0x320A, 0x0085, 0x0064, 0x4A8C, 0xDF9E, 0xD7FF, 0xCEBB, 0x31EA, 0x0044, 0x00E7,
  0x00A5, 0x73F1, 0xEF9E, 0xE75D, 0xD6FC, 0xD71D, 0xD71D, 0xDF1D, 0xEF9E, 0xEFBF, 0xEFBF, 0xF7DF,
  0xFFFF, 0xA556, 0x21A9, 0x0065, 0x00A6, 0x00E7, 0x00E7, 0x00E6, 0x00C6, 0x00C6, 0x00C6, 0x0108,
  0x014A, 0x018B, 0x01AC, 0x01AC, 0x01AC, 0x01AC, 0x01AC, 0x01AC, 0x01AC, 0x018C, 0x018B, 0x018B,
  0x018B, 0x018B, 0x01AB, 0x01AB, 0x018B, 0x014A, 0x00E8, 0x0129, 0x4B0F, 0xBE3A, 0xFFFF, 0xF7BF,
  0xF7DF, 0xE77E, 0x6BD1, 0x00A6, 0x00C7, 0x0108, 0x00E7, 0x00E7, 0x00E7, 0x0108, 0x00A6, 0x1148,
  0x84D5, 0xCEDC, 0x7411, 0x0042, 0x0042, 0x0063, 0x0063, 0x0063, 0x0063, 0x0063, 0x0063, 0x0063,
  0x0043, 0x0043, 0x0043, 0x0063, 0x0063, 0x0063, 0x0063, 0x0063, 0x0063, 0x0063, 0x0063, 0x0063,
  0x0063, 0x0063, 0x0063, 0x0063, 0x0063, 0x0063, 0x0063, 0x0063, 0x0063, 0x0063, 0x0063, 0x0063,
  0x0043, 0x0063, 0x0063, 0x0063, 0x0043, 0x0063, 0x0063, 0x0043, 0x0043, 0x0063, 0x0063, 0x0063,
  0x0043, 0x0063, 0x0063, 0x0043, 0x0063, 0x0043, 0x0063, 0x0043, 0x0043, 0x0063, 0x0063, 0x0043,
  0x0063, 0x0043, 0x0063, 0x0063, 0x0063, 0x0063, 0x0063, 0x0063, 0x0063, 0x0063, 0x0063, 0x0063,
  0x0063, 0x0043, 0x0043, 0x0063, 0x0063, 0x0063, 0x0001, 0x29A8, 0x7CB5, 0x8D16, 0x7453, 0x1968,
  0x0064, 0x00A5, 0x0064, 0x7C53, 0xBE7B, 0xADF9, 0xB61A, 0x322B, 0x0065, 0x00C6, 0x00C6, 0x00A5,
  0x00E7, 0x0107, 0x00E7, 0x016B, 0x016B, 0x012A, 0x7474, 0xCEDC, 0xCEBC, 0x4AEE, 0x0085, 0x0085,
  0x2189, 0xD73D, 0xE7FF, 0xADB7, 0x1948, 0x0085, 0x00E6, 0x00C6, 0x01ED, 0x43D4, 0x8517, 0xBE7B,
  0xE77E, 0xE75D, 0xDF1D, 0xCEBC, 0xBE5B, 0xE75D, 0xEF9E, 0xEFBF, 0xEFBF, 0xFFFF, 0xE75D, 0x8453,
  0x2169, 0x0065, 0x0085, 0x00C6, 0x00E7, 0x00E7, 0x00E7, 0x00C6, 0x00C6, 0x00E7, 0x0108, 0x0149,
  0x014A, 0x016A, 0x018B, 0x018B, 0x018B, 0x018B, 0x018B, 0x018B, 0x018B, 0x016A, 0x0129, 0x00C8,
  0x0086, 0x1148, 0x5B70, 0xB619, 0xF7DF, 0xF7DF, 0xF7BF, 0xFFFF, 0xB5F8, 0x320B, 0x0086, 0x0107,
  0x0108, 0x00E7, 0x00E7, 0x0107, 0x0108, 0x00A6, 0x21EA, 0x9D57, 0xCEDC, 0x73F1, 0x0042, 0x0042,
  0x0063, 0x0043, 0x0063, 0x0043, 0x0063, 0x0063, 0x0063, 0x0063, 0x0043, 0x0063, 0x0063, 0x0063,
  0x0063, 0x0063, 0x0063, 0x0063, 0x0063, 0x0063, 0x0063, 0x0063, 0x0063, 0x0063, 0x0063, 0x0063,
  0x0063, 0x0063, 0x0063, 0x0063, 0x0063, 0x0063, 0x0063, 0x0063, 0x0043, 0x0063, 0x0043, 0x0063,
  0x0063, 0x0043, 0x0043, 0x0063, 0x0063, 0x0043, 0x0043, 0x0043, 0x0043, 0x0063, 0x0063, 0x0043,
  0x0063, 0x0043, 0x0043, 0x0043, 0x0063, 0x0043, 0x0063, 0x0063, 0x0063, 0x0063, 0x0063, 0x0043,
  0x0043, 0x0063, 0x0063, 0x0063, 0x0043, 0x0043, 0x0043, 0x0043, 0x0043, 0x0063, 0x0063, 0x0063,
  0x0063, 0x0063, 0x0063, 0x0002, 0x2988, 0x7C94, 0x8D36, 0x7C94, 0x29C9, 0x0064, 0x0064, 0x2188,
  0xADF9, 0xADF9, 0xBE5A, 0x7432, 0x0065, 0x00C6, 0x00C6, 0x00A6, 0x00C6, 0x00C7, 0x00C6, 0x0129,
  0x018B, 0x016B, 0x016B, 0x84F6, 0x7412, 0x0064, 0x0085, 0x10E6, 0xC65A, 0xF7FF, 0x8CD4, 0x08A6,
  0x0085, 0x00E7, 0x00E7, 0x01ED, 0x0250, 0x01EE, 0x01CE, 0x1290, 0x5C14, 0xA5D9, 0xD71D, 0xE77E,
  0xA5FA, 0x95B9, 0xDF1C, 0xE75D, 0xEF9E, 0xF7BF, 0xFFFF, 0xFFFF, 0xE73D, 0x8CB4, 0x322B, 0x00C6,
  0x0065, 0x0065, 0x00A6, 0x00E7, 0x00E7, 0x00E7, 0x00E7, 0x00E7, 0x00E7, 0x00E7, 0x0107, 0x0107,
  0x0107, 0x00E7, 0x00C6, 0x0085, 0x0065, 0x0065, 0x08E6, 0x3A2B, 0x8C73, 0xD6BB, 0xFFFF, 0xF7DF,
  0xF7DF, 0xFFFF, 0xD6FC, 0x6390, 0x00C7, 0x00A6, 0x0108, 0x0107, 0x00E7, 0x00E7, 0x0107, 0x00E7,
  0x00A6, 0x42CE, 0xADF9, 0xC69B, 0x63B0, 0x0022, 0x0042, 0x0063, 0x0063, 0x0043, 0x0043, 0x0063,
  0x0063, 0x0043, 0x0043, 0x0063, 0x0063, 0x0063, 0x0043, 0x0063, 0x0063, 0x0063, 0x0063, 0x0063,
  0x0063, 0x0063, 0x0063, 0x0063, 0x0063, 0x0063, 0x0063, 0x0063, 0x0063, 0x0063, 0x0063, 0x0063,
  0x0063, 0x0063, 0x0063, 0x0063, 0x0063, 0x0063, 0x0043, 0x0063, 0x0063, 0x0043, 0x0043, 0x0063,
  0x0063, 0x0043, 0x0043, 0x0063, 0x0063, 0x0063, 0x0063, 0x0063, 0x0043, 0x0063, 0x0043, 0x0063,
  0x0063, 0x0043, 0x0063, 0x0063, 0x0063, 0x0063, 0x0063, 0x0063, 0x0063, 0x0063, 0x0063, 0x0063,
  0x0063, 0x0043, 0x0063, 0x0043, 0x0063, 0x0043, 0x0063, 0x0063, 0x0043, 0x0043, 0x0063, 0x0063,
  0x0001, 0x2146, 0x7473, 0x8D36, 0x84B5, 0x3A4C, 0x0084, 0x0043, 0x52ED, 0xBE5A, 0xADF9, 0xB5F9,
  0x21C9, 0x0085, 0x00C6, 0x00A6, 0x00C6, 0x00C6, 0x00C6, 0x00C6, 0x014A, 0x018B, 0x016B, 0x0129,
  0x00C6, 0x00A6, 0x0085, 0xADD8, 0xFFFF, 0x6BD1, 0x0065, 0x00C6, 0x00E6, 0x00C6, 0x0107, 0x018B,
  0x022F, 0x0250, 0x022F, 0x020F, 0x01CE, 0x020F, 0x3332, 0x7CF7, 0xC69B, 0x7D18, 0x6CB6, 0xD6FC,
  0xE73D, 0xE75D, 0xEF9E, 0xF7BF, 0xFFFF, 0xFFFF, 0xF7BF, 0xBE39, 0x7C52, 0x42AD, 0x2189, 0x00C6,
  0x0085, 0x0065, 0x0065, 0x0065, 0x0065, 0x0064, 0x0044, 0x0044, 0x0064, 0x0085, 0x08E7, 0x29EA,
  0x532E, 0x8CB4, 0xCE7A, 0xF7BF, 0xFFFF, 0xF7DF, 0xF7DF, 0xFFFF, 0xDF1D, 0x7C53, 0x1149, 0x0086,
  0x00E7, 0x0108, 0x00E7, 0x00E7, 0x00E7, 0x0108, 0x00C6, 0x0907, 0x63D1, 0xBE5A, 0xBE7B, 0x5B2E,
  0x0002, 0x0043, 0x0063, 0x0043, 0x0043, 0x0043, 0x0043, 0x0063, 0x0063, 0x0043, 0x0043, 0x0063,
  0x0043, 0x0063, 0x0043, 0x0063, 0x0063, 0x0063, 0x0063, 0x0063, 0x0063, 0x0063, 0x0063, 0x0063,
  0x0063, 0x0063, 0x0063, 0x0063, 0x0063, 0x0063, 0x0063, 0x0063, 0x0063, 0x0063, 0x0063, 0x0043,
  0x0063, 0x0063, 0x0063, 0x0063, 0x0043, 0x0043, 0x0063, 0x0043, 0x0043, 0x0063, 0x0063, 0x0063,
  0x0043, 0x0043, 0x0043, 0x0063, 0x0043, 0x0043, 0x0063, 0x0063, 0x0043, 0x0063, 0x0063, 0x0063,
  0x0063, 0x0063, 0x0063, 0x0063, 0x0063, 0x0063, 0x0043, 0x0063, 0x0063, 0x0063, 0x0043, 0x0063,
  0x0043, 0x0063, 0x0063, 0x0063, 0x0063, 0x0063, 0x0043, 0x0043, 0x0063, 0x0001, 0x10E5, 0x63F1,
  0x8D16, 0x8CF6, 0x532F, 0x08C5, 0x0023, 0x7412, 0xBE5B, 0xB63A, 0x8494, 0x0085, 0x00C6, 0x00C6,
  0x00C6, 0x00C6, 0x00C6, 0x00A5, 0x00E7, 0x018B, 0x014A, 0x00A5, 0x00A5, 0x0044, 0x9515, 0xF7FF,
  0x4B0E, 0x0044, 0x00C6, 0x00C6, 0x00E7, 0x00E7, 0x00E7, 0x00E7, 0x0149, 0x01EE, 0x0250, 0x022F,
  0x022F, 0x022F, 0x01EF, 0x01EF, 0x1290, 0x3BB4, 0x0271, 0x3352, 0x9DB9, 0xD71C, 0xE75D, 0xE75D,
  0xEF7E, 0xEF9E, 0xF7DF, 0xFFFF, 0xFFFF, 0xFFDF, 0xDF1D, 0xC63A, 0xA577, 0x8CB4, 0x73F1, 0x6390,
  0x6390, 0x6390, 0x73D1, 0x8452, 0x9515, 0xB5D8, 0xCEBB, 0xE77E, 0xF7FF, 0xFFFF, 0xF7DF, 0xF7DF,
  0xFFFF, 0xF7FF, 0xCEBB, 0x7433, 0x19AA, 0x0086, 0x00C7, 0x0108, 0x00E7, 0x00E7, 0x00E7, 0x0107,
  0x00E7, 0x00A6, 0x21EA, 0x8CF5, 0xCEBC, 0xB5F9, 0x426B, 0x0001, 0x0063, 0x0063, 0x0063, 0x0043,
  0x0063, 0x0063, 0x0063, 0x0063, 0x0043, 0x0063, 0x0063, 0x0043, 0x0063, 0x0063, 0x0063, 0x0063,
  0x0063, 0x0063, 0x0063, 0x0063, 0x0063, 0x0063, 0x0063, 0x0063, 0x0063, 0x0063, 0x0063, 0x0063,
  0x0063, 0x0063, 0x0063, 0x0063, 0x0063, 0x0063, 0x0063, 0x0063, 0x0063, 0x0063, 0x0063, 0x0043,
  0x0043, 0x0063, 0x0043, 0x0063, 0x0063, 0x0063, 0x0063, 0x0043, 0x0043, 0x0063, 0x0043, 0x0043,
  0x0043, 0x0043, 0x0063, 0x0063, 0x0043, 0x0063, 0x0063, 0x0063, 0x0063, 0x0063, 0x0063, 0x0063,
  0x0063, 0x0063, 0x0063, 0x0063, 0x0063, 0x0063, 0x0063, 0x0063, 0x0043, 0x0063, 0x0063, 0x0063,
  0x0043, 0x0063, 0x0063, 0x0043, 0x0043, 0x0063, 0x0022, 0x0863, 0x532F, 0x8516, 0x8D16, 0x6BF2,
  0x1927, 0x0044, 0x8494, 0xBE5B, 0xB63A, 0x4AEE, 0x0044, 0x00E6, 0x00C6, 0x00C6, 0x00C6, 0x00C6,
  0x00A5, 0x00E7, 0x00E7, 0x00C6, 0x0023, 0x7C52, 0xDF5D, 0x320B, 0x0044, 0x00C6, 0x00E6, 0x0149,
  0x00C6, 0x00E7, 0x0107, 0x0107, 0x00E7, 0x0108, 0x01AC, 0x022F, 0x0250, 0x0230, 0x022F, 0x0250,
  0x020F, 0x020F, 0x0250, 0x020F, 0x022F, 0x43B3, 0x9599, 0xCEBC, 0xDF3D, 0xE75E, 0xEF7E, 0xEF7E,
  0xEF9E, 0xF7DF, 0xFFFF, 0xFFFF, 0xFFFF, 0xFFFF, 0xFFFF, 0xFFFF, 0xFFFF, 0xFFFF, 0xFFFF, 0xFFFF,
  0xFFFF, 0xFFFF, 0xFFFF, 0xF7DF, 0xF7DF, 0xFFDF, 0xF7DF, 0xDF3D, 0xA5B8, 0x5B4F, 0x0928, 0x0086,
  0x00C7, 0x0108, 0x0108, 0x00E7, 0x00E7, 0x0107, 0x0108, 0x00A6, 0x00C6, 0x532F, 0xB5F9, 0xCEDC,
  0x9D56, 0x2987, 0x0001, 0x0063, 0x0063, 0x0063, 0x0043, 0x0043, 0x0063, 0x0063, 0x0063, 0x0063,
  0x0043, 0x0063, 0x0063, 0x0043, 0x0063, 0x0043, 0x0063, 0x0063, 0x0063, 0x0063, 0x0043, 0x0063,
  0x0063, 0x0063, 0x0063, 0x0063, 0x0063, 0x0063, 0x0063, 0x0063, 0x0063, 0x0063, 0x0063, 0x0063,
  0x0063, 0x0063, 0x0063, 0x0063, 0x0063, 0x0043, 0x0043, 0x0063, 0x0063, 0x0043, 0x0063, 0x0043,
  0x0063, 0x0043, 0x0063, 0x0043, 0x0063, 0x0063, 0x0063, 0x0063, 0x0063, 0x0063, 0x0043, 0x0063,
  0x0063, 0x0063, 0x0063, 0x0063, 0x0063, 0x0063, 0x0063, 0x0063, 0x0063, 0x0043, 0x0063, 0x0063,
  0x0063, 0x0063, 0x0063, 0x0063, 0x0063, 0x0063, 0x0043, 0x0043, 0x0063, 0x0063, 0x0043, 0x0063,
  0x0063, 0x0043, 0x0063, 0x0042, 0x0022, 0x3A6B, 0x7CB5, 0x8D16, 0x7C74, 0x3A2B, 0x0885, 0x7432,
  0xBE9B, 0xADD9, 0x21C9, 0x0065, 0x00E6, 0x00C6, 0x00C6, 0x00C6, 0x00C6, 0x00A5, 0x00C6, 0x0024,
  0x5B6F, 0xBE5A, 0x1968, 0x0065, 0x00E6, 0x00E7, 0x01CD, 0x0271, 0x01EE, 0x0108, 0x00C6, 0x00E7,
  0x0108, 0x00E7, 0x00E7, 0x0129, 0x01AC, 0x022F, 0x0250, 0x0250, 0x0250, 0x0250, 0x0250, 0x0250,
  0x0250, 0x01EF, 0x022F, 0x2B12, 0x5C55, 0x9598, 0xBE7B, 0xD6FC, 0xE75D, 0xEF7E, 0xF7BE, 0xF7DF,
  0xF7DF, 0xF7DF, 0xF7DF, 0xFFDF, 0xFFFF, 0xFFFF, 0xFFFF, 0xFFFF, 0xFFFF, 0xFFFF, 0xF7DF, 0xE77E,
  0xC6BC, 0x9599, 0x53B2, 0x21EB, 0x00A7, 0x0086, 0x00E7, 0x0108, 0x0108, 0x00E7, 0x00E7, 0x00E7,
  0x0108, 0x00E7, 0x00A6, 0x21CA, 0x8494, 0xC67B, 0xC69B, 0x7C52, 0x10C4, 0x0001, 0x0063, 0x0043,
  0x0043, 0x0063, 0x0043, 0x0063, 0x0043, 0x0063, 0x0063, 0x0043, 0x0063, 0x0043, 0x0063, 0x0063,
  0x0043, 0x0063, 0x0063, 0x0063, 0x0063, 0x0063, 0x0043, 0x0063, 0x0063, 0x0063, 0x0063, 0x0063,
  0x0063, 0x0063, 0x0063, 0x0063, 0x0063, 0x0063, 0x0063, 0x0063, 0x0063, 0x0063, 0x0063, 0x0063,
  0x0063, 0x0063, 0x0063, 0x0043, 0x0043, 0x0063, 0x0063, 0x0043, 0x0043, 0x0063, 0x0063, 0x0063,
  0x0043, 0x0043, 0x0063, 0x0063, 0x0063, 0x0063, 0x0043, 0x0063, 0x0043, 0x0063, 0x0063, 0x0063,
  0x0063, 0x0063, 0x0063, 0x0063, 0x0063, 0x0063, 0x0043, 0x0043, 0x0063, 0x0063, 0x0043, 0x0063,
  0x0063, 0x0063, 0x0063, 0x0063, 0x0043, 0x0063, 0x0063, 0x0063, 0x0063, 0x0063, 0x0063, 0x0063,
  0x0063, 0x0001, 0x2147, 0x6C12, 0x8516, 0x8D16, 0x5B70, 0x1127, 0x6370, 0xBE7B, 0xA597, 0x1148,
  0x0065, 0x00E6, 0x00C6, 0x00C6, 0x00A6, 0x00C6, 0x0044, 0x428C, 0x8CF5, 0x08E7, 0x0065, 0x00E6,
  0x00E7, 0x01CD, 0x0230, 0x020F, 0x0292, 0x0291, 0x018B, 0x00C7, 0x00E7, 0x0108, 0x0108, 0x0107,
  0x0107, 0x0129, 0x01AC, 0x020F, 0x0250, 0x0250, 0x0250, 0x0250, 0x0250, 0x0250, 0x024F, 0x01EF,
  0x01EF, 0x020F, 0x1290, 0x3B73, 0x5C35, 0x74D6, 0x8D78, 0xA5F9, 0xB65B, 0xC69B, 0xCEBC, 0xCEDC,
  0xCEDC, 0xCEDC, 0xC69B, 0xAE3A, 0x9599, 0x7CF7, 0x53F4, 0x2AF1, 0x0A0E, 0x012A, 0x00A7, 0x00C7,
  0x0107, 0x0108, 0x0108, 0x0108, 0x00E7, 0x00E7, 0x0108, 0x0107, 0x00A6, 0x0907, 0x534F, 0xADD9,
  0xCEBC, 0xADF9, 0x52ED, 0x0022, 0x0022, 0x0063, 0x0063, 0x0043, 0x0063, 0x0043, 0x0063, 0x0063,
  0x0063, 0x0063, 0x0043, 0x0063, 0x0063, 0x0063, 0x0063, 0x0063, 0x0063, 0x0063, 0x0043, 0x0063,
  0x0063, 0x0043, 0x0063, 0x0063, 0x0063, 0x0063, 0x0063, 0x0063, 0x0063, 0x0063, 0x0063, 0x0063,
  0x0063, 0x0063, 0x0063, 0x0063, 0x0063, 0x0063, 0x0043, 0x0063, 0x0043, 0x0063, 0x0043, 0x0043,
  0x0063, 0x0063, 0x0063, 0x0063, 0x0063, 0x0063, 0x0063, 0x0063, 0x0063, 0x0063, 0x0063, 0x0063,
  0x0063, 0x0063, 0x0063, 0x0063, 0x0063, 0x0063, 0x0063, 0x0063, 0x0063, 0x0063, 0x0063, 0x0043,
  0x0043, 0x0043, 0x0063, 0x0063, 0x0063, 0x0063, 0x0063, 0x0063, 0x0063, 0x0063, 0x0043, 0x0043,
  0x0063, 0x0063, 0x0063, 0x0063, 0x0043, 0x0063, 0x0063, 0x0063, 0x0063, 0x0063, 0x0022, 0x0883,
  0x4AED, 0x84D5, 0x8D37, 0x7474, 0x322B, 0x4AAD, 0xADF9, 0xA598, 0x1947, 0x0065, 0x00E6, 0x00C6,
  0x00C6, 0x0085, 0x19A9, 0x5B6F, 0x08C6, 0x0085, 0x00E6, 0x00A5, 0x014A, 0x01CD, 0x01CD, 0x01EE,
  0x020E, 0x0271, 0x02F3, 0x0250, 0x0149, 0x00E7, 0x00E7, 0x0108, 0x0108, 0x0108, 0x0107, 0x0128,
  0x016B, 0x01CD, 0x022F, 0x0250, 0x0250, 0x0250, 0x0250, 0x0250, 0x022F, 0x022F, 0x020F, 0x01EF,
  0x01EF, 0x01EF, 0x020F, 0x0230, 0x0A70, 0x1290, 0x1290, 0x1290, 0x1290, 0x1270, 0x0A70, 0x0230,
  0x01EF, 0x01AE, 0x014B, 0x0109, 0x00E7, 0x0107, 0x0108, 0x0108, 0x0108, 0x0108, 0x0108, 0x00E7,
  0x0107, 0x0107, 0x00C6, 0x00A6, 0x3A6C, 0x8D16, 0xC69B, 0xC69B, 0x8CB4, 0x2167, 0x0001, 0x0063,
  0x0063, 0x0043, 0x0043, 0x0063, 0x0063, 0x0063, 0x0043, 0x0063, 0x0063, 0x0063, 0x0063, 0x0063,
  0x0043, 0x0063, 0x0043, 0x0063, 0x0063, 0x0063, 0x0063, 0x0063, 0x0063, 0x0063, 0x0063, 0x0063,
  0x0063, 0x0063, 0x0063, 0x0063, 0x0063, 0x0063, 0x0063, 0x0063, 0x0063, 0x0063, 0x0063, 0x0063,
  0x0043, 0x0063, 0x0063, 0x0063, 0x0063, 0x0063, 0x0063, 0x0063, 0x0063, 0x0063, 0x0063, 0x0063,
  0x0063, 0x0063, 0x0063, 0x0063, 0x0063, 0x0063, 0x0063, 0x0063, 0x0063, 0x0063, 0x0063, 0x0043,
  0x0063, 0x0043, 0x0063, 0x0063, 0x0063, 0x0063, 0x0063, 0x0043, 0x0063, 0x0043, 0x0063, 0x0063,
  0x0063, 0x0043, 0x0063, 0x0063, 0x0063, 0x0063, 0x0063, 0x0063, 0x0063, 0x0043, 0x0063, 0x0063,
  0x0063, 0x0043, 0x0043, 0x0063, 0x0063, 0x0063, 0x0063, 0x0042, 0x0002, 0x29C8, 0x6C12, 0x8516,
  0x84F6, 0x534F, 0x428C, 0x9515, 0xA597, 0x21A9, 0x0044, 0x00C6, 0x00C6, 0x00E7, 0x19EB, 0x00A6,
  0x00A5, 0x00C6, 0x00C6, 0x00A6, 0x00C6, 0x0149, 0x01CD, 0x01EE, 0x01ED, 0x01CD, 0x022F, 0x02D3,
  0x02F3, 0x022F, 0x014A, 0x00E7, 0x00E7, 0x0108, 0x0128, 0x0108, 0x0108, 0x0108, 0x0129, 0x016A,
  0x01CC, 0x020E, 0x022F, 0x022F, 0x0230, 0x0230, 0x0250, 0x0250, 0x0250, 0x0250, 0x0250, 0x0250,
  0x0230, 0x0230, 0x0230, 0x0230, 0x020F, 0x020F, 0x01EE, 0x01AC, 0x016A, 0x0129, 0x0108, 0x00E7,
  0x00E7, 0x0107, 0x0108, 0x0108, 0x0108, 0x0108, 0x0107, 0x0108, 0x00C6, 0x00A6, 0x21EA, 0x7C74,
  0xBE5A, 0xC6BC, 0xADD8, 0x52ED, 0x0042, 0x0002, 0x0063, 0x0063, 0x0063, 0x0043, 0x0043, 0x0063,
  0x0063, 0x0063, 0x0043, 0x0043, 0x0063, 0x0063, 0x0063, 0x0043, 0x0063, 0x0063, 0x0063, 0x0063,
  0x0063, 0x0063, 0x0063, 0x0063, 0x0063, 0x0063, 0x0063, 0x0063, 0x0063, 0x0063, 0x0063, 0x0063,
  0x0063, 0x0063, 0x0043, 0x0063, 0x0063, 0x0063, 0x0063, 0x0063, 0x0043, 0x0063, 0x0043, 0x0063,
  0x0063, 0x0043, 0x0043, 0x0063, 0x0063, 0x0063, 0x0063, 0x0043, 0x0043, 0x0043, 0x0063, 0x0063,
  0x0063, 0x0063, 0x0063, 0x0063, 0x0063, 0x0063, 0x0043, 0x0063, 0x0063, 0x0063, 0x0043, 0x0063,
  0x0063, 0x0043, 0x0063, 0x0063, 0x0063, 0x0063, 0x0043, 0x0043, 0x0063, 0x0063, 0x0063, 0x0063,
  0x0063, 0x0063, 0x0063, 0x0043, 0x0043, 0x0043, 0x0063, 0x0063, 0x0063, 0x0063, 0x0063, 0x0063,
  0x0063, 0x0063, 0x0063, 0x0063, 0x0063, 0x0002, 0x08A4, 0x42AD, 0x7CB4, 0x8D16, 0x7473, 0x4B0E,
  0x7412, 0x9D56, 0x4ACD, 0x0064, 0x00A6, 0x0107, 0x00A6, 0x00C6, 0x00C6, 0x00C6, 0x00C6, 0x00C6,
  0x00C6, 0x00A5, 0x0108, 0x01AC, 0x01ED, 0x01CD, 0x01CD, 0x01EE, 0x0271, 0x02F3, 0x02D3, 0x0250,
  0x01AB, 0x0108, 0x00E7, 0x0108, 0x0108, 0x0128, 0x0128, 0x0108, 0x0108, 0x0129, 0x0149, 0x016A,
  0x018B, 0x01AC, 0x01CD, 0x01ED, 0x020E, 0x020F, 0x020F, 0x020F, 0x020E, 0x01EE, 0x01CC, 0x018B,
  0x016A, 0x0149, 0x0108, 0x0108, 0x0108, 0x0107, 0x0107, 0x0108, 0x0108, 0x0129, 0x0129, 0x0108,
  0x0107, 0x0107, 0x00C6, 0x00A6, 0x1989, 0x6BF2, 0xB619, 0xCEDC, 0xBE5A, 0x73F1, 0x1905, 0x0001,
  0x0043, 0x0063, 0x0063, 0x0043, 0x0063, 0x0063, 0x0063, 0x0063, 0x0063, 0x0043, 0x0063, 0x0063,
  0x0063, 0x0063, 0x0063, 0x0063, 0x0063, 0x0043, 0x0063, 0x0063, 0x0063, 0x0063, 0x0043, 0x0063,
  0x0063, 0x0063, 0x0063, 0x0063, 0x0063, 0x0063, 0x0063, 0x0063, 0x0063, 0x0043, 0x0063, 0x0063,
  0x0063, 0x0063, 0x0063, 0x0063, 0x0063, 0x0063, 0x0063, 0x0043, 0x0063, 0x0063, 0x0043, 0x0063,
  0x0063, 0x0063, 0x0063, 0x0043, 0x0063, 0x0063, 0x0063, 0x0063, 0x0063, 0x0063, 0x0063, 0x0063,
  0x0063, 0x0063, 0x0063, 0x0043, 0x0043, 0x0063, 0x0043, 0x0063, 0x0063, 0x0063, 0x0063, 0x0043,
  0x0063, 0x0063, 0x0063, 0x0043, 0x0043, 0x0063, 0x0043, 0x0043, 0x0063, 0x0043, 0x0063, 0x0063,
  0x0063, 0x0063, 0x0043, 0x0063, 0x0063, 0x0063, 0x0063, 0x0063, 0x0063, 0x0063, 0x0063, 0x0063,
  0x0063, 0x0063, 0x0042, 0x0001, 0x1947, 0x5B90, 0x84F5, 0x84F6, 0x6C12, 0x6BF1, 0x9536, 0x6BB1,
  0x1107, 0x0065, 0x00C6, 0x00C6, 0x00C6, 0x00C6, 0x00C6, 0x00C6, 0x00C6, 0x00C6, 0x00A5, 0x00C6,
  0x016A, 0x01CD, 0x01EE, 0x01CD, 0x01CD, 0x022F, 0x02B2, 0x0314, 0x0314, 0x02B2, 0x022E, 0x018B,
  0x0129, 0x0108, 0x0108, 0x0108, 0x0128, 0x0128, 0x0128, 0x0128, 0x0128, 0x0108, 0x0108, 0x0128,
  0x0129, 0x0129, 0x0129, 0x0129, 0x0128, 0x0108, 0x0108, 0x0108, 0x0108, 0x0108, 0x0108, 0x0108,
  0x00E7, 0x0108, 0x0129, 0x014A, 0x0129, 0x0108, 0x0107, 0x0107, 0x00A6, 0x00A6, 0x1989, 0x63D1,
  0xADD8, 0xCEDC, 0xC69B, 0x8CD4, 0x31E9, 0x0001, 0x0022, 0x0063, 0x0063, 0x0063, 0x0063, 0x0063,
  0x0063, 0x0063, 0x0063, 0x0043, 0x0063, 0x0063, 0x0063, 0x0063, 0x0063, 0x0063, 0x0063, 0x0043,
  0x0063, 0x0063, 0x0043, 0x0063, 0x0063, 0x0063, 0x0063, 0x0063, 0x0063, 0x0063, 0x0063, 0x0063,
  0x0063, 0x0063, 0x0043, 0x0063, 0x0063, 0x0043, 0x0063, 0x0063, 0x0063, 0x0063, 0x0063, 0x0063,
  0x0063, 0x0063, 0x0063, 0x0063, 0x0063, 0x0063, 0x0043, 0x0043, 0x0063, 0x0063, 0x0043, 0x0063,
  0x0043, 0x0063, 0x0043, 0x0043, 0x0063, 0x0043, 0x0063, 0x0063, 0x0063, 0x0043, 0x0063, 0x0063,
  0x0063, 0x0043, 0x0063, 0x0063, 0x0063, 0x0063, 0x0063, 0x0063, 0x0063, 0x0063, 0x0063, 0x0063,
  0x0043, 0x0063, 0x0043, 0x0063, 0x0043, 0x0043, 0x0063, 0x0063, 0x0063, 0x0063, 0x0043, 0x0063,
  0x0043, 0x0063, 0x0063, 0x0063, 0x0063, 0x0063, 0x0063, 0x0063, 0x0063, 0x0063, 0x0063, 0x0063,
  0x0022, 0x0042, 0x29E9, 0x6BF2, 0x8D16, 0x7CB5, 0x6C12, 0x8CF5, 0x8CF5, 0x3A4B, 0x0085, 0x00A5,
  0x00C6, 0x00C6, 0x00C6, 0x00C6, 0x00C6, 0x00C6, 0x00C6, 0x00C6, 0x00C6, 0x0107, 0x016A, 0x01CD,
  0x01EE, 0x01CE, 0x01EE, 0x022F, 0x0291, 0x02F3, 0x0314, 0x0314, 0x02B2, 0x024F, 0x020D, 0x01AB,
  0x016A, 0x0149, 0x0128, 0x0108, 0x0108, 0x0128, 0x0108, 0x0108, 0x0108, 0x0108, 0x0108, 0x0108,
  0x0108, 0x0108, 0x0108, 0x0108, 0x00E7, 0x0108, 0x0128, 0x0149, 0x018B, 0x01AC, 0x016A, 0x0108,
  0x0107, 0x00E7, 0x00A6, 0x00A6, 0x29EB, 0x6BF1, 0xADD8, 0xC6BB, 0xC69B, 0x9536, 0x4A8B, 0x0043,
  0x0001, 0x0063, 0x0063, 0x0043, 0x0063, 0x0063, 0x0063, 0x0043, 0x0063, 0x0063, 0x0063, 0x0043,
  0x0043, 0x0063, 0x0063, 0x0063, 0x0063, 0x0063, 0x0063, 0x0063, 0x0063, 0x0063, 0x0063, 0x0063,
  0x0063, 0x0063, 0x0063, 0x0063, 0x0063, 0x0063, 0x0063, 0x0063, 0x0063, 0x0063, 0x0063, 0x0063,
  0x0063, 0x0063, 0x0063, 0x0063, 0x0063, 0x0063, 0x0043, 0x0063, 0x0063, 0x0063, 0x0043, 0x0063,
  0x0063, 0x0043, 0x0043, 0x0043, 0x0043, 0x0063, 0x0043, 0x0043, 0x0063, 0x0063, 0x0063, 0x0063,
  0x0063, 0x0063, 0x0043, 0x0063, 0x0063, 0x0063, 0x0063, 0x0043, 0x0063, 0x0063, 0x0063, 0x0043,
  0x0063, 0x0043, 0x0063, 0x0043, 0x0063, 0x0063, 0x0063, 0x0063, 0x0063, 0x0043, 0x0063, 0x0063,
  0x0063, 0x0063, 0x0043, 0x0043, 0x0043, 0x0043, 0x0063, 0x0063, 0x0063, 0x0063, 0x0063, 0x0043,
  0x0063, 0x0063, 0x0063, 0x0063, 0x0063, 0x0043, 0x0063, 0x0063, 0x0063, 0x0043, 0x0002, 0x0863,
  0x3A2A, 0x6C12, 0x84F6, 0x7C94, 0x7C94, 0x9556, 0x7412, 0x2189, 0x0065, 0x00A5, 0x00E6, 0x00C6,
  0x00C6, 0x00C6, 0x00C6, 0x00C6, 0x00C6, 0x00C6, 0x00A6, 0x00E7, 0x016A, 0x01CD, 0x01EE, 0x01CE,
  0x01CD, 0x01EE, 0x022F, 0x0291, 0x02D3, 0x02F3, 0x02F3, 0x02D2, 0x02B1, 0x0270, 0x024F, 0x020E,
  0x01CC, 0x018B, 0x016B, 0x016A, 0x014A, 0x014A, 0x0149, 0x0149, 0x014A, 0x014A, 0x016A, 0x018B,
  0x01CD, 0x01EE, 0x020F, 0x01ED, 0x016B, 0x0108, 0x00E7, 0x00C6, 0x0085, 0x00E7, 0x322B, 0x7C53,
  0xB619, 0xCEDC, 0xC67B, 0x9D56, 0x4AAC, 0x0883, 0x0001, 0x0043, 0x0063, 0x0043, 0x0063, 0x0063,
  0x0063, 0x0063, 0x0063, 0x0063, 0x0063, 0x0063, 0x0043, 0x0063, 0x0063, 0x0043, 0x0063, 0x0063,
  0x0043, 0x0043, 0x0063, 0x0063, 0x0063, 0x0063, 0x0063, 0x0063, 0x0063, 0x0063, 0x0063, 0x0063,
  0x0063, 0x0063, 0x0063, 0x0063, 0x0063, 0x0063, 0x0063, 0x0063, 0x0063, 0x0043, 0x0063, 0x0063,
  0x0063, 0x0063, 0x0063, 0x0043, 0x0063, 0x0063, 0x0063, 0x0063, 0x0043, 0x0063, 0x0063, 0x0043,
  0x0063, 0x0043, 0x0043, 0x0063, 0x0063, 0x0063, 0x0063, 0x0063, 0x0063, 0x0063, 0x0063, 0x0043,
  0x0063, 0x0063, 0x0063, 0x0063, 0x0043, 0x0063, 0x0063, 0x0043, 0x0063, 0x0063, 0x0063, 0x0043,
  0x0063, 0x0063, 0x0063, 0x0063, 0x0063, 0x0063, 0x0063, 0x0063, 0x0043, 0x0063, 0x0063, 0x0063,
  0x0063, 0x0063, 0x0063, 0x0063, 0x0063, 0x0063, 0x0043, 0x0063, 0x0063, 0x0063, 0x0063, 0x0063,
  0x0063, 0x0063, 0x0063, 0x0063, 0x0063, 0x0063, 0x0063, 0x0043, 0x0001, 0x0884, 0x3A4B, 0x6C12,
  0x84B5, 0x7CB4, 0x84F5, 0x8CD5, 0x532F, 0x1948, 0x0065, 0x00A5, 0x00C6, 0x00C6, 0x00C6, 0x00C6,
  0x00C6, 0x00C6, 0x00C6, 0x00C6, 0x00C6, 0x00E7, 0x0129, 0x018B, 0x01AD, 0x01CD, 0x01CD, 0x01CD,
  0x01EE, 0x022F, 0x0250, 0x0271, 0x0271, 0x0271, 0x0291, 0x0291, 0x0271, 0x0271, 0x0251, 0x0250,
  0x0250, 0x0250, 0x0250, 0x0250, 0x0271, 0x0271, 0x0271, 0x0250, 0x01EE, 0x01AC, 0x0129, 0x00E7,
  0x00E7, 0x00A5, 0x0085, 0x1148, 0x42CE, 0x8CD5, 0xBE5A, 0xC6BC, 0xBE7B, 0x9536, 0x4ACC, 0x0884,
  0x0001, 0x0043, 0x0063, 0x0063, 0x0063, 0x0043, 0x0043, 0x0063, 0x0063, 0x0063, 0x0063, 0x0043,
  0x0043, 0x0043, 0x0043, 0x0043, 0x0043, 0x0043, 0x0063, 0x0063, 0x0063, 0x0063, 0x0043, 0x0063,
  0x0063, 0x0063, 0x0063, 0x0063, 0x0063, 0x0063, 0x0063, 0x0063, 0x0063, 0x0063, 0x0063, 0x0063,
  0x0063, 0x0063, 0x0063, 0x0063, 0x0063, 0x0063, 0x0043, 0x0063, 0x0063, 0x0063, 0x0043, 0x0043,
  0x0043, 0x0063, 0x0063, 0x0063, 0x0043, 0x0063, 0x0063, 0x0063, 0x0063, 0x0063, 0x0063, 0x0043,
  0x0063, 0x0063, 0x0063, 0x0063, 0x0063, 0x0063, 0x0063, 0x0063, 0x0063, 0x0063, 0x0063, 0x0063,
  0x0043, 0x0063, 0x0043, 0x0063, 0x0043, 0x0063, 0x0063, 0x0063, 0x0063, 0x0063, 0x0063, 0x0063,
  0x0063, 0x0063, 0x0063, 0x0043, 0x0063, 0x0043, 0x0063, 0x0043, 0x0063, 0x0063, 0x0063, 0x0043,
  0x0063, 0x0063, 0x0063, 0x0063, 0x0063, 0x0063, 0x0063, 0x0063, 0x0063, 0x0063, 0x0063, 0x0063,
  0x0063, 0x0063, 0x0063, 0x0063, 0x0063, 0x0042, 0x0001, 0x08A4, 0x3A2A, 0x6BF1, 0x7CB5, 0x84D5,
  0x8D16, 0x7C94, 0x530E, 0x1968, 0x0085, 0x0085, 0x00C6, 0x00C6, 0x00C6, 0x00C6, 0x00C6, 0x00C6,
  0x00C6, 0x00C6, 0x00A5, 0x00C6, 0x00E7, 0x0129, 0x016A, 0x01AC, 0x01AD, 0x01CD, 0x01EE, 0x020F,
  0x022F, 0x022F, 0x022F, 0x022F, 0x0250, 0x0250, 0x0251, 0x0271, 0x0251, 0x0250, 0x0250, 0x022F,
  0x01EE, 0x01AC, 0x014A, 0x0108, 0x00E7, 0x00C6, 0x00A6, 0x0085, 0x00A6, 0x21CA, 0x63B1, 0x9D77,
  0xC69B, 0xCEDC, 0xB63A, 0x8CD4, 0x426B, 0x0883, 0x0001, 0x0042, 0x0063, 0x0063, 0x0063, 0x0063,
  0x0063, 0x0063, 0x0063, 0x0063, 0x0063, 0x0063, 0x0063, 0x0063, 0x0063, 0x0043, 0x0043, 0x0063,
  0x0063, 0x0063, 0x0063, 0x0063, 0x0063, 0x0063, 0x0063, 0x0063, 0x0063, 0x0063, 0x0063, 0x0063,
  0x0063, 0x0063, 0x0063, 0x0063, 0x0063, 0x0043, 0x0063, 0x0063, 0x0063, 0x0063, 0x0063, 0x0063,
  0x0063, 0x0063, 0x0063, 0x0063, 0x0063, 0x0063, 0x0063, 0x0043, 0x0063, 0x0063, 0x0063, 0x0063,
  0x0063, 0x0043, 0x0063, 0x0043, 0x0043, 0x0063, 0x0043, 0x0063, 0x0063, 0x0063, 0x0043, 0x0043,
  0x0063, 0x0063, 0x0063, 0x0063, 0x0063, 0x0063, 0x0063, 0x0063, 0x0063, 0x0063, 0x0043, 0x0063,
  0x0043, 0x0063, 0x0063, 0x0063, 0x0063, 0x0063, 0x0063, 0x0063, 0x0063, 0x0043, 0x0043, 0x0063,
  0x0063, 0x0043, 0x0063, 0x0043, 0x0063, 0x0063, 0x0043, 0x0043, 0x0063, 0x0043, 0x0043, 0x0063,
  0x0063, 0x0063, 0x0063, 0x0063, 0x0063, 0x0063, 0x0063, 0x0063, 0x0063, 0x0063, 0x0063, 0x0063,
  0x0063, 0x0063, 0x0063, 0x0042, 0x0001, 0x0063, 0x31E9, 0x63B0, 0x7CB5, 0x8516, 0x8D16, 0x84B5,
  0x5B70, 0x29EA, 0x00C6, 0x0085, 0x00A6, 0x00C6, 0x00E6, 0x00C6, 0x00C6, 0x00C6, 0x00C6, 0x00C6,
  0x00C6, 0x00A6, 0x00A6, 0x00C6, 0x00E7, 0x0108, 0x0149, 0x016A, 0x016B, 0x016B, 0x018B, 0x018B,
  0x018C, 0x01AC, 0x01AC, 0x01AC, 0x018B, 0x014A, 0x0129, 0x00E7, 0x00C6, 0x00C6, 0x00E6, 0x00C7,
  0x00A6, 0x0085, 0x1148, 0x42CD, 0x8494, 0xB619, 0xC69B, 0xC6BC, 0xADF9, 0x7C32, 0x31E9, 0x0042,
  0x0001, 0x0042, 0x0063, 0x0063, 0x0063, 0x0063, 0x0063, 0x0063, 0x0063, 0x0063, 0x0063, 0x0063,
  0x0063, 0x0063, 0x0063, 0x0063, 0x0063, 0x0063, 0x0063, 0x0043, 0x0063, 0x0063, 0x0063, 0x0063,
  0x0063, 0x0063, 0x0063, 0x0063, 0x0063, 0x0063, 0x0063, 0x0063, 0x0063, 0x0063, 0x0063, 0x0063,
  0x0063, 0x0063, 0x0063, 0x0063, 0x0063, 0x0063, 0x0063, 0x0063, 0x0063, 0x0063, 0x0063, 0x0063,
  0x0043, 0x0063, 0x0063, 0x0063, 0x0063, 0x0063, 0x0063, 0x0063, 0x0063, 0x0063, 0x0063, 0x0043,
  0x0043, 0x0063, 0x0063, 0x0043, 0x0043, 0x0063, 0x0063, 0x0063, 0x0043, 0x0063, 0x0063, 0x0063,
  0x0063, 0x0063, 0x0063, 0x0063, 0x0063, 0x0043, 0x0063, 0x0043, 0x0063, 0x0063, 0x0063, 0x0043,
  0x0043, 0x0063, 0x0063, 0x0063, 0x0063, 0x0063, 0x0063, 0x0063, 0x0043, 0x0043, 0x0063, 0x0063,
  0x0043, 0x0063, 0x0063, 0x0063, 0x0063, 0x0063, 0x0063, 0x0063, 0x0063, 0x0063, 0x0063, 0x0063,
  0x0063, 0x0063, 0x0063, 0x0063, 0x0043, 0x0043, 0x0063, 0x0063, 0x0063, 0x0063, 0x0043, 0x0063,
  0x0063, 0x0043, 0x0002, 0x0042, 0x2167, 0x5B4F, 0x7C94, 0x84F6, 0x8D16, 0x84D5, 0x6BF2, 0x428D,
  0x1148, 0x0085, 0x0085, 0x00A6, 0x00E6, 0x00C6, 0x00C6, 0x00C6, 0x00C6, 0x00C6, 0x00C6, 0x00C6,
  0x00C6, 0x00C6, 0x00C6, 0x00C6, 0x00C6, 0x00C6, 0x00C6, 0x00E7, 0x00E6, 0x00C6, 0x00C6, 0x00C6,
  0x00C6, 0x00C6, 0x00E7, 0x00E7, 0x00E7, 0x00A6, 0x0085, 0x0107, 0x322B, 0x6BF2, 0x9D77, 0xC67B,
  0xCEDC, 0xBE7B, 0x9D77, 0x5B4E, 0x2146, 0x0022, 0x0001, 0x0063, 0x0063, 0x0063, 0x0063, 0x0063,
  0x0063, 0x0063, 0x0063, 0x0063, 0x0063, 0x0063, 0x0063, 0x0063, 0x0063, 0x0063, 0x0043, 0x0063,
  0x0063, 0x0063, 0x0043, 0x0063, 0x0063, 0x0063, 0x0063, 0x0063, 0x0063, 0x0063, 0x0063, 0x0063,
  0x0063, 0x0063, 0x0063, 0x0063, 0x0063, 0x0043, 0x0063, 0x0063, 0x0063, 0x0063, 0x0063, 0x0063,
  0x0063, 0x0063, 0x0063, 0x0063, 0x0063, 0x0063, 0x0063, 0x0063, 0x0063, 0x0063, 0x0063, 0x0043,
  0x0063, 0x0063, 0x0063, 0x0063, 0x0063, 0x0063, 0x0043, 0x0063, 0x0063, 0x0063, 0x0063, 0x0063,
  0x0063, 0x0063, 0x0063, 0x0043, 0x0063, 0x0063, 0x0063, 0x0063, 0x0063, 0x0063, 0x0063, 0x0063,
  0x0063, 0x0063, 0x0063, 0x0063, 0x0063, 0x0063, 0x0063, 0x0063, 0x0063, 0x0063, 0x0063, 0x0063,
  0x0063, 0x0043, 0x0063, 0x0063, 0x0043, 0x0063, 0x0063, 0x0063, 0x0063, 0x0063, 0x0063, 0x0063,
  0x0063, 0x0063, 0x0063, 0x0063, 0x0063, 0x0063, 0x0063, 0x0063, 0x0063, 0x0063, 0x0063, 0x0063,
  0x0063, 0x0063, 0x0063, 0x0063, 0x0063, 0x0063, 0x0063, 0x0063, 0x0063, 0x0063, 0x0063, 0x0043,
  0x0022, 0x0022, 0x1105, 0x42AC, 0x6C12, 0x84F6, 0x8D37, 0x8D16, 0x7C94, 0x5B70, 0x29EA, 0x08C6,
  0x0065, 0x00A6, 0x00C6, 0x00C6, 0x00C6, 0x00C6, 0x00C6, 0x00C6, 0x00C6, 0x00C6, 0x00C6, 0x00C6,
  0x00E7, 0x00C6, 0x00C6, 0x00E7, 0x00E7, 0x00E7, 0x00E7, 0x00E6, 0x00E7, 0x0107, 0x00C7, 0x0085,
  0x00C6, 0x21CA, 0x5B70, 0x9536, 0xB63A, 0xC69B, 0xC6BC, 0xADF9, 0x8473, 0x426B, 0x08A4, 0x0001,
  0x0022, 0x0063, 0x0063, 0x0043, 0x0043, 0x0063, 0x0063, 0x0063, 0x0063, 0x0063, 0x0063, 0x0063,
  0x0063, 0x0063, 0x0063, 0x0063, 0x0063, 0x0063, 0x0063, 0x0063, 0x0063, 0x0063, 0x0063, 0x0063,
  0x0063, 0x0063, 0x0063, 0x0063, 0x0063, 0x0063, 0x0063, 0x0063, 0x0063, 0x0063, 0x0063, 0x0063,
  0x0063, 0x0063, 0x0063, 0x0063, 0x0063, 0x0063, 0x0063, 0x0063, 0x0063, 0x0063, 0x0063, 0x0063,
  0x0063, 0x0063, 0x0063, 0x0063, 0x0063, 0x0063, 0x0063, 0x0063, 0x0043, 0x0063, 0x0063, 0x0063,
  0x0063, 0x0063, 0x0063, 0x0063, 0x0063, 0x0063, 0x0043, 0x0063, 0x0063, 0x0043, 0x0043, 0x0043,
  0x0063, 0x0063, 0x0063, 0x0063, 0x0063, 0x0063, 0x0063, 0x0063, 0x0063, 0x0063, 0x0063, 0x0063,
  0x0063, 0x0063, 0x0063, 0x0063, 0x0063, 0x0043, 0x0063, 0x0063, 0x0063, 0x0063, 0x0063, 0x0063,
  0x0043, 0x0063, 0x0043, 0x0063, 0x0063, 0x0043, 0x0063, 0x0063, 0x0063, 0x0063, 0x0043, 0x0063,
  0x0063, 0x0063, 0x0063, 0x0063, 0x0063, 0x0063, 0x0063, 0x0063, 0x0063, 0x0063, 0x0063, 0x0063,
  0x0063, 0x0063, 0x0063, 0x0063, 0x0063, 0x0063, 0x0063, 0x0063, 0x0063, 0x0063, 0x0022, 0x0001,
  0x0883, 0x31E9, 0x6390, 0x84D5, 0x8D37, 0x9537, 0x8CF6, 0x7433, 0x42CD, 0x1148, 0x0085, 0x0085,
  0x00C6, 0x00C6, 0x00C6, 0x00C6, 0x00C6, 0x00C6, 0x00C6, 0x00C6, 0x00E7, 0x00E6, 0x00E6, 0x00E7,
  0x00E6, 0x00E6, 0x00E7, 0x00E7, 0x00A6, 0x0085, 0x0928, 0x4ACE, 0x84B4, 0xADF9, 0xC69B, 0xC69B,
  0xBE5A, 0x9D36, 0x5B4E, 0x2167, 0x0022, 0x0001, 0x0043, 0x0063, 0x0063, 0x0063, 0x0063, 0x0043,
  0x0063, 0x0063, 0x0063, 0x0063, 0x0063, 0x0063, 0x0063, 0x0063, 0x0063, 0x0063, 0x0063, 0x0063,
  0x0063, 0x0063, 0x0063, 0x0063, 0x0063, 0x0063, 0x0063, 0x0063, 0x0063, 0x0063, 0x0063, 0x0063,
  0x0063, 0x0063, 0x0063, 0x0063, 0x0063, 0x0063, 0x0063, 0x0043, 0x0063, 0x0063, 0x0063, 0x0063,
  0x0063, 0x0063, 0x0063, 0x0063, 0x0063, 0x0063, 0x0063, 0x0063, 0x0063, 0x0063, 0x0063, 0x0063,
  0x0063, 0x0063, 0x0043, 0x0063, 0x0063, 0x0063, 0x0063, 0x0063, 0x0063, 0x0063, 0x0063, 0x0063,
  0x0043, 0x0063, 0x0043, 0x0063, 0x0063, 0x0043, 0x0063, 0x0063, 0x0043, 0x0063, 0x0063, 0x0063,
  0x0063, 0x0063, 0x0063, 0x0043, 0x0063, 0x0063, 0x0063, 0x0063, 0x0063, 0x0063, 0x0063, 0x0063,
  0x0063, 0x0063, 0x0063, 0x0043, 0x0063, 0x0063, 0x0063, 0x0063, 0x0043, 0x0063, 0x0063, 0x0063,
  0x0063, 0x0063, 0x0063, 0x0063, 0x0063, 0x0063, 0x0063, 0x0063, 0x0043, 0x0063, 0x0063, 0x0043,
  0x0063, 0x0063, 0x0043, 0x0043, 0x0043, 0x0063, 0x0063, 0x0063, 0x0063, 0x0063, 0x0063, 0x0063,
  0x0063, 0x0063, 0x0063, 0x0063, 0x0063, 0x0063, 0x0063, 0x0063, 0x0042, 0x0002, 0x0022, 0x1926,
  0x4AED, 0x7453, 0x8D36, 0x9557, 0x8D36, 0x7CB4, 0x534F, 0x2189, 0x0085, 0x00A5, 0x00E6, 0x00C6,
  0x00C6, 0x00C6, 0x00C6, 0x00C6, 0x00E7, 0x00E7, 0x00E7, 0x00E7, 0x00E7, 0x00E7, 0x00A6, 0x0085,
  0x1989, 0x6390, 0x9D77, 0xBE3A, 0xC69B, 0xC67B, 0xADB8, 0x7C32, 0x3A09, 0x0883, 0x0001, 0x0002,
  0x0063, 0x0063, 0x0063, 0x0043, 0x0043, 0x0063, 0x0063, 0x0063, 0x0063, 0x0063, 0x0063, 0x0063,
  0x0063, 0x0063, 0x0063, 0x0063, 0x0063, 0x0063, 0x0063, 0x0063, 0x0063, 0x0063, 0x0043, 0x0063,
  0x0063, 0x0063, 0x0063, 0x0063, 0x0063, 0x0063, 0x0063, 0x0063, 0x0063, 0x0063, 0x0063, 0x0063,
  0x0063, 0x0063, 0x0063, 0x0063, 0x0063, 0x0063, 0x0063, 0x0063, 0x0063, 0x0063, 0x0063, 0x0063,
  0x0063, 0x0063, 0x0063, 0x0063, 0x0063, 0x0063, 0x0063, 0x0063, 0x0063, 0x0063, 0x0043, 0x0063,
  0x0063, 0x0063, 0x0063, 0x0063, 0x0063, 0x0063, 0x0063, 0x0063, 0x0043, 0x0043, 0x0063, 0x0063,
  0x0063, 0x0063, 0x0063, 0x0063, 0x0063, 0x0043, 0x0063, 0x0063, 0x0063, 0x0063, 0x0063, 0x0063,
  0x0063, 0x0063, 0x0063, 0x0063, 0x0063, 0x0063, 0x0063, 0x0063, 0x0063, 0x0063, 0x0043, 0x0043,
  0x0063, 0x0063, 0x0063, 0x0043, 0x0063, 0x0043, 0x0063, 0x0063, 0x0043, 0x0063, 0x0063, 0x0063,
  0x0063, 0x0043, 0x0043, 0x0043, 0x0063, 0x0063, 0x0063, 0x0043, 0x0063, 0x0063, 0x0063, 0x0063,
  0x0063, 0x0063, 0x0063, 0x0063, 0x0063, 0x0063, 0x0063, 0x0063, 0x0063, 0x0063, 0x0063, 0x0063,
  0x0063, 0x0063, 0x0063, 0x0043, 0x0063, 0x0063, 0x0043, 0x0022, 0x0001, 0x08A4, 0x320A, 0x63D1,
  0x84F5, 0x8D16, 0x8D36, 0x84F5, 0x6390, 0x1989, 0x0085, 0x00C6, 0x00E6, 0x00C6, 0x00C6, 0x00C6,
  0x00E7, 0x00E7, 0x00E7, 0x00E7, 0x00C7, 0x0085, 0x1989, 0x6BD1, 0xADB8, 0xBE5A, 0xBE7B, 0xB63A,
  0x94F5, 0x52ED, 0x1926, 0x0001, 0x0001, 0x0043, 0x0063, 0x0063, 0x0063, 0x0043, 0x0063, 0x0063,
  0x0063, 0x0043, 0x0063, 0x0063, 0x0063, 0x0063, 0x0063, 0x0063, 0x0063, 0x0063, 0x0063, 0x0063,
  0x0043, 0x0063, 0x0063, 0x0063, 0x0063, 0x0063, 0x0063, 0x0063, 0x0063, 0x0063, 0x0063, 0x0063,
  0x0063, 0x0063, 0x0063, 0x0063, 0x0063, 0x0063, 0x0063, 0x0063, 0x0063, 0x0063, 0x0063, 0x0063,
  0x0063, 0x0063, 0x0063, 0x0063, 0x0063, 0x0063, 0x0063, 0x0063, 0x0063, 0x0063, 0x0063, 0x0063,
  0x0063, 0x0063, 0x0063, 0x0063, 0x0063, 0x0063, 0x0063, 0x0063, 0x0063, 0x0063, 0x0063, 0x0063,
  0x0063, 0x0063, 0x0063, 0x0063, 0x0043, 0x0063, 0x0063, 0x0063, 0x0063, 0x0063, 0x0063, 0x0063,
  0x0063, 0x0043, 0x0063, 0x0063, 0x0063, 0x0063, 0x0063, 0x0063, 0x0063, 0x0063, 0x0063, 0x0063,
  0x0063, 0x0063, 0x0043, 0x0063, 0x0043, 0x0043, 0x0063, 0x0063, 0x0063, 0x0063, 0x0043, 0x0063,
  0x0043, 0x0043, 0x0063, 0x0063, 0x0063, 0x0063, 0x0063, 0x0063, 0x0063, 0x0063, 0x0063, 0x0063,
  0x0063, 0x0063, 0x0063, 0x0043, 0x0063, 0x0063, 0x0063, 0x0063, 0x0063, 0x0063, 0x0063, 0x0063,
  0x0063, 0x0063, 0x0063, 0x0063, 0x0063, 0x0063, 0x0063, 0x0063, 0x0063, 0x0063, 0x0063, 0x0063,
  0x0043, 0x0063, 0x0063, 0x0063, 0x0063, 0x0022, 0x0001, 0x0042, 0x2167, 0x5B6F, 0x84D5, 0x8D37,
  0x8D37, 0x84D5, 0x530F, 0x08E7, 0x0085, 0x00E6, 0x00C6, 0x00C6, 0x00E7, 0x00E7, 0x00E7, 0x00A6,
  0x00E6, 0x5B4F, 0xADB8, 0xBE5A, 0xBE7B, 0xB619, 0x8493, 0x3A09, 0x0863, 0x0001, 0x0022, 0x0063,
  0x0063, 0x0063, 0x0043, 0x0043, 0x0043, 0x0063, 0x0063, 0x0063, 0x0063, 0x0063, 0x0043, 0x0063,
  0x0063, 0x0063, 0x0063, 0x0063, 0x0063, 0x0063, 0x0063, 0x0063, 0x0063, 0x0063, 0x0063, 0x0063,
  0x0063, 0x0063, 0x0043, 0x0063, 0x0063, 0x0063, 0x0063, 0x0063, 0x0063, 0x0063, 0x0063, 0x0063,
  0x0063, 0x0063, 0x0063, 0x0063, 0x0063, 0x0063, 0x0063, 0x0063, 0x0063, 0x0063, 0x0063, 0x0063,
  0x0063, 0x0063, 0x0063, 0x0063, 0x0063, 0x0063, 0x0063, 0x0063, 0x0063, 0x0063, 0x0063, 0x0063,
  0x0063, 0x0063, 0x0063, 0x0063, 0x0063, 0x0063, 0x0063, 0x0063, 0x0063, 0x0063, 0x0063, 0x0063,
  0x0043, 0x0043, 0x0063, 0x0063, 0x0063, 0x0063, 0x0063, 0x0063, 0x0063, 0x0063, 0x0063, 0x0063,
  0x0063, 0x0063, 0x0063, 0x0063, 0x0063, 0x0063, 0x0063, 0x0063, 0x0063, 0x0063, 0x0063, 0x0063,
  0x0063, 0x0063, 0x0063, 0x0063, 0x0063, 0x0043, 0x0043, 0x0043, 0x0063, 0x0063, 0x0063, 0x0063,
  0x0063, 0x0063, 0x0063, 0x0063, 0x0063, 0x0063, 0x0063, 0x0063, 0x0043, 0x0063, 0x0063, 0x0063,
  0x0063, 0x0063, 0x0063, 0x0063, 0x0063, 0x0063, 0x0063, 0x0043, 0x0063, 0x0063, 0x0063, 0x0063,
  0x0063, 0x0063, 0x0063, 0x0063, 0x0063, 0x0063, 0x0063, 0x0063, 0x0063, 0x0043, 0x0063, 0x0063,
  0x0043, 0x0063, 0x0063, 0x0043, 0x0002, 0x0022, 0x2146, 0x5B6F, 0x84F6, 0x8D16, 0x8D36, 0x7453,
  0x2189, 0x0085, 0x00E6, 0x00C6, 0x00E7, 0x00E7, 0x0085, 0x21CA, 0x9515, 0xBE5A, 0xB63A, 0xB63A,
  0x8493, 0x31C9, 0x0022, 0x0001, 0x0043, 0x0063, 0x0063, 0x0063, 0x0043, 0x0063, 0x0043, 0x0063,
  0x0043, 0x0063, 0x0063, 0x0063, 0x0063, 0x0063, 0x0063, 0x0063, 0x0063, 0x0063, 0x0063, 0x0063,
  0x0043, 0x0063, 0x0063, 0x0063, 0x0063, 0x0063, 0x0063, 0x0063, 0x0063, 0x0043, 0x0043, 0x0063,
  0x0063, 0x0063, 0x0063, 0x0063, 0x0063, 0x0043, 0x0063, 0x0063, 0x0063, 0x0063, 0x0063, 0x0063,
  0x0063, 0x0063, 0x0063, 0x0063, 0x0063, 0x0043, 0x0063, 0x0063, 0x0063, 0x0063, 0x0063, 0x0063,
  0x0063, 0x0063, 0x0063, 0x0063, 0x0063, 0x0063, 0x0063, 0x0063, 0x0063, 0x0063, 0x0063, 0x0063,
  0x0063, 0x0063, 0x0063, 0x0063, 0x0063, 0x0063, 0x0063, 0x0043, 0x0063, 0x0063, 0x0063, 0x0063,
  0x0063, 0x0043, 0x0063, 0x0063, 0x0063, 0x0063, 0x0063, 0x0063, 0x0063, 0x0063, 0x0063, 0x0063,
  0x0063, 0x0063, 0x0063, 0x0063, 0x0063, 0x0063, 0x0063, 0x0063, 0x0063, 0x0063, 0x0063, 0x0063,
  0x0063, 0x0063, 0x0063, 0x0063, 0x0063, 0x0063, 0x0063, 0x0063, 0x0043, 0x0063, 0x0063, 0x0063,
  0x0063, 0x0063, 0x0063, 0x0063, 0x0063, 0x0063, 0x0063, 0x0063, 0x0063, 0x0063, 0x0063, 0x0063,
  0x0063, 0x0063, 0x0063, 0x0063, 0x0063, 0x0063, 0x0063, 0x0063, 0x0063, 0x0063, 0x0063, 0x0063,
  0x0063, 0x0063, 0x0063, 0x0063, 0x0063, 0x0063, 0x0063, 0x0063, 0x0063, 0x0043, 0x0063, 0x0063,
  0x0063, 0x0063, 0x0022, 0x0022, 0x29A8, 0x7432, 0x8D16, 0x8D16, 0x84D5, 0x322B, 0x0085, 0x00E6,
  0x0107, 0x0086, 0x3A6C, 0xADD9, 0xBE5A, 0xBE5A, 0x9D77, 0x424A, 0x0022, 0x0002, 0x0063, 0x0063,
  0x0063, 0x0043, 0x0043, 0x0063, 0x0063, 0x0063, 0x0063, 0x0043, 0x0043, 0x0063, 0x0063, 0x0063,
  0x0063, 0x0063, 0x0063, 0x0063, 0x0063, 0x0043, 0x0063, 0x0063, 0x0063, 0x0063, 0x0063, 0x0063,
  0x0063, 0x0063, 0x0063, 0x0043, 0x0063, 0x0063, 0x0043, 0x0063, 0x0043, 0x0063, 0x0063, 0x0063,
  0x0043, 0x0063, 0x0063, 0x0063, 0x0063, 0x0063, 0x0063, 0x0063, 0x0063, 0x0063, 0x0063, 0x0063,
  0x0063, 0x0063, 0x0063, 0x0043, 0x0063, 0x0063, 0x0063, 0x0063, 0x0063, 0x0063, 0x0063, 0x0063,
  0x0063, 0x0063, 0x0063, 0x0063, 0x0063, 0x0063, 0x0063, 0x0063, 0x0063, 0x0063, 0x0063, 0x0063,
  0x0063, 0x0063, 0x0063, 0x0063, 0x0043, 0x0063, 0x0063, 0x0063, 0x0063, 0x0063, 0x0063, 0x0063,
  0x0063, 0x0043, 0x0063, 0x0063, 0x0063, 0x0063, 0x0063, 0x0063, 0x0063, 0x0063, 0x0063, 0x0063,
  0x0063, 0x0063, 0x0063, 0x0063, 0x0043, 0x0063, 0x0063, 0x0063, 0x0043, 0x0063, 0x0063, 0x0063,
  0x0043, 0x0063, 0x0063, 0x0063, 0x0063, 0x0063, 0x0063, 0x0063, 0x0063, 0x0063, 0x0063, 0x0063,
  0x0063, 0x0043, 0x0043, 0x0063, 0x0063, 0x0063, 0x0063, 0x0063, 0x0063, 0x0063, 0x0063, 0x0063,
  0x0063, 0x0063, 0x0063, 0x0063, 0x0063, 0x0063, 0x0063, 0x0063, 0x0063, 0x0063, 0x0063, 0x0063,
  0x0063, 0x0063, 0x0063, 0x0063, 0x0063, 0x0063, 0x0043, 0x0063, 0x0063, 0x0043, 0x0063, 0x0063,
  0x0002, 0x0863, 0x4AED, 0x84D6, 0x84F6, 0x8D16, 0x428C, 0x00A6, 0x00C7, 0x42EE, 0xB619, 0xB63A,
  0xB63A, 0x73F1, 0x10C4, 0x0001, 0x0063, 0x0063, 0x0063, 0x0063, 0x0063, 0x0063, 0x0063, 0x0063,
  0x0063, 0x0063, 0x0063, 0x0063, 0x0063, 0x0063, 0x0063, 0x0063, 0x0063, 0x0043, 0x0043, 0x0063,
  0x0063, 0x0063, 0x0063, 0x0063, 0x0063, 0x0063, 0x0063, 0x0063, 0x0063, 0x0063, 0x0063, 0x0063,
  0x0043, 0x0063, 0x0063, 0x0043, 0x0063, 0x0063, 0x0063, 0x0063, 0x0063, 0x0063, 0x0063, 0x0063,
  0x0063, 0x0063, 0x0063, 0x0063, 0x0063, 0x0063, 0x0063, 0x0043, 0x0043, 0x0063, 0x0063, 0x0063,
  0x0063, 0x0063, 0x0063, 0x0063, 0x0063, 0x0063, 0x0043, 0x0063, 0x0063, 0x0063, 0x0063, 0x0063,
  0x0063, 0x0063, 0x0063, 0x0063, 0x0063, 0x0063, 0x0063, 0x0063, 0x0063, 0x0063, 0x0043, 0x0063,
  0x0063, 0x0063, 0x0063, 0x0043, 0x0063, 0x0063, 0x0063, 0x0043, 0x0063, 0x0063, 0x0063, 0x0063,
  0x0063, 0x0063, 0x0063, 0x0063, 0x0063, 0x0063, 0x0063, 0x0063, 0x0063, 0x0063, 0x0063, 0x0063,
  0x0063, 0x0063, 0x0063, 0x0063, 0x0063, 0x0063, 0x0063, 0x0063, 0x0063, 0x0063, 0x0063, 0x0063,
  0x0063, 0x0063, 0x0063, 0x0063, 0x0063, 0x0063, 0x0063, 0x0063, 0x0043, 0x0063, 0x0043, 0x0063,
  0x0063, 0x0063, 0x0063, 0x0063, 0x0063, 0x0063, 0x0063, 0x0063, 0x0063, 0x0063, 0x0063, 0x0063,
  0x0063, 0x0063, 0x0063, 0x0063, 0x0063, 0x0063, 0x0063, 0x0063, 0x0063, 0x0063, 0x0063, 0x0043,
  0x0063, 0x0063, 0x0063, 0x0063, 0x0043, 0x0063, 0x0063, 0x0063, 0x0063, 0x0042, 0x0001, 0x31C9,
  0x7CB5, 0x8D36, 0x8D16, 0x29EB, 0x324C, 0xB619, 0xBE3A, 0xADF9, 0x4A8B, 0x0001, 0x0022, 0x0063,
  0x0063, 0x0063, 0x0063, 0x0063, 0x0043, 0x0043, 0x0063, 0x0063, 0x0043, 0x0063, 0x0063, 0x0063,
  0x0063, 0x0063, 0x0063, 0x0063, 0x0063, 0x0063, 0x0063, 0x0063, 0x0043, 0x0063, 0x0063, 0x0063,
  0x0043, 0x0043, 0x0063, 0x0063, 0x0043, 0x0063, 0x0063, 0x0063, 0x0063, 0x0063, 0x0063, 0x0063,
  0x0063, 0x0063, 0x0063, 0x0063, 0x0063, 0x0063, 0x0063, 0x0063, 0x0063, 0x0063, 0x0063, 0x0063,
  0x0063, 0x0063, 0x0043, 0x0043, 0x0063, 0x0063, 0x0063, 0x0063, 0x0063, 0x0063, 0x0063, 0x0063,
  0x0063, 0x0063, 0x0063, 0x0063, 0x0043, 0x0043, 0x0063, 0x0063, 0x0063, 0x0063, 0x0063, 0x0063,
  0x0063, 0x0063, 0x0063, 0x0063, 0x0063, 0x0063, 0x0063, 0x0063, 0x0063, 0x0043, 0x0063, 0x0063,
  0x0063, 0x0043, 0x0063, 0x0063, 0x0063, 0x0063, 0x0063, 0x0063, 0x0063, 0x0063, 0x0043, 0x0063,
  0x0063, 0x0063, 0x0063, 0x0063, 0x0063, 0x0063, 0x0063, 0x0063, 0x0063, 0x0063, 0x0063, 0x0063,
  0x0063, 0x0063, 0x0063, 0x0063, 0x0063, 0x0063, 0x0063, 0x0063, 0x0063, 0x0063, 0x0063, 0x0063,
  0x0063, 0x0043, 0x0063, 0x0063, 0x0043, 0x0063, 0x0063, 0x0063, 0x0063, 0x0063, 0x0063, 0x0043,
  0x0063, 0x0063, 0x0063, 0x0063, 0x0063, 0x0063, 0x0063, 0x0063, 0x0063, 0x0063, 0x0063, 0x0063,
  0x0063, 0x0063, 0x0063, 0x0063, 0x0063, 0x0063, 0x0063, 0x0063, 0x0043, 0x0063, 0x0063, 0x0063,
  0x0063, 0x0063, 0x0063, 0x0063, 0x0063, 0x0063, 0x0063, 0x0001, 0x2146, 0x7C73, 0x8D16, 0x7CB4,
  0x9D77, 0xB63A, 0xA598, 0x31C8, 0x0001, 0x0063, 0x0063, 0x0063, 0x0063, 0x0063, 0x0063, 0x0063,
  0x0043, 0x0043, 0x0063, 0x0043, 0x0063, 0x0063, 0x0063, 0x0063, 0x0063, 0x0063, 0x0063, 0x0063,
  0x0063, 0x0063, 0x0063, 0x0063, 0x0063, 0x0063, 0x0063, 0x0063, 0x0063, 0x0063, 0x0063, 0x0063,
  0x0043, 0x0043, 0x0063, 0x0063, 0x0063, 0x0043, 0x0063, 0x0063, 0x0063, 0x0063, 0x0063, 0x0063,
  0x0063, 0x0063, 0x0063, 0x0063, 0x0063, 0x0063, 0x0063, 0x0063, 0x0063, 0x0063, 0x0043, 0x0063,
  0x0063, 0x0063, 0x0063, 0x0043, 0x0063, 0x0063, 0x0063, 0x0063, 0x0063, 0x0043, 0x0063, 0x0043,
  0x0063, 0x0063, 0x0063, 0x0063, 0x0063, 0x0063, 0x0063, 0x0063, 0x0063, 0x0063, 0x0063, 0x0063,
  0x0063, 0x0063, 0x0063, 0x0063, 0x0043, 0x0063, 0x0043, 0x0063, 0x0063, 0x0043, 0x0043, 0x0063,
  0x0043, 0x0043, 0x0063, 0x0063, 0x0043, 0x0063, 0x0043, 0x0063, 0x0063, 0x0063, 0x0063, 0x0043,
  0x0063, 0x0043, 0x0043, 0x0043, 0x0063, 0x0063, 0x0063, 0x0063, 0x0063, 0x0063, 0x0063, 0x0063,
  0x0063, 0x0063, 0x0063, 0x0063, 0x0063, 0x0043, 0x0063, 0x0063, 0x0063, 0x0063, 0x0063, 0x0063,
  0x0063, 0x0063, 0x0063, 0x0063, 0x0063, 0x0063, 0x0063, 0x0063, 0x0063, 0x0063, 0x0063, 0x0063,
  0x0063, 0x0063, 0x0063, 0x0063, 0x0063, 0x0063, 0x0063, 0x0063, 0x0063, 0x0063, 0x0063, 0x0063,
  0x0063, 0x0063, 0x0063, 0x0063, 0x0063, 0x0043, 0x0063, 0x0063, 0x0043, 0x0063, 0x0063, 0x0043,
  0x0063, 0x0063, 0x0063, 0x0063, 0x0002, 0x10E5, 0x7453, 0x9537, 0xB619, 0x9D77, 0x2146, 0x0001,
  0x0063, 0x0063, 0x0043, 0x0063, 0x0063, 0x0063, 0x0063, 0x0063, 0x0063, 0x0063, 0x0063, 0x0063,
  0x0043, 0x0063, 0x0063, 0x0043, 0x0063, 0x0063, 0x0063, 0x0063, 0x0063, 0x0063, 0x0063, 0x0063,
  0x0063, 0x0063, 0x0063, 0x0063, 0x0063, 0x0063, 0x0043, 0x0063, 0x0043, 0x0043, 0x0043, 0x0063,
  0x0063, 0x0063, 0x0063, 0x0043, 0x0063, 0x0063, 0x0063, 0x0063, 0x0063, 0x0063, 0x0063, 0x0063,
  0x0063, 0x0063, 0x0063, 0x0063, 0x0043, 0x0043, 0x0063, 0x0063, 0x0063, 0x0063, 0x0063, 0x0063,
  0x0063, 0x0063, 0x0063, 0x0063, 0x0063, 0x0063, 0x0063, 0x0043, 0x0063, 0x0063, 0x0063, 0x0063,
  0x0063, 0x0063, 0x0063, 0x0063, 0x0063, 0x0063, 0x0063, 0x0063, 0x0063, 0x0063, 0x0063, 0x0063,
  0x0043, 0x0043, 0x0063, 0x0063, 0x0063, 0x0043, 0x0063, 0x0063, 0x0063, 0x0063, 0x0063, 0x0063,
  0x0063, 0x0063, 0x0043, 0x0063, 0x0063, 0x0063, 0x0063, 0x0043, 0x0063, 0x0063, 0x0063, 0x0043,
  0x0063, 0x0043, 0x0043, 0x0063, 0x0063, 0x0063, 0x0063, 0x0063, 0x0063, 0x0063, 0x0063, 0x0063,
  0x0063, 0x0063, 0x0063, 0x0063, 0x0063, 0x0063, 0x0063, 0x0063, 0x0063, 0x0063, 0x0063, 0x0063,
  0x0063, 0x0063, 0x0063, 0x0063, 0x0063, 0x0063, 0x0063, 0x0063, 0x0063, 0x0063, 0x0063, 0x0063,
  0x0063, 0x0063, 0x0063, 0x0063, 0x0063, 0x0063, 0x0063, 0x0063, 0x0043, 0x0063, 0x0063, 0x0063,
  0x0063, 0x0063, 0x0063, 0x0063, 0x0063, 0x0063, 0x0063, 0x0063, 0x0063, 0x0063, 0x0043, 0x0063,
  0x0063, 0x0002, 0x1905, 0x84D5, 0x9D97, 0x2167, 0x0001, 0x0063, 0x0063, 0x0063, 0x0063, 0x0063,
  0x0063, 0x0063, 0x0063, 0x0063, 0x0063, 0x0043, 0x0063, 0x0063, 0x0043, 0x0063, 0x0063, 0x0063,
  0x0063, 0x0063, 0x0063, 0x0063, 0x0063, 0x0043, 0x0063, 0x0063, 0x0043, 0x0063, 0x0063, 0x0043,
  0x0063, 0x0063, 0x0063, 0x0063, 0x0063, 0x0063, 0x0063, 0x0063, 0x0043, 0x0063, 0x0063, 0x0063,
  0x0063, 0x0063, 0x0063, 0x0063, 0x0063, 0x0063, 0x0063, 0x0063, 0x0063, 0x0063, 0x0063, 0x0063,
  0x0063, 0x0063, 0x0063, 0x0063, 0x0063, 0x0063, 0x0063, 0x0063, 0x0063, 0x0063, 0x0063, 0x0063,
  0x0063, 0x0063, 0x0063, 0x0063, 0x0063, 0x0063, 0x0063, 0x0063, 0x0063, 0x0063, 0x0063, 0x0063,
  0x0063, 0x0063, 0x0063, 0x0063, 0x0063, 0x0063, 0x0063, 0x0063, 0x0043, 0x0043, 0x0043, 0x0063,
  0x0063, 0x0063, 0x0063, 0x0043, 0x0063, 0x0063, 0x0043, 0x0063, 0x0063, 0x0063, 0x0063, 0x0043,
  0x0063, 0x0063, 0x0043, 0x0063, 0x0063, 0x0063, 0x0063, 0x0063, 0x0063, 0x0063, 0x0043, 0x0063,
  0x0063, 0x0043, 0x0063, 0x0043, 0x0063, 0x0063, 0x0063, 0x0063, 0x0063, 0x0063, 0x0063, 0x0063,
  0x0043, 0x0063, 0x0063, 0x0063, 0x0063, 0x0063, 0x0063, 0x0063, 0x0063, 0x0063, 0x0063, 0x0063,
  0x0063, 0x0063, 0x0063, 0x0063, 0x0063, 0x0063, 0x0063, 0x0063, 0x0063, 0x0063, 0x0063, 0x0063,
  0x0063, 0x0063, 0x0063, 0x0063, 0x0063, 0x0063, 0x0063, 0x0063, 0x0063, 0x0063, 0x0063, 0x0063,
  0x0063, 0x0063, 0x0063, 0x0063, 0x0063, 0x0043, 0x0063, 0x0063, 0x0043, 0x0063, 0x0001, 0x29A8,
  0x31E9, 0x0001, 0x0063, 0x0043, 0x0043, 0x0043, 0x0063, 0x0063, 0x0043, 0x0043, 0x0063, 0x0063,
  0x0063, 0x0063, 0x0043, 0x0063, 0x0043, 0x0063, 0x0063, 0x0063, 0x0063, 0x0063, 0x0063, 0x0063,
  0x0063, 0x0063, 0x0063, 0x0063, 0x0063, 0x0063, 0x0043, 0x0063, 0x0063, 0x0063, 0x0063, 0x0063,
  0x0063, 0x0063, 0x0063, 0x0063, 0x0043, 0x0063, 0x0063, 0x0063, 0x0063, 0x0063, 0x0063, 0x0063,
  0x0063, 0x0063, 0x0063, 0x0063, 0x0063, 0x0063, 0x0063, 0x0063, 0x0063, 0x0063, 0x0043, 0x0063,
  0x0063, 0x0063, 0x0063, 0x0063, 0x0063, 0x0063, 0x0063, 0x0063, 0x0063, 0x0063, 0x0043, 0x0043,
  0x0043, 0x0063, 0x0063, 0x0043, 0x0063, 0x0043, 0x0063, 0x0063, 0x0063, 0x0063, 0x0063, 0x0063,
  0x0063, 0x0063, 0x0063, 0x0063, 0x0043, 0x0063, 0x0063, 0x0043, 0x0063, 0x0043, 0x0043, 0x0043,
  0x0043, 0x0043, 0x0063, 0x0063, 0x0063, 0x0063, 0x0063, 0x0043, 0x0043, 0x0043, 0x0063, 0x0043,
  0x0063, 0x0063, 0x0063, 0x0063, 0x0063, 0x0063, 0x0063, 0x0043, 0x0063, 0x0063, 0x0063, 0x0063,
  0x0063, 0x0063, 0x0063, 0x0063, 0x0063, 0x0063, 0x0063, 0x0063, 0x0063, 0x0063, 0x0063, 0x0063,
  0x0063, 0x0063, 0x0063, 0x0063, 0x0063, 0x0063, 0x0063, 0x0063, 0x0043, 0x0043, 0x0063, 0x0043,
  0x0063, 0x0063, 0x0063, 0x0063, 0x0063, 0x0063, 0x0063, 0x0063, 0x0063, 0x0063, 0x0063, 0x0063,
  0x0063, 0x0063, 0x0063, 0x0063, 0x0063, 0x0063, 0x0063, 0x0063, 0x0063, 0x0063, 0x0063, 0x0063,
  0x0063, 0x0063, 0x0063, 0x0063, 0x0063, 0x0043, 0x0063, 0x0022, 0x0022, 0x0063, 0x0043, 0x0043,
  0x0063, 0x0063, 0x0063, 0x0063, 0x0063, 0x0043, 0x0063, 0x0063, 0x0063, 0x0063, 0x0043, 0x0063,
  0x0063, 0x0063, 0x0063, 0x0063, 0x0063, 0x0063, 0x0063, 0x0063, 0x0063, 0x0063, 0x0063, 0x0043,
  0x0063, 0x0063, 0x0063, 0x0063, 0x0063, 0x0043, 0x0063, 0x0043, 0x0043, 0x0043, 0x0063, 0x0063,
  0x0063, 0x0063, 0x0063, 0x0063, 0x0063, 0x0063, 0x0063, 0x0063, 0x0063, 0x0063, 0x0063, 0x0063,
  0x0063, 0x0063, 0x0063, 0x0063, 0x0063, 0x0043, 0x0063, 0x0063, 0x0063, 0x0063, 0x0043, 0x0063,
  0x0063, 0x0063, 0x0063, 0x0063, 0x0063, 0x0063, 0x0063, 0x0063, 0x0043, 0x0043, 0x0063, 0x0043,
  0x0063, 0x0063, 0x0043, 0x0063, 0x0063, 0x0063, 0x0063, 0x0063, 0x0063, 0x0063, 0x0043, 0x0063,
  0x0043, 0x0063, 0x0063, 0x0063, 0x0063, 0x0043, 0x0063, 0x0063, 0x0043, 0x0063, 0x0063, 0x0063,
  0x0063, 0x0063, 0x0063, 0x0063, 0x0063, 0x0063, 0x0063, 0x0063, 0x0063, 0x0063, 0x0063, 0x0043,
  0x0063, 0x0043, 0x0063, 0x0063, 0x0063, 0x0063, 0x0063, 0x0063, 0x0043, 0x0063, 0x0063, 0x0063,
  0x0063, 0x0063, 0x0063, 0x0063, 0x0063, 0x0063, 0x0063, 0x0063, 0x0063, 0x0063, 0x0063, 0x0063,
  0x0063, 0x0063, 0x0063, 0x0063, 0x0063, 0x0063, 0x0043, 0x0063, 0x0043, 0x0063, 0x0063, 0x0063,
  0x0063, 0x0063, 0x0063, 0x0063, 0x0063, 0x0063, 0x0063, 0x0063, 0x0063, 0x0063, 0x0063, 0x0063,
  0x0063, 0x0063, 0x0063, 0x0063, 0x0063, 0x0063, 0x0063, 0x0063, 0x0063, 0x0063, 0x0063, 0x0043,
  0x0063, 0x0043, 0x0043, 0x0063, 0x0063, 0x0043, 0x0063, 0x0043, 0x0043, 0x0043, 0x0063, 0x0063,
  0x0063, 0x0063, 0x0063, 0x0063, 0x0043, 0x0063, 0x0063, 0x0063, 0x0063, 0x0063, 0x0063, 0x0063,
  0x0063, 0x0063, 0x0063, 0x0063, 0x0043, 0x0063, 0x0063, 0x0063, 0x0063, 0x0063, 0x0063, 0x0063,
  0x0063, 0x0063, 0x0063, 0x0063, 0x0043, 0x0063, 0x0063, 0x0063, 0x0063, 0x0063, 0x0063, 0x0063,
  0x0063, 0x0063, 0x0063, 0x0063, 0x0063, 0x0063, 0x0063, 0x0063, 0x0063, 0x0063, 0x0063, 0x0043,
  0x0063, 0x0063, 0x0063, 0x0063, 0x0043, 0x0063, 0x0063, 0x0043, 0x0063, 0x0063, 0x0063, 0x0043,
  0x0063, 0x0063, 0x0063, 0x0043, 0x0063, 0x0063, 0x0043, 0x0043, 0x0043, 0x0063, 0x0063, 0x0063,
  0x0063, 0x0063, 0x0063, 0x0063, 0x0063, 0x0063, 0x0063, 0x0063, 0x0043, 0x0043, 0x0063, 0x0063,
  0x0043, 0x0063, 0x0043, 0x0043, 0x0043, 0x0043, 0x0063, 0x0063, 0x0063, 0x0063, 0x0063, 0x0063,
  0x0063, 0x0063, 0x0063, 0x0043, 0x0063, 0x0043, 0x0063, 0x0063, 0x0063, 0x0063, 0x0063, 0x0043,
  0x0063, 0x0063, 0x0063, 0x0063, 0x0063, 0x0043, 0x0063, 0x0063, 0x0063, 0x0063, 0x0063, 0x0063,
  0x0063, 0x0063, 0x0063, 0x0063, 0x0063, 0x0063, 0x0063, 0x0063, 0x0043, 0x0063, 0x0063, 0x0063,
  0x0063, 0x0063, 0x0063, 0x0063, 0x0063, 0x0063, 0x0063, 0x0063, 0x0063, 0x0063, 0x0063, 0x0063,
  0x0063, 0x0063, 0x0063, 0x0063, 0x0063, 0x0063, 0x0063, 0x0063, 0x0063, 0x0063, 0x0063, 0x0063,
  0x0063, 0x0063, 0x0063, 0x0063, 0x0063, 0x0043, 0x0063, 0x0063, 0x0043, 0x0063, 0x0043, 0x0063,
  0x0043, 0x0063, 0x0043, 0x0043, 0x0063, 0x0063, 0x0063, 0x0063, 0x0063, 0x0063, 0x0063, 0x0063,
  0x0063, 0x0063, 0x0063, 0x0063, 0x0063, 0x0063, 0x0063, 0x0063, 0x0063, 0x0063, 0x0063, 0x0063,
  0x0063, 0x0063, 0x0063, 0x0063, 0x0063, 0x0063, 0x0063, 0x0063, 0x0063, 0x0063, 0x0063, 0x0063,
  0x0043, 0x0063, 0x0063, 0x0043, 0x0063, 0x0063, 0x0063, 0x0063, 0x0063, 0x0063, 0x0063, 0x0063,
  0x0063, 0x0063, 0x0063, 0x0063, 0x0063, 0x0063, 0x0063, 0x0063, 0x0063, 0x0063, 0x0063, 0x0063,
  0x0063, 0x0063, 0x0063, 0x0063, 0x0063, 0x0063, 0x0043, 0x0063, 0x0063, 0x0043, 0x0063, 0x0063,
  0x0063, 0x0063, 0x0063, 0x0043, 0x0063, 0x0063, 0x0063, 0x0063, 0x0063, 0x0063, 0x0063, 0x0063,
  0x0063, 0x0063, 0x0063, 0x0063, 0x0043, 0x0063, 0x0043, 0x0063, 0x0043, 0x0063, 0x0043, 0x0063,
  0x0063, 0x0063, 0x0063, 0x0043, 0x0063, 0x0063, 0x0063, 0x0063, 0x0063, 0x0063, 0x0063, 0x0063,
  0x0063, 0x0063, 0x0063, 0x0063, 0x0063, 0x0063, 0x0063, 0x0043, 0x0063, 0x0043, 0x0043, 0x0063,
  0x0043, 0x0043, 0x0063, 0x0063, 0x0043, 0x0063, 0x0063, 0x0063, 0x0043, 0x0063, 0x0063, 0x0063,
  0x0063, 0x0063, 0x0043, 0x0063, 0x0043, 0x0043, 0x0063, 0x0043, 0x0063, 0x0043, 0x0063, 0x0063,
  0x0063, 0x0043, 0x0063, 0x0063, 0x0063, 0x0063, 0x0063, 0x0063, 0x0063, 0x0063, 0x0063, 0x0063,
  0x0063, 0x0063, 0x0063, 0x0063, 0x0063, 0x0063, 0x0063, 0x0063, 0x0063, 0x0063, 0x0043, 0x0043,
  0x0063, 0x0063, 0x0063, 0x0063, 0x0063, 0x0063, 0x0043, 0x0063, 0x0063, 0x0063, 0x0063, 0x0063,
  0x0063, 0x0043, 0x0043, 0x0063, 0x0063, 0x0063, 0x0063, 0x0063, 0x0063, 0x0063, 0x0063, 0x0063,
  0x0063, 0x0063, 0x0063, 0x0063, 0x0063, 0x0063, 0x0063, 0x0063, 0x0063, 0x0063, 0x0063, 0x0063,
  0x0063, 0x0063, 0x0063, 0x0063, 0x0063, 0x0063, 0x0063, 0x0043, 0x0063, 0x0063, 0x0063, 0x0063,
  0x0043, 0x0063, 0x0043, 0x0063, 0x0063, 0x0063, 0x0063, 0x0063, 0x0063, 0x0063, 0x0063, 0x0063,
  0x0063, 0x0063, 0x0063, 0x0063, 0x0063, 0x0063, 0x0063, 0x0063, 0x0063, 0x0063, 0x0063, 0x0063,
  0x0063, 0x0043, 0x0063, 0x0063, 0x0063, 0x0063, 0x0043, 0x0063, 0x0063, 0x0063, 0x0063, 0x0063,
  0x0063, 0x0063, 0x0063, 0x0063, 0x0063, 0x0063, 0x0063, 0x0063, 0x0063, 0x0063, 0x0043, 0x0063,
  0x0043, 0x0063, 0x0063, 0x0063, 0x0063, 0x0063, 0x0063, 0x0043, 0x0063, 0x0043, 0x0063, 0x0063,
  0x0063, 0x0063, 0x0063, 0x0063, 0x0063, 0x0063, 0x0063, 0x0063, 0x0063, 0x0063, 0x0063, 0x0063,
  0x0063, 0x0063, 0x0063, 0x0063, 0x0063, 0x0063, 0x0063, 0x0063, 0x0063, 0x0063, 0x0063, 0x0063,
  0x0063, 0x0063, 0x0063, 0x0063, 0x0063, 0x0043, 0x0063, 0x0063, 0x0063, 0x0063, 0x0063, 0x0063,
  0x0063, 0x0063, 0x0043, 0x0043, 0x0063, 0x0063, 0x0063, 0x0063, 0x0063, 0x0063, 0x0063, 0x0063,
  0x0063, 0x0063, 0x0063, 0x0063, 0x0063, 0x0063, 0x0063, 0x0063, 0x0063, 0x0063, 0x0063, 0x0063,
  0x0063, 0x0063, 0x0063, 0x0063, 0x0063, 0x0063, 0x0063, 0x0063, 0x0043, 0x0043, 0x0063, 0x0043,
  0x0043, 0x0063, 0x0063, 0x0063, 0x0063, 0x0063, 0x0043, 0x0043, 0x0043, 0x0063, 0x0043, 0x0063,
  0x0063, 0x0063, 0x0063, 0x0063, 0x0063, 0x0063, 0x0063, 0x0063, 0x0063, 0x0063, 0x0063, 0x0063,
  0x0063, 0x0063, 0x0063, 0x0063, 0x0063, 0x0063, 0x0063, 0x0063, 0x0063, 0x0063, 0x0063, 0x0063,
  0x0063, 0x0063, 0x0063, 0x0063, 0x0063, 0x0063, 0x0063, 0x0063, 0x0063, 0x0063, 0x0063, 0x0063,
  0x0063, 0x0063, 0x0063, 0x0063, 0x0063, 0x0063, 0x0063, 0x0063, 0x0063, 0x0063, 0x0063, 0x0063,
  0x0063, 0x0063, 0x0063, 0x0063, 0x0063, 0x0063, 0x0063, 0x0063, 0x0063, 0x0043, 0x0063, 0x0063,
  0x0063, 0x0063, 0x0063, 0x0043, 0x0063, 0x0063, 0x0043, 0x0063, 0x0063, 0x0063, 0x0063, 0x0063,
  0x0043, 0x0063, 0x0063, 0x0063, 0x0043, 0x0063, 0x0063, 0x0063, 0x0043, 0x0043, 0x0063, 0x0043,
  0x0043, 0x0063, 0x0063, 0x0043, 0x0063, 0x0063, 0x0063, 0x0063, 0x0063, 0x0063, 0x0063, 0x0063,
  0x0063, 0x0063, 0x0043, 0x0063, 0x0063, 0x0063, 0x0063, 0x0063, 0x0063, 0x0063, 0x0063, 0x0063,
  0x0063, 0x0063, 0x0063, 0x0063, 0x0043, 0x0063, 0x0063, 0x0063, 0x0063, 0x0043, 0x0063, 0x0063,
  0x0063, 0x0063, 0x0063, 0x0063, 0x0063, 0x0063, 0x0063, 0x0063, 0x0063, 0x0063, 0x0063, 0x0063,
  0x0063, 0x0063, 0x0043, 0x0063, 0x0063, 0x0063, 0x0063, 0x0063, 0x0063, 0x0063, 0x0063, 0x0063,
  0x0063, 0x0063, 0x0063, 0x0063, 0x0063, 0x0063, 0x0063, 0x0063, 0x0063, 0x0063, 0x0063, 0x0063,
  0x0063, 0x0043, 0x0043, 0x0063, 0x0043, 0x0043, 0x0043, 0x0043, 0x0063, 0x0063, 0x0043, 0x0043,
  0x0043, 0x0043, 0x0063, 0x0063, 0x0063, 0x0063, 0x0063, 0x0063, 0x0063, 0x0063, 0x0063, 0x0063,
  0x0063, 0x0063, 0x0063, 0x0043, 0x0063, 0x0063, 0x0063, 0x0063, 0x0043, 0x0063, 0x0063, 0x0063,
  0x0063, 0x0063, 0x0063, 0x0063, 0x0063, 0x0063, 0x0063, 0x0063, 0x0063, 0x0063, 0x0063, 0x0063,
  0x0063, 0x0063, 0x0063, 0x0063, 0x0063, 0x0063, 0x0063, 0x0063, 0x0063, 0x0063, 0x0063, 0x0063,
  0x0063, 0x0063, 0x0063, 0x0063, 0x0063, 0x0063, 0x0063, 0x0063, 0x0063, 0x0063, 0x0063, 0x0063,
  0x0063, 0x0063, 0x0063, 0x0063, 0x0063, 0x0063, 0x0063, 0x0063, 0x0043, 0x0063, 0x0063, 0x0063,
  0x0063, 0x0063, 0x0063, 0x0063, 0x0063, 0x0063, 0x0063, 0x0063, 0x0043, 0x0063, 0x0043, 0x0063,
  0x0043, 0x0063, 0x0063, 0x0043, 0x0043, 0x0063, 0x0043, 0x0063, 0x0043, 0x0043, 0x0043, 0x0063,
  0x0063, 0x0043, 0x0063, 0x0063, 0x0063, 0x0063, 0x0063, 0x0063, 0x0063, 0x0063, 0x0063, 0x0063,
  0x0063, 0x0063, 0x0063, 0x0063, 0x0063, 0x0063, 0x0063, 0x0063, 0x0063, 0x0063, 0x0063, 0x0063,
  0x0063, 0x0063, 0x0063, 0x0063, 0x0063, 0x0063, 0x0063, 0x0063, 0x0063, 0x0063, 0x0063, 0x0043,
  0x0063, 0x0063, 0x0063, 0x0063, 0x0063, 0x0063, 0x0043, 0x0043, 0x0063, 0x0063, 0x0063, 0x0063,
  0x0063, 0x0063, 0x0063, 0x0063, 0x0063, 0x0063, 0x0063, 0x0063, 0x0063, 0x0063, 0x0063, 0x0063,
  0x0063, 0x0063, 0x0063, 0x0043, 0x0063, 0x0063, 0x0063, 0x0063, 0x0043, 0x0063, 0x0063, 0x0043,
  0x0063, 0x0063, 0x0063, 0x0063, 0x0063, 0x0063, 0x0063, 0x0063, 0x0063, 0x0063, 0x0043, 0x0043,
  0x0063, 0x0063, 0x0063, 0x0063, 0x0063, 0x0063, 0x0063, 0x0063, 0x0043, 0x0063, 0x0063, 0x0063,
  0x0063, 0x0063, 0x0063, 0x0063, 0x0063, 0x0063, 0x0063, 0x0063, 0x0063, 0x0063, 0x0043, 0x0063,
  0x0063, 0x0063, 0x0063, 0x0063, 0x0063, 0x0063, 0x0063, 0x0063, 0x0063, 0x0063, 0x0063, 0x0063,
  0x0063, 0x0063, 0x0063, 0x0063, 0x0063, 0x0063, 0x0063, 0x0063, 0x0063, 0x0063, 0x0063, 0x0063,
  0x0063, 0x0063, 0x0063, 0x0063, 0x0063, 0x0063, 0x0063, 0x0063, 0x0063, 0x0063, 0x0063, 0x0063,
  0x0063, 0x0063, 0x0063, 0x0063, 0x0063, 0x0063, 0x0063, 0x0043, 0x0063, 0x0063, 0x0063, 0x0063,
  0x0043, 0x0063, 0x0043, 0x0043, 0x0043, 0x0063, 0x0063, 0x0063, 0x0063, 0x0043, 0x0043, 0x0063,
  0x0043, 0x0043, 0x0063, 0x0063, 0x0063, 0x0043, 0x0063, 0x0063, 0x0063, 0x0043, 0x0063, 0x0063,
  0x0063, 0x0063, 0x0043, 0x0063, 0x0063, 0x0063, 0x0063, 0x0063, 0x0063, 0x0063, 0x0063, 0x0063,
  0x0063, 0x0063, 0x0063, 0x0043, 0x0063, 0x0063, 0x0063, 0x0063, 0x0063, 0x0063, 0x0063, 0x0063,
  0x0063, 0x0063, 0x0063, 0x0063, 0x0063, 0x0063, 0x0043, 0x0043, 0x0063, 0x0043, 0x0063, 0x0063,
  0x0063, 0x0063, 0x0043, 0x0063, 0x0063, 0x0043, 0x0063, 0x0063, 0x0063, 0x0043, 0x0063, 0x0063,
  0x0063, 0x0063, 0x0063, 0x0043, 0x0063, 0x0063, 0x0063, 0x0063, 0x0063, 0x0063, 0x0043, 0x0063,
  0x0063, 0x0043, 0x0043, 0x0043, 0x0063, 0x0063, 0x0043, 0x0063, 0x0043, 0x0063, 0x0063, 0x0063,
  0x0063, 0x0043, 0x0063, 0x0063, 0x0063, 0x0043, 0x0063, 0x0043, 0x0063, 0x0063, 0x0063, 0x0063,
  0x0063, 0x0063, 0x0063, 0x0063, 0x0043, 0x0043, 0x0063, 0x0063, 0x0043, 0x0063, 0x0063, 0x0063,
  0x0063, 0x0063, 0x0063, 0x0063, 0x0063, 0x0063, 0x0063, 0x0063, 0x0063, 0x0063, 0x0063, 0x0063,
  0x0063, 0x0063, 0x0063, 0x0063, 0x0063, 0x0063, 0x0063, 0x0063, 0x0063, 0x0063, 0x0063, 0x0063,
  0x0063, 0x0063, 0x0063, 0x0063, 0x0063, 0x0063, 0x0063, 0x0063, 0x0063, 0x0063, 0x0063, 0x0063,
  0x0063, 0x0063, 0x0063, 0x0063, 0x0063, 0x0063, 0x0063, 0x0063, 0x0063, 0x0063, 0x0063, 0x0063,
  0x0043, 0x0063, 0x0063, 0x0063, 0x0063, 0x0063, 0x0063, 0x0063, 0x0063, 0x0063, 0x0063, 0x0063,
  0x0043, 0x0043, 0x0063, 0x0043, 0x0043, 0x0063, 0x0043, 0x0043, 0x0043, 0x0043, 0x0043, 0x0043,
  0x0043, 0x0043, 0x0043, 0x0043, 0x0043, 0x0063, 0x0043, 0x0063, 0x0043, 0x0043, 0x0043, 0x0043,
  0x0043, 0x0043, 0x0043, 0x0043, 0x0043, 0x0043, 0x0063, 0x0063, 0x0043, 0x0063, 0x0063, 0x0043,
  0x0043, 0x0043, 0x0043, 0x0043, 0x0063, 0x0043, 0x0043, 0x0043, 0x0063, 0x0043, 0x0043, 0x0063,
  0x0043, 0x0063, 0x0063, 0x0043, 0x0063, 0x0043, 0x0043, 0x0043, 0x0043, 0x0043, 0x0043, 0x0043,
  0x0043, 0x0063, 0x0063, 0x0063, 0x0043, 0x0043, 0x0043, 0x0043, 0x0063, 0x0043, 0x0043, 0x0063,
  0x0043, 0x0063, 0x0043, 0x0063, 0x0063, 0x0063, 0x0063, 0x0043, 0x0043, 0x0043, 0x0043, 0x0043,
  0x0043, 0x0043, 0x0043, 0x0043, 0x0043, 0x0043, 0x0043, 0x0063, 0x0063, 0x0043, 0x0043, 0x0063,
  0x0043, 0x0063, 0x0063, 0x0043, 0x0043, 0x0063, 0x0063, 0x0043, 0x0043, 0x0043, 0x0043, 0x0043,
  0x0043, 0x0043, 0x0043, 0x0043, 0x0043, 0x0043, 0x0043, 0x0043, 0x0043, 0x0043, 0x0043, 0x0043,
  0x0043, 0x0043, 0x0043, 0x0063, 0x0043, 0x0063, 0x0063, 0x0063, 0x0063, 0x0043, 0x0063, 0x0043,
  0x0063, 0x0063, 0x0043, 0x0063, 0x0063, 0x0063, 0x0043, 0x0043, 0x0063, 0x0043, 0x0043, 0x0043,
  0x0043, 0x0063, 0x0063, 0x0043, 0x0063, 0x0063, 0x0043, 0x0063, 0x0063, 0x0063, 0x0043, 0x0063,
  0x0063, 0x0043, 0x0063, 0x0043, 0x0063, 0x0043, 0x0043, 0x0043, 0x0063, 0x0043, 0x0043, 0x0043,
  0x0043, 0x0043, 0x0043, 0x0043, 0x0043, 0x0043, 0x0043, 0x0043, 0x0043, 0x0043, 0x0043, 0x0043,
  0x0043, 0x0043, 0x0043, 0x0043, 
};
